  0
SECTION
  2
HEADER
  9
$ACADVER
  1
AC1021
  9
$ACADMAINTVER
 70
    50
  9
$DWGCODEPAGE
  3
ANSI_936
  9
$LASTSAVEDBY
  1
win10
  9
$INSBASE
 10
0.0
 20
0.0
 30
0.0
  9
$EXTMIN
 10
-3.083330976318947
 20
-68.55251785135624
 30
0.0
  9
$EXTMAX
 10
243.0101934157901
 20
119.8244141966261
 30
0.0
  9
$LIMMIN
 10
0.0
 20
0.0
  9
$LIMMAX
 10
420.0
 20
297.0
  9
$ORTHOMODE
 70
     0
  9
$REGENMODE
 70
     1
  9
$FILLMODE
 70
     1
  9
$QTEXTMODE
 70
     0
  9
$MIRRTEXT
 70
     0
  9
$LTSCALE
 40
1.0
  9
$ATTMODE
 70
     1
  9
$TEXTSIZE
 40
2.5
  9
$TRACEWID
 40
1.0
  9
$TEXTSTYLE
  7
Standard
  9
$CLAYER
  8
0
  9
$CELTYPE
  6
ByLayer
  9
$CECOLOR
 62
   256
  9
$CELTSCALE
 40
1.0
  9
$DISPSILH
 70
     0
  9
$DIMSCALE
 40
1.0
  9
$DIMASZ
 40
2.5
  9
$DIMEXO
 40
0.625
  9
$DIMDLI
 40
3.75
  9
$DIMRND
 40
0.0
  9
$DIMDLE
 40
0.0
  9
$DIMEXE
 40
1.25
  9
$DIMTP
 40
0.0
  9
$DIMTM
 40
0.0
  9
$DIMTXT
 40
2.5
  9
$DIMCEN
 40
2.5
  9
$DIMTSZ
 40
0.0
  9
$DIMTOL
 70
     0
  9
$DIMLIM
 70
     0
  9
$DIMTIH
 70
     0
  9
$DIMTOH
 70
     0
  9
$DIMSE1
 70
     0
  9
$DIMSE2
 70
     0
  9
$DIMTAD
 70
     1
  9
$DIMZIN
 70
     8
  9
$DIMBLK
  1

  9
$DIMASO
 70
     1
  9
$DIMSHO
 70
     1
  9
$DIMPOST
  1

  9
$DIMAPOST
  1

  9
$DIMALT
 70
     0
  9
$DIMALTD
 70
     3
  9
$DIMALTF
 40
0.03937007874016
  9
$DIMLFAC
 40
1.0
  9
$DIMTOFL
 70
     1
  9
$DIMTVP
 40
0.0
  9
$DIMTIX
 70
     0
  9
$DIMSOXD
 70
     0
  9
$DIMSAH
 70
     0
  9
$DIMBLK1
  1

  9
$DIMBLK2
  1

  9
$DIMSTYLE
  2
ISO-25
  9
$DIMCLRD
 70
     0
  9
$DIMCLRE
 70
     0
  9
$DIMCLRT
 70
     0
  9
$DIMTFAC
 40
1.0
  9
$DIMGAP
 40
0.625
  9
$DIMJUST
 70
     0
  9
$DIMSD1
 70
     0
  9
$DIMSD2
 70
     0
  9
$DIMTOLJ
 70
     0
  9
$DIMTZIN
 70
     8
  9
$DIMALTZ
 70
     0
  9
$DIMALTTZ
 70
     0
  9
$DIMUPT
 70
     0
  9
$DIMDEC
 70
     2
  9
$DIMTDEC
 70
     2
  9
$DIMALTU
 70
     2
  9
$DIMALTTD
 70
     3
  9
$DIMTXSTY
  7
Standard
  9
$DIMAUNIT
 70
     0
  9
$DIMADEC
 70
     0
  9
$DIMALTRND
 40
0.0
  9
$DIMAZIN
 70
     0
  9
$DIMDSEP
 70
    44
  9
$DIMATFIT
 70
     3
  9
$DIMFRAC
 70
     0
  9
$DIMLDRBLK
  1

  9
$DIMLUNIT
 70
     2
  9
$DIMLWD
 70
    -2
  9
$DIMLWE
 70
    -2
  9
$DIMTMOVE
 70
     0
  9
$DIMFXL
 40
1.0
  9
$DIMFXLON
 70
     0
  9
$DIMJOGANG
 40
0.7853981633974483
  9
$DIMTFILL
 70
     0
  9
$DIMTFILLCLR
 70
     0
  9
$DIMARCSYM
 70
     0
  9
$DIMLTYPE
  6

  9
$DIMLTEX1
  6

  9
$DIMLTEX2
  6

  9
$LUNITS
 70
     2
  9
$LUPREC
 70
     4
  9
$SKETCHINC
 40
1.0
  9
$FILLETRAD
 40
0.0
  9
$AUNITS
 70
     0
  9
$AUPREC
 70
     0
  9
$MENU
  1
.
  9
$ELEVATION
 40
0.0
  9
$PELEVATION
 40
0.0
  9
$THICKNESS
 40
0.0
  9
$LIMCHECK
 70
     0
  9
$CHAMFERA
 40
0.0
  9
$CHAMFERB
 40
0.0
  9
$CHAMFERC
 40
0.0
  9
$CHAMFERD
 40
0.0
  9
$SKPOLY
 70
     0
  9
$TDCREATE
 40
2458590.383113426
  9
$TDUCREATE
 40
2458590.049780092
  9
$TDUPDATE
 40
2458590.384224537
  9
$TDUUPDATE
 40
2458590.050891204
  9
$TDINDWG
 40
0.0011111111
  9
$TDUSRTIMER
 40
0.0011111111
  9
$USRTIMER
 70
     1
  9
$ANGBASE
 50
0.0
  9
$ANGDIR
 70
     0
  9
$PDMODE
 70
     0
  9
$PDSIZE
 40
0.0
  9
$PLINEWID
 40
0.0
  9
$SPLFRAME
 70
     0
  9
$SPLINETYPE
 70
     6
  9
$SPLINESEGS
 70
     8
  9
$HANDSEED
  5
2B8
  9
$SURFTAB1
 70
     6
  9
$SURFTAB2
 70
     6
  9
$SURFTYPE
 70
     6
  9
$SURFU
 70
     6
  9
$SURFV
 70
     6
  9
$UCSBASE
  2

  9
$UCSNAME
  2

  9
$UCSORG
 10
0.0
 20
0.0
 30
0.0
  9
$UCSXDIR
 10
1.0
 20
0.0
 30
0.0
  9
$UCSYDIR
 10
0.0
 20
1.0
 30
0.0
  9
$UCSORTHOREF
  2

  9
$UCSORTHOVIEW
 70
     0
  9
$UCSORGTOP
 10
0.0
 20
0.0
 30
0.0
  9
$UCSORGBOTTOM
 10
0.0
 20
0.0
 30
0.0
  9
$UCSORGLEFT
 10
0.0
 20
0.0
 30
0.0
  9
$UCSORGRIGHT
 10
0.0
 20
0.0
 30
0.0
  9
$UCSORGFRONT
 10
0.0
 20
0.0
 30
0.0
  9
$UCSORGBACK
 10
0.0
 20
0.0
 30
0.0
  9
$PUCSBASE
  2

  9
$PUCSNAME
  2

  9
$PUCSORG
 10
0.0
 20
0.0
 30
0.0
  9
$PUCSXDIR
 10
1.0
 20
0.0
 30
0.0
  9
$PUCSYDIR
 10
0.0
 20
1.0
 30
0.0
  9
$PUCSORTHOREF
  2

  9
$PUCSORTHOVIEW
 70
     0
  9
$PUCSORGTOP
 10
0.0
 20
0.0
 30
0.0
  9
$PUCSORGBOTTOM
 10
0.0
 20
0.0
 30
0.0
  9
$PUCSORGLEFT
 10
0.0
 20
0.0
 30
0.0
  9
$PUCSORGRIGHT
 10
0.0
 20
0.0
 30
0.0
  9
$PUCSORGFRONT
 10
0.0
 20
0.0
 30
0.0
  9
$PUCSORGBACK
 10
0.0
 20
0.0
 30
0.0
  9
$USERI1
 70
     0
  9
$USERI2
 70
     0
  9
$USERI3
 70
     0
  9
$USERI4
 70
     0
  9
$USERI5
 70
     0
  9
$USERR1
 40
0.0
  9
$USERR2
 40
0.0
  9
$USERR3
 40
0.0
  9
$USERR4
 40
0.0
  9
$USERR5
 40
0.0
  9
$WORLDVIEW
 70
     1
  9
$SHADEDGE
 70
     3
  9
$SHADEDIF
 70
    70
  9
$TILEMODE
 70
     1
  9
$MAXACTVP
 70
    64
  9
$PINSBASE
 10
0.0
 20
0.0
 30
0.0
  9
$PLIMCHECK
 70
     0
  9
$PEXTMIN
 10
0.0
 20
0.0
 30
0.0
  9
$PEXTMAX
 10
0.0
 20
0.0
 30
0.0
  9
$PLIMMIN
 10
0.0
 20
0.0
  9
$PLIMMAX
 10
12.0
 20
9.0
  9
$UNITMODE
 70
     0
  9
$VISRETAIN
 70
     1
  9
$PLINEGEN
 70
     0
  9
$PSLTSCALE
 70
     1
  9
$TREEDEPTH
 70
  3020
  9
$CMLSTYLE
  2
Standard
  9
$CMLJUST
 70
     0
  9
$CMLSCALE
 40
20.0
  9
$PROXYGRAPHICS
 70
     1
  9
$MEASUREMENT
 70
     1
  9
$CELWEIGHT
370
    -1
  9
$ENDCAPS
280
     0
  9
$JOINSTYLE
280
     0
  9
$LWDISPLAY
290
     0
  9
$INSUNITS
 70
     4
  9
$HYPERLINKBASE
  1

  9
$STYLESHEET
  1

  9
$XEDIT
290
     1
  9
$CEPSNTYPE
380
     0
  9
$PSTYLEMODE
290
     1
  9
$FINGERPRINTGUID
  2
{96A53CC7-ACDD-234C-B0F9-88300B14E85D}
  9
$VERSIONGUID
  2
{FDA5A254-6150-FA48-A4B8-168CBCE559AD}
  9
$EXTNAMES
290
     1
  9
$PSVPSCALE
 40
0.0
  9
$OLESTARTUP
290
     0
  9
$SORTENTS
280
   127
  9
$INDEXCTL
280
     0
  9
$HIDETEXT
280
     1
  9
$XCLIPFRAME
290
     0
  9
$HALOGAP
280
     0
  9
$OBSCOLOR
 70
   257
  9
$OBSLTYPE
280
     0
  9
$INTERSECTIONDISPLAY
280
     0
  9
$INTERSECTIONCOLOR
 70
   257
  9
$DIMASSOC
280
     2
  9
$PROJECTNAME
  1

  9
$CAMERADISPLAY
290
     0
  9
$LENSLENGTH
 40
50.0
  9
$CAMERAHEIGHT
 40
0.0
  9
$STEPSPERSEC
 40
2.0
  9
$STEPSIZE
 40
6.0
  9
$3DDWFPREC
 40
2.0
  9
$PSOLWIDTH
 40
5.0
  9
$PSOLHEIGHT
 40
80.0
  9
$LOFTANG1
 40
1.570796326794896
  9
$LOFTANG2
 40
1.570796326794896
  9
$LOFTMAG1
 40
0.0
  9
$LOFTMAG2
 40
0.0
  9
$LOFTPARAM
 70
     7
  9
$LOFTNORMALS
280
     1
  9
$LATITUDE
 40
37.795
  9
$LONGITUDE
 40
-122.394
  9
$NORTHDIRECTION
 40
0.0
  9
$TIMEZONE
 70
 -8000
  9
$LIGHTGLYPHDISPLAY
280
     1
  9
$TILEMODELIGHTSYNCH
280
     1
  9
$CMATERIAL
347
EC
  9
$SOLIDHIST
280
     0
  9
$SHOWHIST
280
     1
  9
$DWFFRAME
280
     2
  9
$DGNFRAME
280
     0
  9
$REALWORLDSCALE
290
     1
  9
$INTERFERECOLOR
 62
     1
  9
$INTERFEREOBJVS
345
F9
  9
$INTERFEREVPVS
346
F6
  9
$CSHADOW
280
     0
  9
$SHADOWPLANELOCATION
 40
0.0
  0
ENDSEC
  0
SECTION
  2
CLASSES
  0
CLASS
  1
ACDBDICTIONARYWDFLT
  2
AcDbDictionaryWithDefault
  3
ObjectDBX Classes
 90
        0
 91
        1
280
     0
281
     0
  0
CLASS
  1
DICTIONARYVAR
  2
AcDbDictionaryVar
  3
ObjectDBX Classes
 90
        0
 91
       12
280
     0
281
     0
  0
CLASS
  1
TABLESTYLE
  2
AcDbTableStyle
  3
ObjectDBX Classes
 90
     4095
 91
        1
280
     0
281
     0
  0
CLASS
  1
MATERIAL
  2
AcDbMaterial
  3
ObjectDBX Classes
 90
     1153
 91
        3
280
     0
281
     0
  0
CLASS
  1
VISUALSTYLE
  2
AcDbVisualStyle
  3
ObjectDBX Classes
 90
     4095
 91
       24
280
     0
281
     0
  0
CLASS
  1
SCALE
  2
AcDbScale
  3
ObjectDBX Classes
 90
     1153
 91
       17
280
     0
281
     0
  0
CLASS
  1
MLEADERSTYLE
  2
AcDbMLeaderStyle
  3
ACDB_MLEADERSTYLE_CLASS
 90
     4095
 91
        2
280
     0
281
     0
  0
CLASS
  1
CELLSTYLEMAP
  2
AcDbCellStyleMap
  3
ObjectDBX Classes
 90
     1152
 91
        1
280
     0
281
     0
  0
CLASS
  1
EXACXREFPANELOBJECT
  2
ExAcXREFPanelObject
  3
EXAC_ESW
 90
     1025
 91
        0
280
     0
281
     0
  0
CLASS
  1
NPOCOLLECTION
  2
AcDbImpNonPersistentObjectsCollection
  3
ObjectDBX Classes
 90
     1153
 91
        0
280
     0
281
     0
  0
CLASS
  1
LAYER_INDEX
  2
AcDbLayerIndex
  3
ObjectDBX Classes
 90
        0
 91
        0
280
     0
281
     0
  0
CLASS
  1
SPATIAL_INDEX
  2
AcDbSpatialIndex
  3
ObjectDBX Classes
 90
        0
 91
        0
280
     0
281
     0
  0
CLASS
  1
IDBUFFER
  2
AcDbIdBuffer
  3
ObjectDBX Classes
 90
        0
 91
        0
280
     0
281
     0
  0
CLASS
  1
ACDBSECTIONVIEWSTYLE
  2
AcDbSectionViewStyle
  3
ObjectDBX Classes
 90
     1025
 91
        1
280
     0
281
     0
  0
CLASS
  1
ACDBDETAILVIEWSTYLE
  2
AcDbDetailViewStyle
  3
ObjectDBX Classes
 90
     1025
 91
        1
280
     0
281
     0
  0
ENDSEC
  0
SECTION
  2
TABLES
  0
TABLE
  2
VPORT
  5
8
330
0
100
AcDbSymbolTable
 70
     1
  0
VPORT
  5
EA
330
8
100
AcDbSymbolTableRecord
100
AcDbViewportTableRecord
  2
*Active
 70
     0
 10
0.0
 20
0.0
 11
1.0
 21
1.0
 12
26.13531116233776
 22
8.376287332784158
 13
0.0
 23
0.0
 14
10.0
 24
10.0
 15
10.0
 25
10.0
 16
0.0
 26
0.0
 36
1.0
 17
0.0
 27
0.0
 37
0.0
 40
393.0272442228397
 41
2.104271356783919
 42
50.0
 43
0.0
 44
0.0
 50
0.0
 51
0.0
 71
     0
 72
  1000
 73
     1
 74
     3
 75
     0
 76
     1
 77
     0
 78
     0
281
     0
 65
     1
110
0.0
120
0.0
130
0.0
111
1.0
121
0.0
131
0.0
112
0.0
122
1.0
132
0.0
 79
     0
146
0.0
348
F5
 60
     3
 61
     5
292
     1
282
     1
141
0.0
142
0.0
 63
   250
421
  3355443
1001
ACAD_NAV_VCDISPLAY
1070
     3
  0
ENDTAB
  0
TABLE
  2
LTYPE
  5
5
330
0
100
AcDbSymbolTable
 70
     2
  0
LTYPE
  5
14
330
5
100
AcDbSymbolTableRecord
100
AcDbLinetypeTableRecord
  2
ByBlock
 70
     0
  3

 72
    65
 73
     0
 40
0.0
  0
LTYPE
  5
15
330
5
100
AcDbSymbolTableRecord
100
AcDbLinetypeTableRecord
  2
ByLayer
 70
     0
  3

 72
    65
 73
     0
 40
0.0
  0
LTYPE
  5
16
330
5
100
AcDbSymbolTableRecord
100
AcDbLinetypeTableRecord
  2
Continuous
 70
     0
  3
Solid line
 72
    65
 73
     0
 40
0.0
  0
ENDTAB
  0
TABLE
  2
LAYER
  5
2
102
{ACAD_XDICTIONARY
360
1FF
102
}
330
0
100
AcDbSymbolTable
 70
     1
0
LAYER
5
1267
100
AcDbSymbolTableRecord
100
AcDbLayerTableRecord
2
TopLayer
70
0
420
16711680
6
Continuous
370
-3
390
F
347
21
0
LAYER
5
1268
100
AcDbSymbolTableRecord
100
AcDbLayerTableRecord
2
BottomLayer
70
0
420
255
6
Continuous
370
-3
390
F
347
21
0
LAYER
5
1269
100
AcDbSymbolTableRecord
100
AcDbLayerTableRecord
2
TopSilkLayer
70
0
420
16763904
6
Continuous
370
-3
390
F
347
21
0
LAYER
5
126a
100
AcDbSymbolTableRecord
100
AcDbLayerTableRecord
2
TopPasteMaskLayer
70
0
420
8421504
6
Continuous
370
-3
390
F
347
21
0
LAYER
5
126b
100
AcDbSymbolTableRecord
100
AcDbLayerTableRecord
2
TopSolderMaskLayer
70
0
420
8388736
6
Continuous
370
-3
390
F
347
21
0
LAYER
5
126c
100
AcDbSymbolTableRecord
100
AcDbLayerTableRecord
2
BottomSolderMaskLayer
70
0
420
11141375
6
Continuous
370
-3
390
F
347
21
0
LAYER
5
126d
100
AcDbSymbolTableRecord
100
AcDbLayerTableRecord
2
BoardOutLine
70
0
420
16711935
6
Continuous
370
-3
390
F
347
21
0
LAYER
5
126e
100
AcDbSymbolTableRecord
100
AcDbLayerTableRecord
2
Multi-Layer
70
0
420
12632256
6
Continuous
370
-3
390
F
347
21
0
LAYER
5
126f
100
AcDbSymbolTableRecord
100
AcDbLayerTableRecord
2
Document
70
0
420
16777215
6
Continuous
370
-3
390
F
347
21
0
LAYER
5
1270
100
AcDbSymbolTableRecord
100
AcDbLayerTableRecord
2
Hole
70
0
420
2236962
6
Continuous
370
-3
390
F
347
21
  0
LAYER
  5
10
102
{ACAD_XDICTIONARY
360
13C
102
}
330
2
100
AcDbSymbolTableRecord
100
AcDbLayerTableRecord
  2
0
 70
     0
 62
     7
  6
Continuous
370
    -3
390
F
347
EE
  0
ENDTAB
  0
TABLE
  2
STYLE
  5
3
330
0
100
AcDbSymbolTable
 70
     2
  0
STYLE
  5
11
330
3
100
AcDbSymbolTableRecord
100
AcDbTextStyleTableRecord
  2
Standard
 70
     0
 40
0.0
 41
1.0
 50
0.0
 71
     0
 42
2.5
  3
arial.ttf
  4

1001
ACAD
1000
Arial
1071
       34
  0
STYLE
  5
132
330
3
100
AcDbSymbolTableRecord
100
AcDbTextStyleTableRecord
  2
Annotative
 70
     0
 40
0.0
 41
1.0
 50
0.0
 71
     0
 42
2.5
  3
arial.ttf
  4

1001
AcadAnnotative
1000
AnnotativeData
1002
{
1070
     1
1070
     1
1002
}
1001
ACAD
1000
Arial
1071
       34
  0
ENDTAB
  0
TABLE
  2
VIEW
  5
6
330
0
100
AcDbSymbolTable
 70
     0
  0
ENDTAB
  0
TABLE
  2
UCS
  5
7
330
0
100
AcDbSymbolTable
 70
     0
  0
ENDTAB
  0
TABLE
  2
APPID
  5
9
330
0
100
AcDbSymbolTable
 70
     9
  0
APPID
  5
12
330
9
100
AcDbSymbolTableRecord
100
AcDbRegAppTableRecord
  2
ACAD
 70
     0
  0
APPID
  5
9E
330
9
100
AcDbSymbolTableRecord
100
AcDbRegAppTableRecord
  2
ACAD_PSEXT
 70
     0
  0
APPID
  5
133
330
9
100
AcDbSymbolTableRecord
100
AcDbRegAppTableRecord
  2
AcadAnnoPO
 70
     0
  0
APPID
  5
134
330
9
100
AcDbSymbolTableRecord
100
AcDbRegAppTableRecord
  2
AcadAnnotative
 70
     0
  0
APPID
  5
135
330
9
100
AcDbSymbolTableRecord
100
AcDbRegAppTableRecord
  2
ACAD_DSTYLE_DIMJAG
 70
     0
  0
APPID
  5
136
330
9
100
AcDbSymbolTableRecord
100
AcDbRegAppTableRecord
  2
ACAD_DSTYLE_DIMTALN
 70
     0
  0
APPID
  5
165
330
9
100
AcDbSymbolTableRecord
100
AcDbRegAppTableRecord
  2
ACAD_MLEADERVER
 70
     0
  0
APPID
  5
217
330
9
100
AcDbSymbolTableRecord
100
AcDbRegAppTableRecord
  2
ACAD_NAV_VCDISPLAY
 70
     0
  0
APPID
  5
26E
330
9
100
AcDbSymbolTableRecord
100
AcDbRegAppTableRecord
  2
ACAD_EXEMPT_FROM_CAD_STANDARDS
 70
     0
  0
ENDTAB
  0
TABLE
  2
DIMSTYLE
  5
A
330
0
100
AcDbSymbolTable
 70
     4
100
AcDbDimStyleTable
 71
     2
340
27
340
137
  0
DIMSTYLE
105
1B0
330
A
100
AcDbSymbolTableRecord
100
AcDbDimStyleTableRecord
  2
Standard
 70
     0
340
11
  0
DIMSTYLE
105
137
330
A
100
AcDbSymbolTableRecord
100
AcDbDimStyleTableRecord
  2
Annotative
 70
     0
 40
0.0
 41
2.5
 42
0.625
 43
3.75
 44
1.25
 73
     0
 74
     0
 77
     1
 78
     8
140
2.5
141
2.5
143
0.03937007874016
147
0.625
171
     3
172
     1
271
     2
272
     2
274
     3
278
    44
283
     0
284
     8
340
11
1001
AcadAnnotative
1000
AnnotativeData
1002
{
1070
     1
1070
     1
1002
}
1001
ACAD_DSTYLE_DIMJAG
1070
   388
1040
1.5
1001
ACAD_DSTYLE_DIMTALN
1070
   392
1070
     0
  0
DIMSTYLE
105
27
330
A
100
AcDbSymbolTableRecord
100
AcDbDimStyleTableRecord
  2
ISO-25
 70
     0
 41
2.5
 42
0.625
 43
3.75
 44
1.25
 73
     0
 74
     0
 77
     1
 78
     8
140
2.5
141
2.5
143
0.03937007874016
147
0.625
171
     3
172
     1
271
     2
272
     2
274
     3
278
    44
283
     0
284
     8
340
11
  0
ENDTAB
  0
TABLE
  2
BLOCK_RECORD
  5
1
330
0
100
AcDbSymbolTable
 70
     2
  0
BLOCK_RECORD
  5
1F
102
{ACAD_XDICTIONARY
360
1CE
102
}
330
1
100
AcDbSymbolTableRecord
100
AcDbBlockTableRecord
  2
*Model_Space
340
22
 70
     0
280
     1
281
     0
  0
BLOCK_RECORD
  5
D2
330
1
100
AcDbSymbolTableRecord
100
AcDbBlockTableRecord
  2
*Paper_Space
340
D3
 70
     0
280
     1
281
     0
  0
BLOCK_RECORD
  5
D6
330
1
100
AcDbSymbolTableRecord
100
AcDbBlockTableRecord
  2
*Paper_Space0
340
D7
 70
     0
280
     1
281
     0
  0
ENDTAB
  0
ENDSEC
  0
SECTION
  2
BLOCKS
  0
BLOCK
  5
20
330
1F
100
AcDbEntity
  8
0
100
AcDbBlockBegin
  2
*Model_Space
 70
     0
 10
0.0
 20
0.0
 30
0.0
  3
*Model_Space
  1

  0
ENDBLK
  5
21
330
1F
100
AcDbEntity
  8
0
100
AcDbBlockEnd
  0
BLOCK
  5
D4
330
D2
100
AcDbEntity
 67
     1
  8
0
100
AcDbBlockBegin
  2
*Paper_Space
 70
     0
 10
0.0
 20
0.0
 30
0.0
  3
*Paper_Space
  1

  0
ENDBLK
  5
D5
330
D2
100
AcDbEntity
 67
     1
  8
0
100
AcDbBlockEnd
  0
BLOCK
  5
D8
330
D6
100
AcDbEntity
 67
     1
  8
0
100
AcDbBlockBegin
  2
*Paper_Space0
 70
     0
 10
0.0
 20
0.0
 30
0.0
  3
*Paper_Space0
  1

  0
ENDBLK
  5
D9
330
D6
100
AcDbEntity
 67
     1
  8
0
100
AcDbBlockEnd
  0
ENDSEC
  0
SECTION
  2
ENTITIES
  0
LWPOLYLINE
  5
3e8
330
1F
100
AcDbEntity
  8
BoardOutLine
100
AcDbPolyline
 90
16
 70
 1
 43
0.25400050800101603 
 10
31.4960629921261
 20
105.91821183642378
 10
65.65913131826255
 20
106.04521209042423
 10
74.29514859029723
 20
106.04521209042423
 10
81.1531623063247
 20
96.01219202438415
 10
90.04318008636028
 20
86.10617221234452
 10
90.04318008636028
 20
49.14909829819669
 10
61.34112268224544
 20
49.14909829819669
 10
52.83210566421144
 20
37.338074676149404
 10
41.02108204216415
 20
37.465074930149854
 10
31.62306324612655
 20
49.530099060198154
 10
16.00203200406395
 20
49.530099060198154
 10
16.00203200406395
 20
53.84810769621549
 10
16.00203200406395
 20
61.722123444246904
 10
28.57505715011439
 20
75.5651511303023
 10
21.971043942087817
 20
78.74015748031502
 10
21.971043942087817
 20
96.2738125476252
 10
31.4960629921261
 20
105.91821183642378
  0
LWPOLYLINE
  5
3e9
330
1F
100
AcDbEntity
  8
TopLayer
100
AcDbPolyline
 90
1
 70
 0
 43
0.25400050800101603 
 10
38.86207772415537
 20
75.05715011430027
 10
40.144780289560686
 20
75.06223012446026
  0
LWPOLYLINE
  5
3ea
330
1F
100
AcDbEntity
  8
TopLayer
100
AcDbPolyline
 90
2
 70
 0
 43
0.25400050800101603 
 10
64.3891287782576
 20
57.469138938277865
 10
64.26212852425715
 20
57.59613919227843
 10
64.26212852425715
 20
58.674117348234745
  0
LWPOLYLINE
  5
3eb
330
1F
100
AcDbEntity
  8
TopLayer
100
AcDbPolyline
 90
2
 70
 0
 43
0.25400050800101603 
 10
55.75311150622315
 20
66.16713233426469
 10
55.8801117602236
 20
66.29413258826526
 10
55.8801117602236
 20
67.46215392430793
  0
LWPOLYLINE
  5
3ec
330
1F
100
AcDbEntity
  8
TopLayer
100
AcDbPolyline
 90
2
 70
 0
 43
0.25400050800101603 
 10
53.97510795021594
 20
43.94208788417586
 10
53.94069088138167
 20
43.97650495300991
 10
52.1441452882907
 20
43.97650495300991
  0
LWPOLYLINE
  5
3ed
330
1F
100
AcDbEntity
  8
TopLayer
100
AcDbPolyline
 90
1
 70
 0
 43
0.25400050800101603 
 10
52.1441452882907
 20
43.97650495300991
 10
52.178511557023285
 20
43.94208788417586
  0
LWPOLYLINE
  5
3ee
330
1F
100
AcDbEntity
  8
TopLayer
100
AcDbPolyline
 90
1
 70
 0
 43
0.25400050800101603 
 10
46.99009398018802
 20
57.150114300228665
 10
46.99009398018802
 20
54.229108458216956
  0
LWPOLYLINE
  5
3ef
330
1F
100
AcDbEntity
  8
TopLayer
100
AcDbPolyline
 90
2
 70
 0
 43
0.25400050800101603 
 10
46.86309372618757
 20
72.39014478028957
 10
49.530099060198154
 20
69.72313944627899
 10
49.530099060198154
 20
67.43218186436377
  0
LWPOLYLINE
  5
3f0
330
1F
100
AcDbEntity
  8
TopLayer
100
AcDbPolyline
 90
2
 70
 0
 43
0.25400050800101603 
 10
46.10109220218442
 20
71.62814325628653
 10
48.260096520192974
 20
69.46913893827798
 10
48.260096520192974
 20
67.43218186436377
  0
LWPOLYLINE
  5
3f1
330
1F
100
AcDbEntity
  8
TopLayer
100
AcDbPolyline
 90
2
 70
 0
 43
0.25400050800101603 
 10
45.33909067818149
 20
70.8661417322835
 10
46.99009398018802
 20
69.21513843027697
 10
46.99009398018802
 20
67.43218186436377
  0
LWPOLYLINE
  5
3f2
330
1F
100
AcDbEntity
  8
TopLayer
100
AcDbPolyline
 90
2
 70
 0
 43
0.25400050800101603 
 10
43.94208788417586
 20
72.13614427228856
 10
43.94208788417586
 20
83.82016764033528
 10
43.561087122174285
 20
84.20116840233686
  0
LWPOLYLINE
  5
3f3
330
1F
100
AcDbEntity
  8
TopLayer
100
AcDbPolyline
 90
3
 70
 0
 43
0.25400050800101603 
 10
44.70408940817879
 20
72.8981457962916
 10
44.45008890017789
 20
73.15214630429261
 10
44.45008890017789
 20
84.83616967233945
 10
44.32308864617721
 20
84.9631699263399
  0
LWPOLYLINE
  5
3f4
330
1F
100
AcDbEntity
  8
TopLayer
100
AcDbPolyline
 90
2
 70
 0
 43
0.25400050800101603 
 10
45.46609093218194
 20
73.66014732029464
 10
45.14859029718059
 20
73.97764795529599
 10
45.14859029718059
 20
85.59817119634249
  0
LWPOLYLINE
  5
3f5
330
1F
100
AcDbEntity
  8
TopLayer
100
AcDbPolyline
 90
5
 70
 0
 43
0.25400050800101603 
 10
45.84709169418352
 20
79.88315976631964
 10
51.18110236220468
 20
79.88315976631964
 10
52.197104394208736
 20
78.86715773431547
 10
52.197104394208736
 20
77.08915417830838
 10
52.07010414020829
 20
76.96215392430793
 10
52.07010414020829
 20
67.4321739268479
  0
LWPOLYLINE
  5
3f6
330
1F
100
AcDbEntity
  8
TopLayer
100
AcDbPolyline
 90
1
 70
 0
 43
0.25400050800101603 
 10
47.39497078994168
 20
76.1019812039624
 10
45.99491998984013
 20
76.1019812039624
  0
LWPOLYLINE
  5
3f7
330
1F
100
AcDbEntity
  8
TopLayer
100
AcDbPolyline
 90
1
 70
 0
 43
0.25400050800101603 
 10
47.39497078994168
 20
76.1019812039624
 10
48.795021590043234
 20
76.1019812039624
  0
LWPOLYLINE
  5
3f8
330
1F
100
AcDbEntity
  8
TopLayer
100
AcDbPolyline
 90
1
 70
 0
 43
0.25400050800101603 
 10
47.39497078994168
 20
77.50203200406406
 10
48.795021590043234
 20
77.50203200406406
  0
LWPOLYLINE
  5
3f9
330
1F
100
AcDbEntity
  8
TopLayer
100
AcDbPolyline
 90
1
 70
 0
 43
0.25400050800101603 
 10
45.99491998984013
 20
77.50203200406406
 10
47.39497078994168
 20
77.50203200406406
  0
LWPOLYLINE
  5
3fa
330
1F
100
AcDbEntity
  8
TopLayer
100
AcDbPolyline
 90
1
 70
 0
 43
0.25400050800101603 
 10
47.39497078994168
 20
78.90208280416562
 10
48.795021590043234
 20
78.90208280416562
  0
LWPOLYLINE
  5
3fb
330
1F
100
AcDbEntity
  8
TopLayer
100
AcDbPolyline
 90
1
 70
 0
 43
0.25400050800101603 
 10
45.99491998984013
 20
78.90208280416562
 10
47.39497078994168
 20
78.90208280416562
  0
LWPOLYLINE
  5
3fc
330
1F
100
AcDbEntity
  8
TopLayer
100
AcDbPolyline
 90
4
 70
 0
 43
0.25400050800101603 
 10
42.79908559817113
 20
69.21513843027697
 10
46.736093472186894
 20
73.15214630429261
 10
49.403098806197704
 20
73.15214630429261
 10
51.30810261620536
 20
75.05715011430027
 10
51.30810261620536
 20
78.35915671831344
  0
LWPOLYLINE
  5
3fd
330
1F
100
AcDbEntity
  8
TopLayer
100
AcDbPolyline
 90
2
 70
 0
 43
0.25400050800101603 
 10
43.30708661417316
 20
79.12115824231648
 10
43.30708661417316
 20
82.9311658623318
 10
42.79908559817113
 20
83.43916687833382
  0
LWPOLYLINE
  5
3fe
330
1F
100
AcDbEntity
  8
TopLayer
100
AcDbPolyline
 90
2
 70
 0
 43
0.25400050800101603 
 10
48.64109728219455
 20
54.229108458216956
 10
48.260096520192974
 20
54.61010922021853
 10
48.260096520192974
 20
67.4321739268479
  0
LWPOLYLINE
  5
3ff
330
1F
100
AcDbEntity
  8
TopLayer
100
AcDbPolyline
 90
4
 70
 0
 43
0.25400050800101603 
 10
44.83108966217924
 20
54.35610871221752
 10
45.212090424180815
 20
54.73710947421898
 10
45.212090424180815
 20
64.64312928625861
 10
44.45008890017789
 20
65.40513081026165
 10
44.45008890017789
 20
67.4321739268479
  0
LWPOLYLINE
  5
400
330
1F
100
AcDbEntity
  8
TopLayer
100
AcDbPolyline
 90
2
 70
 0
 43
0.25400050800101603 
 10
49.24422148844292
 20
46.70167640335285
 10
49.24422148844292
 20
45.49796799593605
 10
49.403098806197704
 20
45.33909067818138
  0
LWPOLYLINE
  5
401
330
1F
100
AcDbEntity
  8
TopLayer
100
AcDbPolyline
 90
1
 70
 0
 43
0.25400050800101603 
 10
48.74523749047489
 20
46.70053340106688
 10
48.768097536195
 20
48.006096012192074
  0
LWPOLYLINE
  5
402
330
1F
100
AcDbEntity
  8
TopLayer
100
AcDbPolyline
 90
2
 70
 0
 43
0.25400050800101603 
 10
48.24422148844292
 20
46.70167640335285
 10
48.24422148844292
 20
45.450215900431886
 10
48.133096266192524
 20
45.33909067818138
  0
LWPOLYLINE
  5
403
330
1F
100
AcDbEntity
  8
TopLayer
100
AcDbPolyline
 90
1
 70
 0
 43
0.25400050800101603 
 10
41.52908305816618
 20
72.51714503429014
 10
40.144780289560686
 20
72.52222504445012
  0
LWPOLYLINE
  5
404
330
1F
100
AcDbEntity
  8
TopLayer
100
AcDbPolyline
 90
3
 70
 0
 43
0.25400050800101603 
 10
36.06807213614434
 20
66.92913385826773
 10
36.06807213614434
 20
71.88214376428755
 10
37.978036893573744
 20
73.79210852171707
 10
40.144978727457556
 20
73.79210852171707
  0
LWPOLYLINE
  5
405
330
1F
100
AcDbEntity
  8
TopLayer
100
AcDbPolyline
 90
3
 70
 0
 43
0.25400050800101603 
 10
41.1480822961646
 20
51.56210312420626
 10
41.1480822961646
 20
64.13512827025659
 10
38.48107696215402
 20
66.80213360426728
 10
37.973075946151994
 20
66.80213360426728
  0
LWPOLYLINE
  5
406
330
1F
100
AcDbEntity
  8
TopLayer
100
AcDbPolyline
 90
4
 70
 0
 43
0.25400050800101603 
 10
43.688087376174735
 20
51.56210312420626
 10
41.78308356616708
 20
53.467106934213916
 10
41.78308356616708
 20
64.26212852425715
 10
38.22707645415289
 20
67.81813563627134
 10
37.973075946151994
 20
67.81813563627134
  0
LWPOLYLINE
  5
407
330
1F
100
AcDbEntity
  8
TopLayer
100
AcDbPolyline
 90
2
 70
 0
 43
0.25400050800101603 
 10
38.60807721615447
 20
51.56210312420626
 10
36.830073660147264
 20
53.34010668021335
 10
36.830073660147264
 20
69.97713995428
  0
LWPOLYLINE
  5
408
330
1F
100
AcDbEntity
  8
TopLayer
100
AcDbPolyline
 90
1
 70
 0
 43
0.25400050800101603 
 10
38.86207772415537
 20
69.97713995428
 10
40.144780289560686
 20
69.98221996443999
  0
LWPOLYLINE
  5
409
330
1F
100
AcDbEntity
  8
TopLayer
100
AcDbPolyline
 90
3
 70
 0
 43
0.25400050800101603 
 10
40.144729489458996
 20
68.71221742443493
 10
40.144729489458996
 20
67.04343408686816
 10
42.54508509017023
 20
64.64307848615704
 10
42.54508509017023
 20
54.35610871221752
  0
LWPOLYLINE
  5
40a
330
1F
100
AcDbEntity
  8
TopLayer
100
AcDbPolyline
 90
2
 70
 0
 43
0.25400050800101603 
 10
44.244221488443145
 20
46.701422402844855
 10
42.34404368808737
 20
44.801244602489305
 10
42.34404368808737
 20
43.97650495300991
  0
LWPOLYLINE
  5
40b
330
1F
100
AcDbEntity
  8
TopLayer
100
AcDbPolyline
 90
1
 70
 0
 43
0.25400050800101603 
 10
37.973075946151994
 20
61.40614681229363
 10
37.973075946151994
 20
62.86512573025152
  0
LWPOLYLINE
  5
40c
330
1F
100
AcDbEntity
  8
TopLayer
100
AcDbPolyline
 90
4
 70
 0
 43
0.25400050800101603 
 10
41.65608331216663
 20
84.58216916433832
 10
41.40208280416573
 20
84.83616967233945
 10
41.40208280416573
 20
85.8521717043435
 10
40.01371602743188
 20
87.24053848107701
 10
40.01371602743188
 20
89.02717805435611
  0
LWPOLYLINE
  5
40d
330
1F
100
AcDbEntity
  8
TopLayer
100
AcDbPolyline
 90
2
 70
 0
 43
0.25400050800101603 
 10
40.767081534163026
 20
89.02717805435611
 10
40.767081534163026
 20
93.06197612395238
 10
40.85420370840734
 20
93.14909829819669
  0
LWPOLYLINE
  5
40e
330
1F
100
AcDbEntity
  8
TopLayer
100
AcDbPolyline
 90
4
 70
 0
 43
0.25400050800101603 
 10
42.41808483616978
 20
85.21717043434091
 10
42.037084074168206
 20
85.59817119634249
 10
42.037084074168206
 20
87.24917449834902
 10
40.767081534163026
 20
88.51917703835409
 10
40.767081534163026
 20
89.02717805435611
  0
LWPOLYLINE
  5
40f
330
1F
100
AcDbEntity
  8
TopLayer
100
AcDbPolyline
 90
2
 70
 0
 43
0.25400050800101603 
 10
43.18008636017271
 20
85.97917195834395
 10
43.05410210820423
 20
86.10515621031254
 10
43.05410210820423
 20
93.14909829819669
  0
LWPOLYLINE
  5
410
330
1F
100
AcDbEntity
  8
TopLayer
100
AcDbPolyline
 90
2
 70
 0
 43
0.25400050800101603 
 10
43.94208788417586
 20
86.61417322834654
 10
45.25400050800113
 20
87.9260858521717
 10
45.25400050800113
 20
93.14909829819669
  0
LWPOLYLINE
  5
411
330
1F
100
AcDbEntity
  8
TopLayer
100
AcDbPolyline
 90
3
 70
 0
 43
0.25400050800101603 
 10
67.96037592075186
 20
88.01117602235206
 10
46.355092710185545
 20
88.01117602235206
 10
41.02616205232425
 20
82.68224536449077
 10
40.144780289560686
 20
82.68224536449077
  0
LWPOLYLINE
  5
412
330
1F
100
AcDbEntity
  8
TopLayer
100
AcDbPolyline
 90
2
 70
 0
 43
0.25400050800101603 
 10
41.52044704089417
 20
89.02717805435611
 10
42.35306070612137
 20
89.85979171958343
 10
42.35306070612137
 20
90.80518161036332
  0
LWPOLYLINE
  5
413
330
1F
100
AcDbEntity
  8
TopLayer
100
AcDbPolyline
 90
2
 70
 0
 43
0.25400050800101603 
 10
40.01371602743188
 20
89.02717805435611
 10
39.754127508254896
 20
89.28676657353321
 10
39.754127508254896
 20
93.14909829819669
  0
LWPOLYLINE
  5
414
330
1F
100
AcDbEntity
  8
TopLayer
100
AcDbPolyline
 90
2
 70
 0
 43
0.25400050800101603 
 10
44.06908813817631
 20
91.94818389636782
 10
44.15417830835668
 20
92.03327406654819
 10
44.15417830835668
 20
93.14909829819669
  0
LWPOLYLINE
  5
415
330
1F
100
AcDbEntity
  8
TopLayer
100
AcDbPolyline
 90
2
 70
 0
 43
0.25400050800101603 
 10
43.75311150622315
 20
90.80518161036332
 10
44.06908813817631
 20
91.1211582423166
 10
44.06908813817631
 20
91.94818389636782
  0
LWPOLYLINE
  5
416
330
1F
100
AcDbEntity
  8
TopLayer
100
AcDbPolyline
 90
2
 70
 0
 43
0.25400050800101603 
 10
42.037084074168206
 20
91.94818389636782
 10
41.95402590805179
 20
92.03124206248424
 10
41.95402590805179
 20
93.14909829819669
  0
LWPOLYLINE
  5
417
330
1F
100
AcDbEntity
  8
TopLayer
100
AcDbPolyline
 90
2
 70
 0
 43
0.25400050800101603 
 10
42.35306070612137
 20
90.80518161036332
 10
42.037084074168206
 20
91.1211582423166
 10
42.037084074168206
 20
91.94818389636782
  0
LWPOLYLINE
  5
418
330
1F
100
AcDbEntity
  8
TopLayer
100
AcDbPolyline
 90
2
 70
 0
 43
0.25400050800101603 
 10
33.14706629413263
 20
98.67919735839473
 10
33.13416306832619
 20
98.69210058420117
 10
33.13416783083562
 20
103.70129540259086
  0
LWPOLYLINE
  5
419
330
1F
100
AcDbEntity
  8
TopLayer
100
AcDbPolyline
 90
2
 70
 0
 43
0.25400050800101603 
 10
33.97406654813312
 20
93.99946659893317
 10
33.14706629413263
 20
94.82646685293378
 10
33.14706629413263
 20
98.67919735839473
  0
LWPOLYLINE
  5
41a
330
1F
100
AcDbEntity
  8
TopLayer
100
AcDbPolyline
 90
2
 70
 0
 43
0.25400050800101603 
 10
48.65405130810268
 20
103.70129540259086
 10
50.19545339090678
 20
102.15989331978676
 10
52.16306832613668
 20
102.15989331978676
  0
LWPOLYLINE
  5
41b
330
1F
100
AcDbEntity
  8
TopLayer
100
AcDbPolyline
 90
2
 70
 0
 43
0.25400050800101603 
 10
48.65405130810268
 20
93.99949199898401
 10
52.16306832613668
 20
97.50850901701813
 10
52.16306832613668
 20
102.15989331978676
  0
LWPOLYLINE
  5
41c
330
1F
100
AcDbEntity
  8
TopLayer
100
AcDbPolyline
 90
2
 70
 0
 43
0.25400050800101603 
 10
76.70815341630691
 20
73.85217170434339
 10
77.85115570231142
 20
74.99517399034801
 10
77.85115570231142
 20
75.69215138430286
  0
LWPOLYLINE
  5
41d
330
1F
100
AcDbEntity
  8
TopLayer
100
AcDbPolyline
 90
2
 70
 0
 43
0.25400050800101603 
 10
77.21615443230894
 20
70.85750571501148
 10
77.21615443230894
 20
71.94411988823981
 10
76.70815341630691
 20
72.45212090424184
  0
LWPOLYLINE
  5
41e
330
1F
100
AcDbEntity
  8
TopLayer
100
AcDbPolyline
 90
1
 70
 0
 43
0.25400050800101603 
 10
53.34010668021347
 20
66.16713233426469
 10
53.34010668021347
 20
67.43218186436377
  0
LWPOLYLINE
  5
41f
330
1F
100
AcDbEntity
  8
TopLayer
100
AcDbPolyline
 90
1
 70
 0
 43
0.25400050800101603 
 10
54.61010922021842
 20
66.16713233426469
 10
54.61010922021842
 20
67.43218186436377
  0
LWPOLYLINE
  5
420
330
1F
100
AcDbEntity
  8
TopLayer
100
AcDbPolyline
 90
2
 70
 0
 43
0.25400050800101603 
 10
32.385064770129475
 20
54.73710947421898
 10
31.62306324612655
 20
54.73710947421898
 10
28.448056896113712
 20
51.56210312420626
  0
LWPOLYLINE
  5
421
330
1F
100
AcDbEntity
  8
TopLayer
100
AcDbPolyline
 90
2
 70
 0
 43
0.25400050800101603 
 10
34.29006858013713
 20
55.49911099822202
 10
29.845059690119342
 20
55.49911099822202
 10
25.90805181610358
 20
51.56210312420626
  0
LWPOLYLINE
  5
422
330
1F
100
AcDbEntity
  8
TopLayer
100
AcDbPolyline
 90
1
 70
 0
 43
0.25400050800101603 
 10
34.29768859537717
 20
81.78816357632718
 10
33.40106680213353
 20
82.68224536449077
  0
LWPOLYLINE
  5
423
330
1F
100
AcDbEntity
  8
TopLayer
100
AcDbPolyline
 90
1
 70
 0
 43
0.25400050800101603 
 10
36.95707391414794
 20
81.78816357632718
 10
35.80543561087143
 20
81.78816357632718
  0
LWPOLYLINE
  5
424
330
1F
100
AcDbEntity
  8
TopLayer
100
AcDbPolyline
 90
3
 70
 0
 43
0.25400050800101603 
 10
38.35407670815334
 20
83.94716789433585
 10
37.59207518415042
 20
83.18516637033281
 10
30.09906019812047
 20
83.18516637033281
 10
30.09906019812047
 20
84.20116840233686
  0
LWPOLYLINE
  5
425
330
1F
100
AcDbEntity
  8
TopLayer
100
AcDbPolyline
 90
1
 70
 0
 43
0.25400050800101603 
 10
69.97713995427989
 20
100.77317754635521
 10
71.7551435102871
 20
100.77317754635521
  0
LWPOLYLINE
  5
426
330
1F
100
AcDbEntity
  8
TopLayer
100
AcDbPolyline
 90
2
 70
 0
 43
0.25400050800101603 
 10
68.70713741427494
 20
100.71120142240295
 10
68.76911353822697
 20
100.77317754635521
 10
69.97713995427989
 20
100.77317754635521
  0
LWPOLYLINE
  5
427
330
1F
100
AcDbEntity
  8
TopLayer
100
AcDbPolyline
 90
1
 70
 0
 43
0.25400050800101603 
 10
71.7551435102871
 20
102.17322834645677
 10
69.97713995427989
 20
102.17322834645677
  0
LWPOLYLINE
  5
428
330
1F
100
AcDbEntity
  8
TopLayer
100
AcDbPolyline
 90
2
 70
 0
 43
0.25400050800101603 
 10
69.97713995427989
 20
102.17322834645677
 10
69.91516383032786
 20
102.23520447040903
 10
68.58013716027426
 20
102.23520447040903
  0
LWPOLYLINE
  5
429
330
1F
100
AcDbEntity
  8
TopLayer
100
AcDbPolyline
 90
2
 70
 0
 43
0.25400050800101603 
 10
80.83413766827539
 20
69.72313944627899
 10
80.77216154432313
 20
69.66116332232662
 10
80.77216154432313
 20
68.45313690627381
  0
LWPOLYLINE
  5
42a
330
1F
100
AcDbEntity
  8
TopLayer
100
AcDbPolyline
 90
1
 70
 0
 43
0.25400050800101603 
 10
83.43916687833371
 20
69.72313944627899
 10
82.23418846837694
 20
69.72313944627899
  0
LWPOLYLINE
  5
42b
330
1F
100
AcDbEntity
  8
TopLayer
100
AcDbPolyline
 90
2
 70
 0
 43
0.25400050800101603 
 10
37.973075946151994
 20
60.006096012192074
 10
39.36906273812542
 20
58.61010922021853
 10
40.13296926593853
 20
58.61010922021853
  0
LWPOLYLINE
  5
42c
330
1F
100
AcDbEntity
  8
TopLayer
100
AcDbPolyline
 90
2
 70
 0
 43
0.25400050800101603 
 10
44.45008890017789
 20
44.7040894081789
 10
44.744348488696915
 20
44.99834899669804
 10
44.744348488696915
 20
46.701422402844855
  0
LWPOLYLINE
  5
42d
330
1F
100
AcDbEntity
  8
TopLayer
100
AcDbPolyline
 90
2
 70
 0
 43
0.25400050800101603 
 10
45.97409194818397
 20
44.7040894081789
 10
45.74434848869714
 20
44.93383286766584
 10
45.74434848869714
 20
46.70167640335285
  0
LWPOLYLINE
  5
42e
330
1F
100
AcDbEntity
  8
TopLayer
100
AcDbPolyline
 90
1
 70
 0
 43
0.25400050800101603 
 10
45.24511049022112
 20
46.70053340106688
 10
45.23495046990092
 20
43.97764795529588
  0
LWPOLYLINE
  5
42f
330
1F
100
AcDbEntity
  8
TopLayer
100
AcDbPolyline
 90
3
 70
 0
 43
0.25400050800101603 
 10
50.800101600203334
 20
67.43218186436377
 10
50.800101600203334
 20
51.05410210820423
 10
47.74434848869714
 20
47.99834899669804
 10
47.74434848869714
 20
46.70167640335285
  0
LWPOLYLINE
  5
430
330
1F
100
AcDbEntity
  8
TopLayer
100
AcDbPolyline
 90
5
 70
 0
 43
0.25400050800101603 
 10
47.24422148844292
 20
46.70167640335285
 10
47.24422148844292
 20
49.657226314452714
 10
47.75209550419095
 20
50.165100330200744
 10
47.75209550419095
 20
64.26212852425715
 10
45.72009144018284
 20
66.29413258826526
 10
45.72009144018284
 20
67.43218186436377
  0
LWPOLYLINE
  5
431
330
1F
100
AcDbEntity
  8
TopLayer
100
AcDbPolyline
 90
1
 70
 0
 43
0.25400050800101603 
 10
46.70053340106665
 20
43.97764795529588
 10
52.143764287528484
 20
43.97764795529588
  0
LWPOLYLINE
  5
432
330
1F
100
AcDbEntity
  8
TopLayer
100
AcDbPolyline
 90
3
 70
 0
 43
0.25400050800101603 
 10
46.74371348742693
 20
46.70053340106688
 10
46.736093472186894
 20
43.94208788417586
 10
46.70053340106665
 20
43.97764795529588
 10
42.34442468884936
 20
43.97764795529588
  0
LWPOLYLINE
  5
433
330
1F
100
AcDbEntity
  8
TopLayer
100
AcDbPolyline
 90
2
 70
 0
 43
0.25400050800101603 
 10
42.34404368808737
 20
43.97650495300991
 10
42.30962661925332
 20
43.94208788417586
 10
40.513081026162126
 20
43.94208788417586
  0
LWPOLYLINE
  5
434
330
1F
100
AcDbEntity
  8
TopLayer
100
AcDbPolyline
 90
1
 70
 0
 43
0.25400050800101603 
 10
41.910083820167756
 20
66.16713233426469
 10
41.910083820167756
 20
67.43218186436377
  0
LWPOLYLINE
  5
435
330
1F
100
AcDbEntity
  8
TopLayer
100
AcDbPolyline
 90
1
 70
 0
 43
0.25400050800101603 
 10
43.18008636017271
 20
66.16713233426469
 10
43.18008636017271
 20
67.43218186436377
  0
LWPOLYLINE
  5
436
330
1F
100
AcDbEntity
  8
TopLayer
100
AcDbPolyline
 90
2
 70
 0
 43
0.25400050800101603 
 10
66.70713741427494
 20
56.52705105410212
 10
66.0281940563882
 20
56.52705105410212
 10
65.78613157226323
 20
56.76911353822709
  0
LWPOLYLINE
  5
437
330
1F
100
AcDbEntity
  8
TopLayer
100
AcDbPolyline
 90
2
 70
 0
 43
0.25400050800101603 
 10
66.46195072390151
 20
88.01117602235206
 10
65.91313182626368
 20
87.46235712471434
 10
65.91313182626368
 20
87.37617475234958
  0
LWPOLYLINE
  5
438
330
1F
100
AcDbEntity
  8
TopLayer
100
AcDbPolyline
 90
3
 70
 0
 43
0.25400050800101603 
 10
41.40208280416573
 20
74.4221488442978
 10
41.40208280416573
 20
75.94615189230387
 10
41.01612903225805
 20
76.33210566421133
 10
40.14503429006868
 20
76.33210566421133
  0
LWPOLYLINE
  5
439
330
1F
100
AcDbEntity
  8
TopLayer
100
AcDbPolyline
 90
2
 70
 0
 43
0.25400050800101603 
 10
66.70713741427494
 20
58.52705105410212
 10
66.05207010414006
 20
59.18211836423677
 10
65.78613157226323
 20
59.18211836423677
  0
LWPOLYLINE
  5
43a
330
1F
100
AcDbEntity
  8
TopLayer
100
AcDbPolyline
 90
2
 70
 0
 43
0.25400050800101603 
 10
66.70713741427494
 20
58.02717805435611
 10
65.92506985013961
 20
58.02717805435611
 10
65.78613157226323
 20
58.16611633223272
  0
LWPOLYLINE
  5
43b
330
1F
100
AcDbEntity
  8
TopLayer
100
AcDbPolyline
 90
2
 70
 0
 43
0.25400050800101603 
 10
66.70713741427494
 20
57.52705105410212
 10
66.64922529845057
 20
57.469138938277865
 10
64.3891287782576
 20
57.469138938277865
  0
LWPOLYLINE
  5
43c
330
1F
100
AcDbEntity
  8
TopLayer
100
AcDbPolyline
 90
2
 70
 0
 43
0.25400050800101603 
 10
64.3891287782576
 20
56.06908813817631
 10
64.43078486156969
 20
56.02743205486411
 10
65.31770383540788
 20
56.02743205486411
  0
LWPOLYLINE
  5
43d
330
1F
100
AcDbEntity
  8
TopLayer
100
AcDbPolyline
 90
3
 70
 0
 43
0.25400050800101603 
 10
67.18313436626886
 20
51.56210312420626
 10
64.26212852425715
 20
54.48310896621797
 10
64.2824485648971
 20
56.02743205486411
 10
66.70815341630691
 20
56.02743205486411
  0
LWPOLYLINE
  5
43e
330
1F
100
AcDbEntity
  8
TopLayer
100
AcDbPolyline
 90
4
 70
 0
 43
0.25400050800101603 
 10
50.54610109220221
 20
77.85115570231142
 10
50.54610109220221
 20
76.4541529083059
 10
48.64109728219455
 20
74.54914909829824
 10
47.24409448818892
 20
74.54914909829824
 10
41.910083820167756
 20
69.21513843027697
  0
LWPOLYLINE
  5
43f
330
1F
100
AcDbEntity
  8
TopLayer
100
AcDbPolyline
 90
1
 70
 0
 43
0.25400050800101603 
 10
57.64541529083067
 20
82.68224536449077
 10
55.8801117602236
 20
82.67716535433078
  0
LWPOLYLINE
  5
440
330
1F
100
AcDbEntity
  8
TopLayer
100
AcDbPolyline
 90
1
 70
 0
 43
0.25400050800101603 
 10
57.64541529083067
 20
83.95224790449583
 10
55.8801117602236
 20
83.94716789433585
  0
LWPOLYLINE
  5
441
330
1F
100
AcDbEntity
  8
TopLayer
100
AcDbPolyline
 90
1
 70
 0
 43
0.25400050800101603 
 10
28.067056134112363
 20
84.26212852425704
 10
28.0645161290322
 20
82.68224536449077
  0
LWPOLYLINE
  5
442
330
1F
100
AcDbEntity
  8
TopLayer
100
AcDbPolyline
 90
1
 70
 0
 43
0.25400050800101603 
 10
28.067056134112363
 20
85.66421132842277
 10
28.0695961391923
 20
87.02057404114817
  0
LWPOLYLINE
  5
443
330
1F
100
AcDbEntity
  8
TopLayer
100
AcDbPolyline
 90
1
 70
 0
 43
0.25400050800101603 
 10
36.32207264414524
 20
84.26212852425704
 10
36.32969265938527
 20
83.18516637033281
  0
LWPOLYLINE
  5
444
330
1F
100
AcDbEntity
  8
TopLayer
100
AcDbPolyline
 90
1
 70
 0
 43
0.25400050800101603 
 10
34.29006858013713
 20
84.26212852425704
 10
34.29768859537717
 20
83.18516637033281
  0
LWPOLYLINE
  5
445
330
1F
100
AcDbEntity
  8
TopLayer
100
AcDbPolyline
 90
1
 70
 0
 43
0.25400050800101603 
 10
32.24536449072889
 20
83.18516637033281
 10
32.258064516129025
 20
84.26212852425704
  0
LWPOLYLINE
  5
446
330
1F
100
AcDbEntity
  8
TopLayer
100
AcDbPolyline
 90
1
 70
 0
 43
0.25400050800101603 
 10
30.09906019812047
 20
85.66421132842277
 10
30.106680213360278
 20
87.02057404114817
  0
LWPOLYLINE
  5
447
330
1F
100
AcDbEntity
  8
TopLayer
100
AcDbPolyline
 90
1
 70
 0
 43
0.25400050800101603 
 10
32.258064516129025
 20
85.66421132842277
 10
32.26568453136906
 20
87.02057404114817
  0
LWPOLYLINE
  5
448
330
1F
100
AcDbEntity
  8
TopLayer
100
AcDbPolyline
 90
1
 70
 0
 43
0.25400050800101603 
 10
34.29006858013713
 20
85.66421132842277
 10
34.277368554736995
 20
87.02057404114817
  0
LWPOLYLINE
  5
449
330
1F
100
AcDbEntity
  8
TopLayer
100
AcDbPolyline
 90
1
 70
 0
 43
0.25400050800101603 
 10
36.32207264414524
 20
85.66421132842277
 10
36.32969265938527
 20
87.02057404114817
  0
LWPOLYLINE
  5
44a
330
1F
100
AcDbEntity
  8
TopLayer
100
AcDbPolyline
 90
4
 70
 0
 43
0.25400050800101603 
 10
56.515113030226075
 20
87.37617475234958
 10
55.245110490220895
 20
86.10617221234452
 10
55.245110490220895
 20
77.08915417830838
 10
57.272161544323126
 20
75.06210312420626
 10
57.64516129032245
 20
75.06210312420626
  0
LWPOLYLINE
  5
44b
330
1F
100
AcDbEntity
  8
TopLayer
100
AcDbPolyline
 90
2
 70
 0
 43
0.25400050800101603 
 10
54.35610871221752
 20
74.4221488442978
 10
56.25615951231907
 20
72.52209804419613
 10
57.6452168529338
 20
72.522105981712
  0
LWPOLYLINE
  5
44c
330
1F
100
AcDbEntity
  8
TopLayer
100
AcDbPolyline
 90
2
 70
 0
 43
0.25400050800101603 
 10
52.57810515621031
 20
87.37617475234958
 10
52.95910591821189
 20
86.99517399034801
 10
52.95910591821189
 20
75.5651511303023
  0
LWPOLYLINE
  5
44d
330
1F
100
AcDbEntity
  8
TopLayer
100
AcDbPolyline
 90
2
 70
 0
 43
0.25400050800101603 
 10
54.73710947421887
 20
70.99314198628406
 10
55.74815849631682
 20
69.982092964186
 10
57.64516129032245
 20
69.982092964186
  0
LWPOLYLINE
  5
44e
330
1F
100
AcDbEntity
  8
TopLayer
100
AcDbPolyline
 90
2
 70
 0
 43
0.25400050800101603 
 10
55.62611125222247
 20
87.37617475234958
 10
54.73710947421887
 20
86.48717297434598
 10
54.73710947421887
 20
76.58115316230635
  0
LWPOLYLINE
  5
44f
330
1F
100
AcDbEntity
  8
TopLayer
100
AcDbPolyline
 90
4
 70
 0
 43
0.25400050800101603 
 10
54.61010922021842
 20
87.37617475234958
 10
54.10210820421639
 20
86.86817373634756
 10
54.10210820421639
 20
76.32715265430534
 10
56.647193294386625
 20
73.79222758445519
 10
57.64541529083067
 20
73.79222758445519
  0
LWPOLYLINE
  5
450
330
1F
100
AcDbEntity
  8
TopLayer
100
AcDbPolyline
 90
3
 70
 0
 43
0.25400050800101603 
 10
53.594107188214366
 20
87.37617475234958
 10
53.594107188214366
 20
73.15214630429261
 10
55.50419100838212
 20
71.25222250444506
 10
57.64541529083067
 20
71.25222250444506
  0
LWPOLYLINE
  5
451
330
1F
100
AcDbEntity
  8
TopLayer
100
AcDbPolyline
 90
2
 70
 0
 43
0.25400050800101603 
 10
52.57810515621031
 20
88.64617729235465
 10
54.815087630175185
 20
90.88315976631952
 10
54.815087630175185
 20
99.00850901701801
  0
LWPOLYLINE
  5
452
330
1F
100
AcDbEntity
  8
TopLayer
100
AcDbPolyline
 90
2
 70
 0
 43
0.25400050800101603 
 10
53.594107188214366
 20
88.64617729235465
 10
55.31496062992119
 20
90.36703073406159
 10
55.31496062992119
 20
99.00850901701801
  0
LWPOLYLINE
  5
453
330
1F
100
AcDbEntity
  8
TopLayer
100
AcDbPolyline
 90
2
 70
 0
 43
0.25400050800101603 
 10
54.61010922021842
 20
88.64617729235465
 10
55.815087630175185
 20
89.85115570231153
 10
55.815087630175185
 20
99.00850901701801
  0
LWPOLYLINE
  5
454
330
1F
100
AcDbEntity
  8
TopLayer
100
AcDbPolyline
 90
2
 70
 0
 43
0.25400050800101603 
 10
55.62611125222247
 20
88.64617729235465
 10
56.314960629921416
 20
89.33502667005337
 10
56.314960629921416
 20
99.00850901701801
  0
LWPOLYLINE
  5
455
330
1F
100
AcDbEntity
  8
TopLayer
100
AcDbPolyline
 90
2
 70
 0
 43
0.25400050800101603 
 10
56.815087630175185
 20
99.00850901701801
 10
56.815087630175185
 20
88.94615189230387
 10
56.515113030226075
 20
88.64617729235465
  0
LWPOLYLINE
  5
456
330
1F
100
AcDbEntity
  8
TopLayer
100
AcDbPolyline
 90
1
 70
 0
 43
0.25400050800101603 
 10
58.92811785623576
 20
76.32715265430534
 10
57.64541529083067
 20
76.33223266446532
  0
LWPOLYLINE
  5
457
330
1F
100
AcDbEntity
  8
TopLayer
100
AcDbPolyline
 90
1
 70
 0
 43
0.25400050800101603 
 10
60.07112014224026
 20
86.36017272034553
 10
60.07112014224026
 20
82.67716535433078
  0
LWPOLYLINE
  5
458
330
1F
100
AcDbEntity
  8
TopLayer
100
AcDbPolyline
 90
2
 70
 0
 43
0.25400050800101603 
 10
57.81508763017541
 20
99.00850901701801
 10
57.81508763017541
 20
90.52120904241815
 10
59.690119380238684
 20
88.64617729235465
  0
LWPOLYLINE
  5
459
330
1F
100
AcDbEntity
  8
TopLayer
100
AcDbPolyline
 90
4
 70
 0
 43
0.25400050800101603 
 10
57.6452168529338
 20
77.60211614173238
 10
59.187079311658636
 20
77.60211614173238
 10
61.21412242824499
 20
79.62915925831862
 10
61.21412242824499
 20
86.99517399034801
 10
60.960121920243864
 20
87.37617475234958
  0
LWPOLYLINE
  5
45a
330
1F
100
AcDbEntity
  8
TopLayer
100
AcDbPolyline
 90
2
 70
 0
 43
0.25400050800101603 
 10
60.960121920243864
 20
88.64617729235465
 10
58.815138430276875
 20
90.79116078232164
 10
58.815138430276875
 20
99.00848361696728
  0
LWPOLYLINE
  5
45b
330
1F
100
AcDbEntity
  8
TopLayer
100
AcDbPolyline
 90
1
 70
 0
 43
0.25400050800101603 
 10
57.64541529083067
 20
85.2222504445009
 10
59.05511811023621
 20
85.21717043434091
  0
LWPOLYLINE
  5
45c
330
1F
100
AcDbEntity
  8
TopLayer
100
AcDbPolyline
 90
1
 70
 0
 43
0.25400050800101603 
 10
38.86207772415537
 20
80.13716027432065
 10
40.144780289560686
 20
80.14224028448064
  0
LWPOLYLINE
  5
45d
330
1F
100
AcDbEntity
  8
TopLayer
100
AcDbPolyline
 90
1
 70
 0
 43
0.25400050800101603 
 10
38.86207772415537
 20
81.40716281432572
 10
40.144780289560686
 20
81.4122428244857
  0
LWPOLYLINE
  5
45e
330
1F
100
AcDbEntity
  8
TopLayer
100
AcDbPolyline
 90
2
 70
 0
 43
0.25400050800101603 
 10
57.314960629921416
 20
99.00850901701801
 10
57.27711455422923
 20
99.0463550927102
 10
57.27711455422923
 20
100.71120142240295
  0
LWPOLYLINE
  5
45f
330
1F
100
AcDbEntity
  8
TopLayer
100
AcDbPolyline
 90
2
 70
 0
 43
0.25400050800101603 
 10
59.314960629921416
 20
99.00850901701801
 10
59.314960629921416
 20
100.5783591567183
 10
59.18211836423666
 20
100.71120142240295
  0
LWPOLYLINE
  5
460
330
1F
100
AcDbEntity
  8
TopLayer
100
AcDbPolyline
 90
1
 70
 0
 43
0.25400050800101603 
 10
58.92811785623576
 20
78.86715773431547
 10
57.64541529083067
 20
78.87223774447557
  0
LWPOLYLINE
  5
461
330
1F
100
AcDbEntity
  8
TopLayer
100
AcDbPolyline
 90
2
 70
 0
 43
0.25400050800101603 
 10
59.815135255270434
 20
99.00848361696728
 10
59.815138430276875
 20
93.60116840233684
 10
64.77012954025918
 20
88.64617729235465
  0
LWPOLYLINE
  5
462
330
1F
100
AcDbEntity
  8
TopLayer
100
AcDbPolyline
 90
2
 70
 0
 43
0.25400050800101603 
 10
38.86207772415537
 20
77.85115570231142
 10
39.111125222250394
 20
77.60210820421639
 10
40.14503429006868
 20
77.60210820421639
  0
LWPOLYLINE
  5
463
330
1F
100
AcDbEntity
  8
TopLayer
100
AcDbPolyline
 90
2
 70
 0
 43
0.25400050800101603 
 10
61.34112268224544
 20
97.15519431038865
 10
61.31496062992119
 20
97.18135636271279
 10
61.31496062992119
 20
99.00848361696728
  0
LWPOLYLINE
  5
464
330
1F
100
AcDbEntity
  8
TopLayer
100
AcDbPolyline
 90
3
 70
 0
 43
0.25400050800101603 
 10
42.164084328168656
 20
76.58115316230635
 10
42.164084328168656
 20
77.72415544831097
 10
41.016121094742175
 20
78.87211868173745
 10
40.144978727457556
 20
78.87211868173745
  0
LWPOLYLINE
  5
465
330
1F
100
AcDbEntity
  8
TopLayer
100
AcDbPolyline
 90
2
 70
 0
 43
0.25400050800101603 
 10
62.31496062992119
 20
99.00850901701801
 10
62.357124714249494
 20
98.96634493268994
 10
62.357124714249494
 20
92.45618491236985
  0
LWPOLYLINE
  5
466
330
1F
100
AcDbEntity
  8
TopLayer
100
AcDbPolyline
 90
2
 70
 0
 43
0.25400050800101603 
 10
63.500127000254
 20
95.88519177038359
 10
63.31496062992119
 20
96.07035814071628
 10
63.31496062992119
 20
99.00850901701801
  0
LWPOLYLINE
  5
467
330
1F
100
AcDbEntity
  8
TopLayer
100
AcDbPolyline
 90
1
 70
 0
 43
0.25400050800101603 
 10
38.86207772415537
 20
76.32715265430534
 10
40.144780289560686
 20
76.33223266446532
  0
LWPOLYLINE
  5
468
330
1F
100
AcDbEntity
  8
TopLayer
100
AcDbPolyline
 90
2
 70
 0
 43
0.25400050800101603 
 10
64.31496062992119
 20
99.00850901701801
 10
64.26212852425715
 20
98.95567691135386
 10
64.26212852425715
 20
93.09118618237244
  0
LWPOLYLINE
  5
469
330
1F
100
AcDbEntity
  8
TopLayer
100
AcDbPolyline
 90
2
 70
 0
 43
0.25400050800101603 
 10
38.35407670815334
 20
85.47117094234193
 10
36.80416560833123
 20
87.02108204216415
 10
25.273050546101103
 20
87.02108204216415
  0
LWPOLYLINE
  5
46a
330
1F
100
AcDbEntity
  8
TopLayer
100
AcDbPolyline
 90
2
 70
 0
 43
0.25400050800101603 
 10
40.144978727457556
 20
82.68212630175265
 10
25.30391160782324
 20
82.68211836423677
 10
25.273050546101103
 20
82.65125730251464
  0
LWPOLYLINE
  5
46b
330
1F
100
AcDbEntity
  8
TopLayer
100
AcDbPolyline
 90
2
 70
 0
 43
0.25400050800101603 
 10
60.47802895605787
 20
64.64312928625861
 10
60.45212090424184
 20
64.66903733807465
 10
60.45212090424184
 20
66.67513335026672
  0
LWPOLYLINE
  5
46c
330
1F
100
AcDbEntity
  8
TopLayer
100
AcDbPolyline
 90
2
 70
 0
 43
0.25400050800101603 
 10
56.10820421640847
 20
64.64312928625861
 10
57.64516129032245
 20
66.18008636017271
 10
57.64516129032245
 20
68.71209042418081
  0
LWPOLYLINE
  5
46d
330
1F
100
AcDbEntity
  8
TopLayer
100
AcDbPolyline
 90
1
 70
 0
 43
0.25400050800101603 
 10
40.144780289560686
 20
83.95224790449583
 10
38.35407670815334
 20
83.94716789433585
  0
LWPOLYLINE
  5
46e
330
1F
100
AcDbEntity
  8
TopLayer
100
AcDbPolyline
 90
2
 70
 0
 43
0.25400050800101603 
 10
40.14503429006868
 20
85.2221234442469
 10
39.895986791973655
 20
85.47117094234193
 10
38.35407670815334
 20
85.47117094234193
  0
LWPOLYLINE
  5
46f
330
1F
100
AcDbEntity
  8
TopLayer
100
AcDbPolyline
 90
2
 70
 0
 43
0.25400050800101603 
 10
63.815087630175185
 20
99.00850901701801
 10
63.754127508255124
 20
99.06946913893842
 10
63.754127508255124
 20
100.71120142240295
  0
LWPOLYLINE
  5
470
330
1F
100
AcDbEntity
  8
TopLayer
100
AcDbPolyline
 90
2
 70
 0
 43
0.25400050800101603 
 10
60.31496062992119
 20
99.00850901701801
 10
60.57912115824229
 20
99.27266954533911
 10
60.57912115824229
 20
100.71120142240295
  0
LWPOLYLINE
  5
471
330
1F
100
AcDbEntity
  8
TopLayer
100
AcDbPolyline
 90
2
 70
 0
 43
0.25400050800101603 
 10
60.81508763017541
 20
99.00850901701801
 10
60.57912115824229
 20
99.24447548895102
 10
60.57912115824229
 20
100.71120142240295
  0
LWPOLYLINE
  5
472
330
1F
100
AcDbEntity
  8
TopLayer
100
AcDbPolyline
 90
2
 70
 0
 43
0.25400050800101603 
 10
66.96316992633979
 20
102.15989331978676
 10
67.03848107696217
 20
102.23520447040903
 10
68.58013716027426
 20
102.23520447040903
  0
LWPOLYLINE
  5
473
330
1F
100
AcDbEntity
  8
TopLayer
100
AcDbPolyline
 90
1
 70
 0
 43
0.25400050800101603 
 10
61.81610363220716
 20
99.0093980187961
 10
61.79832359664715
 20
102.15900431800867
  0
LWPOLYLINE
  5
474
330
1F
100
AcDbEntity
  8
TopLayer
100
AcDbPolyline
 90
1
 70
 0
 43
0.25400050800101603 
 10
58.31597663195339
 20
99.0093980187961
 10
58.29311658623328
 20
102.15900431800867
  0
LWPOLYLINE
  5
475
330
1F
100
AcDbEntity
  8
TopLayer
100
AcDbPolyline
 90
1
 70
 0
 43
0.25400050800101603 
 10
65.31369062738145
 20
99.0093980187961
 10
65.30353060706125
 20
102.15900431800867
  0
LWPOLYLINE
  5
476
330
1F
100
AcDbEntity
  8
TopLayer
100
AcDbPolyline
 90
1
 70
 0
 43
0.25400050800101603 
 10
64.8158496316994
 20
99.0093980187961
 10
64.79552959105922
 20
102.15900431800867
  0
LWPOLYLINE
  5
477
330
1F
100
AcDbEntity
  8
TopLayer
100
AcDbPolyline
 90
2
 70
 0
 43
0.25400050800101603 
 10
54.31496062992119
 20
99.00850901701801
 10
54.380416560833055
 20
99.07396494793
 10
54.380416560833055
 20
102.15989331978676
  0
LWPOLYLINE
  5
478
330
1F
100
AcDbEntity
  8
TopLayer
100
AcDbPolyline
 90
1
 70
 0
 43
0.25400050800101603 
 10
53.815087630175185
 20
99.0093980187961
 10
53.82270764541522
 20
102.15900431800867
  0
LWPOLYLINE
  5
479
330
1F
100
AcDbEntity
  8
TopLayer
100
AcDbPolyline
 90
1
 70
 0
 43
0.25400050800101603 
 10
66.96316992633979
 20
102.15989331978676
 10
52.16306832613668
 20
102.15989331978676
  0
LWPOLYLINE
  5
47a
330
1F
100
AcDbEntity
  8
TopLayer
100
AcDbPolyline
 90
2
 70
 0
 43
0.25400050800101603 
 10
67.96113792227584
 20
88.01117602235206
 10
62.815087630175185
 20
93.15722631445271
 10
62.815087630175185
 20
99.00850901701801
  0
LWPOLYLINE
  5
47b
330
1F
100
AcDbEntity
  8
TopLayer
100
AcDbPolyline
 90
2
 70
 0
 43
0.25400050800101603 
 10
43.433324866649855
 20
63.31013462026931
 10
43.433324866649855
 20
64.89636779273565
 10
43.434086868173836
 20
64.89712979425963
  0
LWPOLYLINE
  5
47c
330
1F
100
AcDbEntity
  8
TopLayer
100
AcDbPolyline
 90
2
 70
 0
 43
0.25400050800101603 
 10
40.133096266192524
 20
58.61010922021853
 10
40.0050800101601
 20
58.482092964185995
 10
40.0050800101601
 20
56.64211328422664
  0
LWPOLYLINE
  5
47d
330
1F
100
AcDbEntity
  8
TopLayer
100
AcDbPolyline
 90
2
 70
 0
 43
0.25400050800101603 
 10
48.795021590043234
 20
77.50203200406406
 10
48.890144780289575
 20
77.5971551943104
 10
49.657099314198604
 20
77.5971551943104
  0
LWPOLYLINE
  5
47e
330
1F
100
AcDbEntity
  8
TopLayer
100
AcDbPolyline
 90
4
 70
 0
 43
0.25400050800101603 
 10
40.133096266192524
 20
63.31013462026931
 10
37.33807467614929
 20
66.10515621031243
 10
37.33807467614929
 20
69.34213868427742
 10
39.248039433578924
 20
71.25210344170694
 10
40.144978727457556
 20
71.25210344170694
  0
LWPOLYLINE
  5
47f
330
1F
100
AcDbEntity
  8
TopLayer
100
AcDbPolyline
 90
1
 70
 0
 43
0.25400050800101603 
 10
48.795021590043234
 20
76.1019812039624
 10
48.795021590043234
 20
77.50203200406406
  0
LWPOLYLINE
  5
480
330
1F
100
AcDbEntity
  8
TopLayer
100
AcDbPolyline
 90
1
 70
 0
 43
0.25400050800101603 
 10
45.99491998984013
 20
77.50203200406406
 10
45.99491998984013
 20
76.1019812039624
  0
LWPOLYLINE
  5
481
330
1F
100
AcDbEntity
  8
TopLayer
100
AcDbPolyline
 90
1
 70
 0
 43
0.25400050800101603 
 10
47.39497078994168
 20
77.50203200406406
 10
47.39497078994168
 20
76.1019812039624
  0
LWPOLYLINE
  5
482
330
1F
100
AcDbEntity
  8
TopLayer
100
AcDbPolyline
 90
1
 70
 0
 43
0.25400050800101603 
 10
45.99491998984013
 20
77.50203200406406
 10
45.99491998984013
 20
78.90208280416562
  0
LWPOLYLINE
  5
483
330
1F
100
AcDbEntity
  8
TopLayer
100
AcDbPolyline
 90
1
 70
 0
 43
0.25400050800101603 
 10
47.39497078994168
 20
77.50203200406406
 10
47.39497078994168
 20
78.90208280416562
  0
LWPOLYLINE
  5
484
330
1F
100
AcDbEntity
  8
TopLayer
100
AcDbPolyline
 90
1
 70
 0
 43
0.25400050800101603 
 10
48.795021590043234
 20
77.50203200406406
 10
48.795021590043234
 20
78.90208280416562
  0
LWPOLYLINE
  5
485
330
1F
100
AcDbEntity
  8
TopLayer
100
AcDbPolyline
 90
2
 70
 0
 43
0.25400050800101603 
 10
56.7691135382272
 20
57.5052070104141
 10
56.99720599441207
 20
57.277114554229115
 10
58.54711709423418
 20
57.277114554229115
  0
LWPOLYLINE
  5
486
330
1F
100
AcDbEntity
  8
TopLayer
100
AcDbPolyline
 90
2
 70
 0
 43
0.25400050800101603 
 10
64.26212852425715
 20
61.84912369824747
 10
64.23619507239005
 20
61.875057150114344
 10
56.7691135382272
 20
61.875057150114344
  0
LWPOLYLINE
  5
487
330
1F
100
AcDbEntity
  8
TopLayer
100
AcDbPolyline
 90
3
 70
 0
 43
0.25400050800101603 
 10
67.95707391414771
 20
59.277114554229115
 10
67.95707391414771
 20
59.805181610363206
 10
67.81813563627134
 20
59.94411988823981
 10
66.67513335026683
 20
59.94411988823981
  0
LWPOLYLINE
  5
488
330
1F
100
AcDbEntity
  8
TopLayer
100
AcDbPolyline
 90
5
 70
 0
 43
0.25400050800101603 
 10
69.45720091440194
 20
59.277114554229115
 10
69.45720091440194
 20
60.46405892811788
 10
68.19913639827291
 20
61.722123444246904
 10
65.02413004826008
 20
61.722123444246904
 10
59.563119126238234
 20
56.26111252222506
 10
59.563119126238234
 20
51.56210312420626
  0
LWPOLYLINE
  5
489
330
1F
100
AcDbEntity
  8
TopLayer
100
AcDbPolyline
 90
7
 70
 0
 43
0.25400050800101603 
 10
68.95707391414794
 20
59.277114554229115
 10
68.95707391414794
 20
60.3291846583694
 10
68.19913639827291
 20
61.08712217424443
 10
65.02413004826008
 20
61.08712217424443
 10
62.86512573025152
 20
58.92811785623576
 10
62.86512573025152
 20
55.24511049022101
 10
62.10312420624837
 20
54.48310896621797
 10
62.10312420624837
 20
51.56210312420626
  0
LWPOLYLINE
  5
48a
330
1F
100
AcDbEntity
  8
TopLayer
100
AcDbPolyline
 90
7
 70
 0
 43
0.25400050800101603 
 10
68.45720091440171
 20
59.277114554229115
 10
68.45720091440171
 20
60.19405638811281
 10
68.07213614427224
 20
60.5791211582424
 10
65.15113030226053
 20
60.5791211582424
 10
63.37312674625355
 20
58.80111760223531
 10
63.37312674625355
 20
54.61010922021853
 10
64.6431292862585
 20
53.34010668021335
 10
64.6431292862585
 20
51.56210312420626
  0
LWPOLYLINE
  5
48b
330
1F
100
AcDbEntity
  8
TopLayer
100
AcDbPolyline
 90
3
 70
 0
 43
0.25400050800101603 
 10
67.45722631445256
 20
55.27711455422923
 10
67.18313436626886
 20
55.00307340614677
 10
65.29009398018798
 20
55.00307340614677
 10
65.2781305562612
 20
54.991109982219996
  0
LWPOLYLINE
  5
48c
330
1F
100
AcDbEntity
  8
TopLayer
100
AcDbPolyline
 90
2
 70
 0
 43
0.25400050800101603 
 10
67.43713487426976
 20
54.229108458216956
 10
67.9570485140971
 20
54.74902209804418
 10
67.95704216408444
 20
55.27711455422923
  0
LWPOLYLINE
  5
48d
330
1F
100
AcDbEntity
  8
TopLayer
100
AcDbPolyline
 90
2
 70
 0
 43
0.25400050800101603 
 10
68.45313690627381
 20
53.59410718821448
 10
68.45313690627381
 20
55.27302514605037
 10
68.45722631445256
 20
55.27711455422923
  0
LWPOLYLINE
  5
48e
330
1F
100
AcDbEntity
  8
TopLayer
100
AcDbPolyline
 90
2
 70
 0
 43
0.25400050800101603 
 10
69.46913893827787
 20
53.467106934213916
 10
68.95707391414794
 20
53.979171958343954
 10
68.95707391414794
 20
55.27711455422923
  0
LWPOLYLINE
  5
48f
330
1F
100
AcDbEntity
  8
TopLayer
100
AcDbPolyline
 90
3
 70
 0
 43
0.25400050800101603 
 10
69.45643891287773
 20
55.2781305562612
 10
69.46913893827787
 20
54.864109728219546
 10
70.35814071628147
 20
53.97510795021594
 10
70.35814071628147
 20
51.56210312420626
  0
LWPOLYLINE
  5
490
330
1F
100
AcDbEntity
  8
TopLayer
100
AcDbPolyline
 90
2
 70
 0
 43
0.25400050800101603 
 10
66.70713741427494
 20
56.02717805435623
 10
67.46990093980185
 20
56.02717805435623
 10
68.71983743967485
 20
57.277114554229115
  0
LWPOLYLINE
  5
491
330
1F
100
AcDbEntity
  8
TopLayer
100
AcDbPolyline
 90
2
 70
 0
 43
0.25400050800101603 
 10
67.46507493014974
 20
59.277114554229115
 10
67.46507493014974
 20
58.53187706375422
 10
68.71983743967485
 20
57.277114554229115
  0
LWPOLYLINE
  5
492
330
1F
100
AcDbEntity
  8
TopLayer
100
AcDbPolyline
 90
2
 70
 0
 43
0.25400050800101603 
 10
70.70713741427471
 20
57.02717805435623
 10
68.96977393954785
 20
57.02717805435623
 10
68.71983743967485
 20
57.277114554229115
  0
LWPOLYLINE
  5
493
330
1F
100
AcDbEntity
  8
TopLayer
100
AcDbPolyline
 90
2
 70
 0
 43
0.25400050800101603 
 10
70.70713741427471
 20
57.02717805435623
 10
73.7830835661673
 20
57.02717805435623
 10
74.29514859029723
 20
56.515113030226075
  0
LWPOLYLINE
  5
494
330
1F
100
AcDbEntity
  8
TopLayer
100
AcDbPolyline
 90
2
 70
 0
 43
0.25400050800101603 
 10
69.95707391414794
 20
59.277114554229115
 10
80.42316484632988
 20
59.277114554229115
 10
88.13817627635262
 20
51.56210312420626
  0
LWPOLYLINE
  5
495
330
1F
100
AcDbEntity
  8
TopLayer
100
AcDbPolyline
 90
2
 70
 0
 43
0.25400050800101603 
 10
70.70713741427471
 20
58.52705105410212
 10
78.63322326644652
 20
58.52705105410212
 10
85.59817119634249
 20
51.56210312420626
  0
LWPOLYLINE
  5
496
330
1F
100
AcDbEntity
  8
TopLayer
100
AcDbPolyline
 90
2
 70
 0
 43
0.25400050800101603 
 10
70.70713741427471
 20
58.02717805435611
 10
76.59309118618239
 20
58.02717805435611
 10
83.05816611633236
 20
51.56210312420626
  0
LWPOLYLINE
  5
497
330
1F
100
AcDbEntity
  8
TopLayer
100
AcDbPolyline
 90
2
 70
 0
 43
0.25400050800101603 
 10
70.70713741427471
 20
57.52705105410212
 10
74.55321310642626
 20
57.52705105410212
 10
80.518161036322
 20
51.56210312420626
  0
LWPOLYLINE
  5
498
330
1F
100
AcDbEntity
  8
TopLayer
100
AcDbPolyline
 90
2
 70
 0
 43
0.25400050800101603 
 10
70.70713741427471
 20
56.52705105410212
 10
73.01320802641612
 20
56.52705105410212
 10
77.97815595631187
 20
51.56210312420626
  0
LWPOLYLINE
  5
499
330
1F
100
AcDbEntity
  8
TopLayer
100
AcDbPolyline
 90
2
 70
 0
 43
0.25400050800101603 
 10
70.70713741427471
 20
56.02717805435623
 10
75.1722123444249
 20
51.56210312420626
 10
75.43815087630173
 20
51.56210312420626
  0
LWPOLYLINE
  5
49a
330
1F
100
AcDbEntity
  8
TopLayer
100
AcDbPolyline
 90
2
 70
 0
 43
0.25400050800101603 
 10
69.95707391414794
 20
55.27711455422923
 10
72.8981457962916
 20
52.33604267208534
 10
72.8981457962916
 20
51.56210312420626
  0
LWPOLYLINE
  5
49b
330
1F
100
AcDbEntity
  8
TopLayer
100
AcDbPolyline
 90
2
 70
 0
 43
0.25400050800101603 
 10
77.65913131826255
 20
68.70713741427483
 10
77.21615443230894
 20
69.15011430022867
 10
77.21615443230894
 20
70.10414020828046
  0
LWPOLYLINE
  5
49c
330
1F
100
AcDbEntity
  8
TopLayer
100
AcDbPolyline
 90
2
 70
 0
 43
0.25400050800101603 
 10
79.05918211836433
 20
68.70713741427483
 10
78.7462534925071
 20
68.39420878841759
 10
78.7462534925071
 20
67.37109474218948
  0
LWPOLYLINE
  5
49d
330
1F
100
AcDbEntity
  8
TopLayer
100
AcDbPolyline
 90
3
 70
 0
 43
0.25400050800101603 
 10
77.21615443230894
 20
70.10414020828046
 10
77.85115570231142
 20
70.73914147828305
 10
87.12217424434857
 20
70.73914147828305
 10
87.12217424434857
 20
69.07289814579633
  0
LWPOLYLINE
  5
49e
330
1F
100
AcDbEntity
  8
TopLayer
100
AcDbPolyline
 90
2
 70
 0
 43
0.25400050800101603 
 10
79.75615951231907
 20
71.50114300228608
 10
80.38247396494785
 20
72.12745745491497
 10
80.38247396494785
 20
72.51714503429014
  0
LWPOLYLINE
  5
49f
330
1F
100
AcDbEntity
  8
TopLayer
100
AcDbPolyline
 90
2
 70
 0
 43
0.25400050800101603 
 10
78.87579375158748
 20
72.51714503429014
 10
77.21615443230894
 20
70.85750571501148
 10
77.21615443230894
 20
70.10414020828046
  0
LWPOLYLINE
  5
4a0
330
1F
100
AcDbEntity
  8
TopLayer
100
AcDbPolyline
 90
1
 70
 0
 43
0.25400050800101603 
 10
81.85318770637559
 20
61.46812293624589
 10
83.05816611633236
 20
61.46812293624589
  0
LWPOLYLINE
  5
4a1
330
1F
100
AcDbEntity
  8
TopLayer
100
AcDbPolyline
 90
2
 70
 0
 43
0.25400050800101603 
 10
79.62915925831862
 20
64.77012954025918
 10
80.01016002031997
 20
65.15113030226064
 10
80.01016002031997
 20
65.44107188214389
  0
LWPOLYLINE
  5
4a2
330
1F
100
AcDbEntity
  8
TopLayer
100
AcDbPolyline
 90
1
 70
 0
 43
0.25400050800101603 
 10
80.45313690627381
 20
61.46812293624589
 10
79.24815849631705
 20
61.46812293624589
  0
LWPOLYLINE
  5
4a3
330
1F
100
AcDbEntity
  8
TopLayer
100
AcDbPolyline
 90
2
 70
 0
 43
0.25400050800101603 
 10
80.71120142240284
 20
67.34023368046746
 10
80.77216154432313
 20
67.40119380238764
 10
80.77216154432313
 20
68.45313690627381
  0
LWPOLYLINE
  5
4a4
330
1F
100
AcDbEntity
  8
TopLayer
100
AcDbPolyline
 90
4
 70
 0
 43
0.25400050800101603 
 10
80.71120142240284
 20
64.74003048006102
 10
80.01016002031997
 20
65.44107188214389
 10
80.01016002031997
 20
65.78613157226323
 10
79.3751587503175
 20
66.4211328422657
 10
78.7462534925071
 20
66.4211328422657
  0
LWPOLYLINE
  5
4a5
330
1F
100
AcDbEntity
  8
TopLayer
100
AcDbPolyline
 90
4
 70
 0
 43
0.25400050800101603 
 10
81.66116332232673
 20
64.74003048006102
 10
81.66116332232673
 20
64.3891287782576
 10
81.02616205232403
 20
63.75412750825501
 10
76.32715265430534
 20
63.75412750825501
 10
75.31115062230128
 20
64.77012954025918
  0
LWPOLYLINE
  5
4a6
330
1F
100
AcDbEntity
  8
TopLayer
100
AcDbPolyline
 90
2
 70
 0
 43
0.25400050800101603 
 10
81.66116332232673
 20
66.04013208026424
 10
80.71120142240284
 20
65.09017018034046
 10
80.71120142240284
 20
64.74003048006102
  0
LWPOLYLINE
  5
4a7
330
1F
100
AcDbEntity
  8
TopLayer
100
AcDbPolyline
 90
2
 70
 0
 43
0.25400050800101603 
 10
82.6111252222504
 20
64.74003048006102
 10
82.6111252222504
 20
65.09017018034046
 10
81.66116332232673
 20
66.04013208026424
  0
LWPOLYLINE
  5
4a8
330
1F
100
AcDbEntity
  8
TopLayer
100
AcDbPolyline
 90
1
 70
 0
 43
0.25400050800101603 
 10
76.44805689611371
 20
66.4211328422657
 10
75.31115062230128
 20
66.4211328422657
  0
LWPOLYLINE
  5
4a9
330
1F
100
AcDbEntity
  8
TopLayer
100
AcDbPolyline
 90
2
 70
 0
 43
0.25400050800101603 
 10
76.44805689611371
 20
65.47117094234204
 10
76.38201676403355
 20
65.40513081026165
 10
71.88214376428755
 20
65.40513081026165
  0
LWPOLYLINE
  5
4aa
330
1F
100
AcDbEntity
  8
TopLayer
100
AcDbPolyline
 90
2
 70
 0
 43
0.25400050800101603 
 10
76.44805689611371
 20
67.37109474218948
 10
74.99116078232169
 20
67.37109474218948
 10
74.86416052832124
 20
67.24409448818892
  0
LWPOLYLINE
  5
4ab
330
1F
100
AcDbEntity
  8
TopLayer
100
AcDbPolyline
 90
2
 70
 0
 43
0.25400050800101603 
 10
71.88214376428755
 20
65.40513081026165
 10
71.42115824231632
 20
64.94414528829066
 10
71.42115824231632
 20
64.70408940817879
  0
LWPOLYLINE
  5
4ac
330
1F
100
AcDbEntity
  8
TopLayer
100
AcDbPolyline
 90
6
 70
 0
 43
0.25400050800101603 
 10
74.86416052832124
 20
67.24409448818892
 10
73.53314706629408
 20
65.91313182626368
 10
70.35814071628147
 20
65.91313182626368
 10
69.97713995427989
 20
65.53213106426222
 10
69.97713995427989
 20
63.246126492252984
 10
70.41915163830345
 20
62.804165608331346
 10
71.42115824231632
 20
62.804165608331346
  0
LWPOLYLINE
  5
4ad
330
1F
100
AcDbEntity
  8
TopLayer
100
AcDbPolyline
 90
2
 70
 0
 43
0.25400050800101603 
 10
74.12115824231637
 20
62.804165608331346
 10
82.85420370840757
 20
62.804165608331346
 10
87.12217424434857
 20
67.07213614427235
  0
LWPOLYLINE
  5
4ae
330
1F
100
AcDbEntity
  8
TopLayer
100
AcDbPolyline
 90
2
 70
 0
 43
0.25400050800101603 
 10
74.12115824231637
 20
64.70408940817879
 10
74.18719837439676
 20
64.77012954025918
 10
75.31115062230128
 20
64.77012954025918
  0
LWPOLYLINE
  5
4af
330
1F
100
AcDbEntity
  8
TopLayer
100
AcDbPolyline
 90
1
 70
 0
 43
0.25400050800101603 
 10
71.4211328422657
 20
63.75412750825501
 10
74.12113284226575
 20
63.75412750825501
  0
LWPOLYLINE
  5
4b0
330
1F
100
AcDbEntity
  8
TopLayer
100
AcDbPolyline
 90
1
 70
 0
 43
0.25400050800101603 
 10
73.39344678689349
 20
70.10414020828046
 10
74.67614935229881
 20
70.10414020828046
  0
LWPOLYLINE
  5
4b1
330
1F
100
AcDbEntity
  8
TopLayer
100
AcDbPolyline
 90
2
 70
 0
 43
0.25400050800101603 
 10
62.87376174752353
 20
73.66014732029464
 10
62.73812547625107
 20
73.79578359156721
 10
62.73812547625107
 20
74.93014986029982
  0
LWPOLYLINE
  5
4b2
330
1F
100
AcDbEntity
  8
TopLayer
100
AcDbPolyline
 90
3
 70
 0
 43
0.25400050800101603 
 10
67.57683515367034
 20
72.64414528829059
 10
66.67513335026683
 20
72.64414528829059
 10
65.65913131826255
 20
73.66014732029464
 10
64.38049276098559
 20
73.66014732029464
  0
LWPOLYLINE
  5
4b3
330
1F
100
AcDbEntity
  8
TopLayer
100
AcDbPolyline
 90
5
 70
 0
 43
0.25400050800101603 
 10
62.87376174752353
 20
71.88214376428755
 10
62.87376174752353
 20
71.38277876555765
 10
61.72212344424702
 20
70.23114046228102
 10
61.72212344424702
 20
65.78613157226323
 10
62.73812547625107
 20
64.77012954025918
 10
63.59291338582693
 20
64.77012954025918
  0
LWPOLYLINE
  5
4b4
330
1F
100
AcDbEntity
  8
TopLayer
100
AcDbPolyline
 90
3
 70
 0
 43
0.25400050800101603 
 10
62.87274574549156
 20
70.10414020828046
 10
62.86512573025152
 20
67.94513589027179
 10
63.594107188214366
 20
67.21869443738888
 10
63.594107188214366
 20
67.18313436626875
  0
LWPOLYLINE
  5
4b5
330
1F
100
AcDbEntity
  8
TopLayer
100
AcDbPolyline
 90
2
 70
 0
 43
0.25400050800101603 
 10
66.54813309626616
 20
70.10414020828046
 10
64.77012954025918
 20
71.88214376428755
 10
64.38049276098559
 20
71.88214376428755
  0
LWPOLYLINE
  5
4b6
330
1F
100
AcDbEntity
  8
TopLayer
100
AcDbPolyline
 90
1
 70
 0
 43
0.25400050800101603 
 10
66.54813309626616
 20
70.10414020828046
 10
64.38049276098559
 20
70.10414020828046
  0
LWPOLYLINE
  5
4b7
330
1F
100
AcDbEntity
  8
TopLayer
100
AcDbPolyline
 90
6
 70
 0
 43
0.25400050800101603 
 10
65.69349758699514
 20
64.77012954025918
 10
67.34450088900189
 20
66.4211328422657
 10
73.40614681229363
 20
66.4211328422657
 10
76.45415290830579
 20
69.46913893827798
 10
76.45415290830579
 20
71.24714249428507
 10
75.05715011430016
 20
72.64414528829059
 10
73.39344678689349
 20
72.64414528829059
  0
LWPOLYLINE
  5
4b8
330
1F
100
AcDbEntity
  8
TopLayer
100
AcDbPolyline
 90
5
 70
 0
 43
0.25400050800101603 
 10
73.39344678689349
 20
71.37414274828552
 10
75.31115062230128
 20
71.37414274828552
 10
75.81915163830331
 20
70.8661417322835
 10
75.81915163830331
 20
69.97713995428
 10
73.02514605029205
 20
67.18313436626875
 10
65.69342138684283
 20
67.18313436626875
  0
LWPOLYLINE
  5
4b9
330
1F
100
AcDbEntity
  8
TopLayer
100
AcDbPolyline
 90
1
 70
 0
 43
0.25400050800101603 
 10
66.54813309626616
 20
70.10414020828046
 10
67.57683515367034
 20
70.10414020828046
  0
LWPOLYLINE
  5
4ba
330
1F
100
AcDbEntity
  8
TopLayer
100
AcDbPolyline
 90
1
 70
 0
 43
0.25400050800101603 
 10
74.42214884429768
 20
73.91414782829565
 10
73.39344678689349
 20
73.91414782829565
  0
LWPOLYLINE
  5
4bb
330
1F
100
AcDbEntity
  8
TopLayer
100
AcDbPolyline
 90
3
 70
 0
 43
0.25400050800101603 
 10
67.57678435356866
 20
71.37414274828552
 10
68.58013716027426
 20
71.37414274828552
 10
69.21513843027697
 20
72.00914401828811
 10
70.48514097028192
 20
72.00914401828811
  0
LWPOLYLINE
  5
4bc
330
1F
100
AcDbEntity
  8
TopLayer
100
AcDbPolyline
 90
2
 70
 0
 43
0.25400050800101603 
 10
67.57683515367034
 20
73.91414782829565
 10
68.46304292608579
 20
74.80035560071121
 10
69.91513843027701
 20
74.80035560071121
  0
LWPOLYLINE
  5
4bd
330
1F
100
AcDbEntity
  8
TopLayer
100
AcDbPolyline
 90
2
 70
 0
 43
0.25400050800101603 
 10
70.48514097028192
 20
72.00914401828811
 10
69.91513843027701
 20
72.57914655829313
 10
69.91513843027701
 20
76.4541529083059
  0
LWPOLYLINE
  5
4be
330
1F
100
AcDbEntity
  8
TopLayer
100
AcDbPolyline
 90
1
 70
 0
 43
0.25400050800101603 
 10
66.4211328422657
 20
80.2641605283211
 10
67.73522987045976
 20
80.26393192786395
  0
LWPOLYLINE
  5
4bf
330
1F
100
AcDbEntity
  8
TopLayer
100
AcDbPolyline
 90
1
 70
 0
 43
0.25400050800101603 
 10
60.07112014224026
 20
80.13716027432065
 10
57.64541529083067
 20
80.14224028448064
  0
LWPOLYLINE
  5
4c0
330
1F
100
AcDbEntity
  8
TopLayer
100
AcDbPolyline
 90
1
 70
 0
 43
0.25400050800101603 
 10
60.07112014224026
 20
81.40716281432572
 10
57.64541529083067
 20
81.4122428244857
  0
LWPOLYLINE
  5
4c1
330
1F
100
AcDbEntity
  8
TopLayer
100
AcDbPolyline
 90
3
 70
 0
 43
0.25400050800101603 
 10
67.73522987045976
 20
79.26393192786395
 10
66.27835915671835
 20
79.26393192786395
 10
64.13512827025647
 20
81.40716281432572
 10
63.2461264922531
 20
81.40716281432572
  0
LWPOLYLINE
  5
4c2
330
1F
100
AcDbEntity
  8
TopLayer
100
AcDbPolyline
 90
5
 70
 0
 43
0.25400050800101603 
 10
67.96113792227584
 20
84.70916941833889
 10
64.3891287782576
 20
84.70916941833889
 10
61.72212344424702
 20
82.04216408432819
 10
61.72212344424702
 20
71.12014224028451
 10
59.31407162814344
 20
68.71209042418081
 10
57.64516129032245
 20
68.71209042418081
  0
LWPOLYLINE
  5
4c3
330
1F
100
AcDbEntity
  8
TopLayer
100
AcDbPolyline
 90
3
 70
 0
 43
0.25400050800101603 
 10
65.91313182626368
 20
83.95478790957588
 10
68.70713741427494
 20
83.94716789433585
 10
69.96189992379982
 20
85.20193040386084
 10
69.96189992379982
 20
85.65913131826267
  0
LWPOLYLINE
  5
4c4
330
1F
100
AcDbEntity
  8
TopLayer
100
AcDbPolyline
 90
2
 70
 0
 43
0.25400050800101603 
 10
65.91313182626368
 20
83.95580391160786
 10
67.6050038100077
 20
82.26393192786384
 10
67.73522987045976
 20
82.26393192786384
  0
LWPOLYLINE
  5
4c5
330
1F
100
AcDbEntity
  8
TopLayer
100
AcDbPolyline
 90
2
 70
 0
 43
0.25400050800101603 
 10
65.91313182626368
 20
85.46253492506992
 10
67.51181102362193
 20
87.0612141224284
 10
69.96113792227584
 20
87.0612141224284
  0
LWPOLYLINE
  5
4c6
330
1F
100
AcDbEntity
  8
TopLayer
100
AcDbPolyline
 90
2
 70
 0
 43
0.25400050800101603 
 10
69.96113792227584
 20
88.96113792227584
 10
73.27051054102117
 20
85.65176530353062
 10
73.27051054102117
 20
83.82016764033528
  0
LWPOLYLINE
  5
4c7
330
1F
100
AcDbEntity
  8
TopLayer
100
AcDbPolyline
 90
2
 70
 0
 43
0.25400050800101603 
 10
71.76377952755888
 20
83.82016764033528
 10
71.70281940563882
 20
83.75920751841511
 10
69.96113792227584
 20
83.75920751841511
  0
LWPOLYLINE
  5
4c8
330
1F
100
AcDbEntity
  8
TopLayer
100
AcDbPolyline
 90
5
 70
 0
 43
0.25400050800101603 
 10
73.2359664719329
 20
81.26492252984508
 10
74.16814833629678
 20
81.28016256032515
 10
74.54914909829813
 20
81.66116332232673
 10
74.54914909829813
 20
82.80416560833123
 10
73.53314706629408
 20
83.82016764033528
 10
73.27152654305314
 20
83.82016764033528
  0
LWPOLYLINE
  5
4c9
330
1F
100
AcDbEntity
  8
TopLayer
100
AcDbPolyline
 90
2
 70
 0
 43
0.25400050800101603 
 10
69.91516383032786
 20
76.4541529083059
 10
70.48514097028192
 20
77.02413004826019
 10
70.48514097028192
 20
77.85115570231142
  0
LWPOLYLINE
  5
4ca
330
1F
100
AcDbEntity
  8
TopLayer
100
AcDbPolyline
 90
1
 70
 0
 43
0.25400050800101603 
 10
67.73431546863094
 20
81.26492252984508
 10
66.4211328422657
 20
81.28016256032515
  0
LWPOLYLINE
  5
4cb
330
1F
100
AcDbEntity
  8
TopLayer
100
AcDbPolyline
 90
2
 70
 0
 43
0.25400050800101603 
 10
67.73522987045976
 20
78.26393192786395
 10
67.7034544069088
 20
78.232156464313
 10
66.4211328422657
 20
78.232156464313
  0
LWPOLYLINE
  5
4cc
330
1F
100
AcDbEntity
  8
TopLayer
100
AcDbPolyline
 90
2
 70
 0
 43
0.25400050800101603 
 10
68.51511303022608
 20
76.4541529083059
 10
67.73522987045976
 20
77.23403606807221
 10
67.73522987045976
 20
78.26393192786395
  0
LWPOLYLINE
  5
4cd
330
1F
100
AcDbEntity
  8
TopLayer
100
AcDbPolyline
 90
2
 70
 0
 43
0.25400050800101603 
 10
70.48514097028192
 20
77.85115570231142
 10
70.48514097028192
 20
80.26377952755911
 10
70.48526797053592
 20
80.2639065278131
  0
LWPOLYLINE
  5
4ce
330
1F
100
AcDbEntity
  8
TopLayer
100
AcDbPolyline
 90
2
 70
 0
 43
0.25400050800101603 
 10
73.23510287020576
 20
80.26393192786395
 10
74.29491998984008
 20
80.26393192786395
 10
75.94615189230376
 20
81.91516383032774
  0
LWPOLYLINE
  5
4cf
330
1F
100
AcDbEntity
  8
TopLayer
100
AcDbPolyline
 90
4
 70
 0
 43
0.25400050800101603 
 10
77.33708407416816
 20
79.6901193802388
 10
77.27604775209556
 20
79.62915925831862
 10
75.81915163830331
 20
79.62915925831862
 10
75.4538989077978
 20
79.2639065278131
 10
73.23520447040892
 20
79.2639065278131
  0
LWPOLYLINE
  5
4d0
330
1F
100
AcDbEntity
  8
TopLayer
100
AcDbPolyline
 90
2
 70
 0
 43
0.25400050800101603 
 10
77.33708407416816
 20
77.79019558039124
 10
73.7089154178309
 20
77.79019558039124
 10
73.23520447040892
 20
78.2639065278131
  0
LWPOLYLINE
  5
4d1
330
1F
100
AcDbEntity
  8
TopLayer
100
AcDbPolyline
 90
1
 70
 0
 43
0.25400050800101603 
 10
76.32715265430534
 20
78.74015748031502
 10
77.33705867411732
 20
78.74015748031502
  0
LWPOLYLINE
  5
4d2
330
1F
100
AcDbEntity
  8
TopLayer
100
AcDbPolyline
 90
5
 70
 0
 43
0.25400050800101603 
 10
79.6352552705107
 20
78.74015748031502
 10
78.86715773431547
 20
78.74015748031502
 10
78.48615697231389
 20
78.35915671831344
 10
78.48615697231389
 20
77.47015494030995
 10
77.85115570231142
 20
76.83515367030736
 10
77.85115570231142
 20
75.69215138430286
  0
LWPOLYLINE
  5
4d3
330
1F
100
AcDbEntity
  8
TopLayer
100
AcDbPolyline
 90
2
 70
 0
 43
0.25400050800101603 
 10
85.34417068834136
 20
77.08915417830838
 10
85.21717043434091
 20
77.21615443230894
 10
84.70916941833889
 20
77.21615443230894
  0
LWPOLYLINE
  5
4d4
330
1F
100
AcDbEntity
  8
TopLayer
100
AcDbPolyline
 90
2
 70
 0
 43
0.25400050800101603 
 10
84.58216916433844
 20
79.24815849631705
 10
84.45516891033776
 20
79.12115824231648
 10
84.45516891033776
 20
78.486156972314
  0
LWPOLYLINE
  5
4d5
330
1F
100
AcDbEntity
  8
TopLayer
100
AcDbPolyline
 90
2
 70
 0
 43
0.25400050800101603 
 10
79.6352552705107
 20
79.6901193802388
 10
79.69621539243076
 20
79.62915925831862
 10
80.77216154432313
 20
79.62915925831862
  0
LWPOLYLINE
  5
4d6
330
1F
100
AcDbEntity
  8
TopLayer
100
AcDbPolyline
 90
3
 70
 0
 43
0.25400050800101603 
 10
83.48996697993402
 20
80.236220472441
 10
81.30810261620513
 20
80.236220472441
 10
79.62915925831862
 20
81.91516383032774
 10
78.60553721107453
 20
81.91516383032774
  0
LWPOLYLINE
  5
4d7
330
1F
100
AcDbEntity
  8
TopLayer
100
AcDbPolyline
 90
2
 70
 0
 43
0.25400050800101603 
 10
82.55016510033033
 20
78.486156972314
 10
81.85420370840757
 20
77.79019558039124
 10
79.6352552705107
 20
77.79019558039124
  0
LWPOLYLINE
  5
4d8
330
1F
100
AcDbEntity
  8
TopLayer
100
AcDbPolyline
 90
5
 70
 0
 43
0.25400050800101603 
 10
83.48996697993402
 20
79.23545847091691
 10
82.80416560833123
 20
79.24815849631705
 10
82.55016510033033
 20
78.99415798831603
 10
82.55016510033033
 20
78.486156972314
 10
82.80416560833123
 20
78.232156464313
 10
83.48996697993402
 20
78.23723647447298
  0
LWPOLYLINE
  5
4d9
330
1F
100
AcDbEntity
  8
TopLayer
100
AcDbPolyline
 90
5
 70
 0
 43
0.25400050800101603 
 10
83.48996697993402
 20
77.73685547371099
 10
84.20116840233686
 20
77.72415544831097
 10
84.45516891033776
 20
77.97815595631198
 10
84.45516891033776
 20
78.486156972314
 10
84.20116840233686
 20
78.74015748031502
 10
83.48996697993402
 20
78.73507747015503
  0
LWPOLYLINE
  5
4da
330
1F
100
AcDbEntity
  8
TopLayer
100
AcDbPolyline
 90
2
 70
 0
 43
0.25400050800101603 
 10
81.91516383032763
 20
82.86918973837953
 10
81.97815595631187
 20
82.80619761239518
 10
84.0647701295402
 20
82.80619761239518
  0
LWPOLYLINE
  5
4db
330
1F
100
AcDbEntity
  8
TopLayer
100
AcDbPolyline
 90
2
 70
 0
 43
0.25400050800101603 
 10
83.4897129794258
 20
80.88620777241556
 10
82.49809499619005
 20
80.88620777241556
 10
81.91516383032763
 20
81.46913893827798
  0
LWPOLYLINE
  5
4dc
330
1F
100
AcDbEntity
  8
TopLayer
100
AcDbPolyline
 90
1
 70
 0
 43
0.25400050800101603 
 10
77.85115570231142
 20
75.69215138430286
 10
79.00279400558793
 20
75.69215138430286
  0
LWPOLYLINE
  5
4dd
330
1F
100
AcDbEntity
  8
TopLayer
100
AcDbPolyline
 90
3
 70
 0
 43
0.25400050800101603 
 10
83.48976854203715
 20
77.23624587249174
 10
82.67716535433078
 20
77.23624587249174
 10
81.13307086614168
 20
75.69215138430286
 10
80.50952501905022
 20
75.69215138430286
  0
LWPOLYLINE
  5
4de
330
1F
100
AcDbEntity
  8
TopLayer
100
AcDbPolyline
 90
1
 70
 0
 43
0.25400050800101603 
 10
75.94615189230376
 20
81.91516383032774
 10
77.09779019558027
 20
81.91516383032774
  0
LWPOLYLINE
  5
4df
330
1F
100
AcDbEntity
  8
TopLayer
100
AcDbPolyline
 90
2
 70
 0
 43
0.25400050800101603 
 10
84.0647701295402
 20
74.16611633223272
 10
83.4897129794258
 20
74.741173482347
 10
83.4897129794258
 20
75.28600457200912
  0
LWPOLYLINE
  5
4e0
330
1F
100
AcDbEntity
  8
TopLayer
100
AcDbPolyline
 90
2
 70
 0
 43
0.25400050800101603 
 10
83.4897129794258
 20
81.68605537211079
 10
84.0647701295402
 20
82.26111252222506
 10
84.0647701295402
 20
82.80619761239518
  0
LWPOLYLINE
  5
4e1
330
1F
100
AcDbEntity
  8
BottomLayer
100
AcDbPolyline
 90
4
 70
 0
 43
0.25400050800101603 
 10
39.05257810515627
 20
81.40716281432572
 10
39.17957835915672
 20
81.53416306832617
 10
42.164084328168656
 20
81.53416306832617
 10
57.4676149352299
 20
96.83769367538741
 10
57.4676149352299
 20
100.71120142240295
  0
LWPOLYLINE
  5
4e2
330
1F
100
AcDbEntity
  8
BottomLayer
100
AcDbPolyline
 90
2
 70
 0
 43
0.25400050800101603 
 10
52.95910591821189
 20
75.5651511303023
 10
54.10210820421639
 20
74.4221488442978
 10
54.35610871221752
 20
74.4221488442978
  0
LWPOLYLINE
  5
4e3
330
1F
100
AcDbEntity
  8
BottomLayer
100
AcDbPolyline
 90
4
 70
 0
 43
0.25400050800101603 
 10
54.73710947421887
 20
70.99314198628406
 10
55.245110490220895
 20
71.50114300228608
 10
55.245110490220895
 20
75.43815087630185
 10
54.73710947421887
 20
75.94615189230387
 10
54.73710947421887
 20
76.58115316230635
  0
LWPOLYLINE
  5
4e4
330
1F
100
AcDbEntity
  8
BottomLayer
100
AcDbPolyline
 90
6
 70
 0
 43
0.25400050800101603 
 10
33.528067056134205
 20
51.56210312420626
 10
36.95707391414794
 20
54.991109982219996
 10
50.927101854203784
 20
54.991109982219996
 10
55.245110490220895
 20
59.309118618237335
 10
55.245110490220895
 20
62.99212598425197
 10
55.75311150622315
 20
63.500127000254
 10
55.75311150622315
 20
66.16713233426469
  0
LWPOLYLINE
  5
4e5
330
1F
100
AcDbEntity
  8
BottomLayer
100
AcDbPolyline
 90
3
 70
 0
 43
0.25400050800101603 
 10
41.910083820167756
 20
66.16713233426469
 10
37.33807467614929
 20
66.16713233426469
 10
23.368046736093447
 20
52.19710439420885
 10
23.368046736093447
 20
51.56210312420626
  0
LWPOLYLINE
  5
4e6
330
1F
100
AcDbEntity
  8
BottomLayer
100
AcDbPolyline
 90
2
 70
 0
 43
0.25400050800101603 
 10
46.99009398018802
 20
57.150114300228665
 10
45.33909067818149
 20
58.80111760223531
 10
45.33909067818149
 20
70.8661417322835
  0
LWPOLYLINE
  5
4e7
330
1F
100
AcDbEntity
  8
BottomLayer
100
AcDbPolyline
 90
4
 70
 0
 43
0.25400050800101603 
 10
49.403098806197704
 20
45.33909067818138
 10
47.49809499619005
 20
47.244094488189035
 10
47.49809499619005
 20
53.2131064262129
 10
46.99009398018802
 20
53.72110744221493
 10
46.99009398018802
 20
54.229108458216956
  0
LWPOLYLINE
  5
4e8
330
1F
100
AcDbEntity
  8
BottomLayer
100
AcDbPolyline
 90
2
 70
 0
 43
0.25400050800101603 
 10
45.46609093218194
 20
73.66014732029464
 10
46.736093472186894
 20
72.39014478028957
 10
46.86309372618757
 20
72.39014478028957
  0
LWPOLYLINE
  5
4e9
330
1F
100
AcDbEntity
  8
BottomLayer
100
AcDbPolyline
 90
2
 70
 0
 43
0.25400050800101603 
 10
44.70408940817879
 20
72.8981457962916
 10
45.97409194818397
 20
71.62814325628653
 10
46.10109220218442
 20
71.62814325628653
  0
LWPOLYLINE
  5
4ea
330
1F
100
AcDbEntity
  8
BottomLayer
100
AcDbPolyline
 90
2
 70
 0
 43
0.25400050800101603 
 10
43.94208788417586
 20
72.13614427228856
 10
45.212090424180815
 20
70.8661417322835
 10
45.33909067818149
 20
70.8661417322835
  0
LWPOLYLINE
  5
4eb
330
1F
100
AcDbEntity
  8
BottomLayer
100
AcDbPolyline
 90
2
 70
 0
 43
0.25400050800101603 
 10
45.84709169418352
 20
79.88315976631964
 10
45.085090170180365
 20
79.12115824231648
 10
43.30708661417316
 20
79.12115824231648
  0
LWPOLYLINE
  5
4ec
330
1F
100
AcDbEntity
  8
BottomLayer
100
AcDbPolyline
 90
3
 70
 0
 43
0.25400050800101603 
 10
48.768097536195
 20
48.006096012192074
 10
48.006096012192074
 20
48.768097536195114
 10
48.006096012192074
 20
53.59410718821448
 10
48.64109728219455
 20
54.229108458216956
  0
LWPOLYLINE
  5
4ed
330
1F
100
AcDbEntity
  8
BottomLayer
100
AcDbPolyline
 90
3
 70
 0
 43
0.25400050800101603 
 10
48.133096266192524
 20
45.33909067818138
 10
44.958089916179915
 20
48.5140970281941
 10
44.958089916179915
 20
54.35610871221752
 10
44.83108966217924
 20
54.35610871221752
  0
LWPOLYLINE
  5
4ee
330
1F
100
AcDbEntity
  8
BottomLayer
100
AcDbPolyline
 90
5
 70
 0
 43
0.25400050800101603 
 10
37.973075946151994
 20
66.80213360426728
 10
41.27508255016505
 20
66.80213360426728
 10
44.06908813817631
 20
69.59613919227843
 10
44.06908813817631
 20
70.8661417322835
 10
42.41808483616978
 20
72.51714503429014
 10
41.52908305816618
 20
72.51714503429014
  0
LWPOLYLINE
  5
4ef
330
1F
100
AcDbEntity
  8
BottomLayer
100
AcDbPolyline
 90
2
 70
 0
 43
0.25400050800101603 
 10
37.973075946151994
 20
67.81813563627134
 10
36.95707391414794
 20
67.81813563627134
 10
36.06807213614434
 20
66.92913385826773
  0
LWPOLYLINE
  5
4f0
330
1F
100
AcDbEntity
  8
BottomLayer
100
AcDbPolyline
 90
4
 70
 0
 43
0.25400050800101603 
 10
42.79908559817113
 20
69.21513843027697
 10
42.037084074168206
 20
68.45313690627381
 10
36.703073406146814
 20
68.45313690627381
 10
20.828041656083315
 20
52.57810515621031
 10
20.828041656083315
 20
51.56210312420626
  0
LWPOLYLINE
  5
4f1
330
1F
100
AcDbEntity
  8
BottomLayer
100
AcDbPolyline
 90
1
 70
 0
 43
0.25400050800101603 
 10
38.86207772415537
 20
69.97713995428
 10
36.830073660147264
 20
69.97713995428
  0
LWPOLYLINE
  5
4f2
330
1F
100
AcDbEntity
  8
BottomLayer
100
AcDbPolyline
 90
3
 70
 0
 43
0.25400050800101603 
 10
42.54508509017023
 20
54.35610871221752
 10
37.71907543815087
 20
54.35610871221752
 10
36.06807213614434
 20
52.70510541021088
 10
36.06807213614434
 20
51.56210312420626
  0
LWPOLYLINE
  5
4f3
330
1F
100
AcDbEntity
  8
BottomLayer
100
AcDbPolyline
 90
8
 70
 0
 43
0.25400050800101603 
 10
53.34010668021347
 20
66.16713233426469
 10
53.97510795021594
 20
65.53213106426222
 10
53.97510795021594
 20
60.833121666243414
 10
49.14909829819658
 20
56.00711201422405
 10
38.35407670815334
 20
56.00711201422405
 10
37.973075946151994
 20
56.388112776225626
 10
33.909067818135554
 20
56.388112776225626
 10
32.385064770129475
 20
54.864109728219546
 10
32.385064770129475
 20
54.73710947421898
  0
LWPOLYLINE
  5
4f4
330
1F
100
AcDbEntity
  8
BottomLayer
100
AcDbPolyline
 90
4
 70
 0
 43
0.25400050800101603 
 10
43.18008636017271
 20
66.16713233426469
 10
42.291084582169105
 20
65.2781305562612
 10
37.59207518415042
 20
65.2781305562612
 10
30.988061976124072
 20
58.674117348234745
 10
30.988061976124072
 20
51.56210312420626
  0
LWPOLYLINE
  5
4f5
330
1F
100
AcDbEntity
  8
BottomLayer
100
AcDbPolyline
 90
1
 70
 0
 43
0.25400050800101603 
 10
42.79908559817113
 20
83.43916687833382
 10
41.65608331216663
 20
84.58216916433832
  0
LWPOLYLINE
  5
4f6
330
1F
100
AcDbEntity
  8
BottomLayer
100
AcDbPolyline
 90
2
 70
 0
 43
0.25400050800101603 
 10
43.561087122174285
 20
84.20116840233686
 10
42.54508509017023
 20
85.21717043434091
 10
42.41808483616978
 20
85.21717043434091
  0
LWPOLYLINE
  5
4f7
330
1F
100
AcDbEntity
  8
BottomLayer
100
AcDbPolyline
 90
2
 70
 0
 43
0.25400050800101603 
 10
44.32308864617721
 20
84.9631699263399
 10
43.30708661417316
 20
85.97917195834395
 10
43.18008636017271
 20
85.97917195834395
  0
LWPOLYLINE
  5
4f8
330
1F
100
AcDbEntity
  8
BottomLayer
100
AcDbPolyline
 90
2
 70
 0
 43
0.25400050800101603 
 10
45.14859029718059
 20
85.59817119634249
 10
44.958089916179915
 20
85.59817119634249
 10
43.94208788417586
 20
86.61417322834654
  0
LWPOLYLINE
  5
4f9
330
1F
100
AcDbEntity
  8
BottomLayer
100
AcDbPolyline
 90
3
 70
 0
 43
0.25400050800101603 
 10
41.910083820167756
 20
69.21513843027697
 10
35.179070358140734
 20
69.21513843027697
 10
18.288036576073182
 20
52.3241046482093
 10
18.288036576073182
 20
51.56210312420626
  0
LWPOLYLINE
  5
4fa
330
1F
100
AcDbEntity
  8
BottomLayer
100
AcDbPolyline
 90
3
 70
 0
 43
0.25400050800101603 
 10
34.29006858013713
 20
55.49911099822202
 10
50.29210058420108
 20
55.49911099822202
 10
54.61010922021842
 20
59.81711963423936
 10
54.61010922021842
 20
66.16713233426469
  0
LWPOLYLINE
  5
4fb
330
1F
100
AcDbEntity
  8
BottomLayer
100
AcDbPolyline
 90
2
 70
 0
 43
0.25400050800101603 
 10
36.95707391414794
 20
81.78816357632718
 10
38.35407670815334
 20
83.18516637033281
 10
38.35407670815334
 20
83.94716789433585
  0
LWPOLYLINE
  5
4fc
330
1F
100
AcDbEntity
  8
BottomLayer
100
AcDbPolyline
 90
1
 70
 0
 43
0.25400050800101603 
 10
63.754127508255124
 20
100.71120142240295
 10
60.57912115824229
 20
100.71120142240295
  0
LWPOLYLINE
  5
4fd
330
1F
100
AcDbEntity
  8
BottomLayer
100
AcDbPolyline
 90
1
 70
 0
 43
0.25400050800101603 
 10
68.70713741427494
 20
100.71120142240295
 10
63.754127508255124
 20
100.71120142240295
  0
LWPOLYLINE
  5
4fe
330
1F
100
AcDbEntity
  8
BottomLayer
100
AcDbPolyline
 90
8
 70
 0
 43
0.25400050800101603 
 10
65.78613157226323
 20
56.76911353822709
 10
67.31013462026931
 20
58.29311658623317
 10
67.31013462026931
 20
62.10312420624848
 10
65.5321310642621
 20
63.88112776225557
 10
65.5321310642621
 20
71.7551435102871
 10
67.18313436626886
 20
73.40614681229363
 10
67.18313436626886
 20
81.53416306832617
 10
65.91313182626368
 20
82.80416560833123
 10
65.91313182626368
 20
87.37617475234958
  0
LWPOLYLINE
  5
4ff
330
1F
100
AcDbEntity
  8
BottomLayer
100
AcDbPolyline
 90
4
 70
 0
 43
0.25400050800101603 
 10
65.78613157226323
 20
58.16611633223272
 10
57.912115824231705
 20
66.04013208026424
 10
56.7691135382272
 20
66.04013208026424
 10
48.38709677419365
 20
74.4221488442978
 10
41.40208280416573
 20
74.4221488442978
  0
LWPOLYLINE
  5
500
330
1F
100
AcDbEntity
  8
BottomLayer
100
AcDbPolyline
 90
4
 70
 0
 43
0.25400050800101603 
 10
38.86207772415537
 20
76.32715265430534
 10
38.86207772415537
 20
75.94615189230387
 10
51.05410210820423
 20
75.94615189230387
 10
64.26212852425715
 20
89.15417830835668
 10
64.26212852425715
 20
93.09118618237244
  0
LWPOLYLINE
  5
501
330
1F
100
AcDbEntity
  8
BottomLayer
100
AcDbPolyline
 90
4
 70
 0
 43
0.25400050800101603 
 10
65.78613157226323
 20
59.18211836423677
 10
58.29311658623328
 20
66.67513335026672
 10
57.0231140462281
 20
66.67513335026672
 10
48.64109728219455
 20
75.05715011430027
 10
38.86207772415537
 20
75.05715011430027
  0
LWPOLYLINE
  5
502
330
1F
100
AcDbEntity
  8
BottomLayer
100
AcDbPolyline
 90
2
 70
 0
 43
0.25400050800101603 
 10
55.8801117602236
 20
83.94716789433585
 10
50.54610109220221
 20
78.61315722631446
 10
50.54610109220221
 20
77.85115570231142
  0
LWPOLYLINE
  5
503
330
1F
100
AcDbEntity
  8
BottomLayer
100
AcDbPolyline
 90
2
 70
 0
 43
0.25400050800101603 
 10
55.8801117602236
 20
82.67716535433078
 10
51.56210312420626
 20
78.35915671831344
 10
51.30810261620536
 20
78.35915671831344
  0
LWPOLYLINE
  5
504
330
1F
100
AcDbEntity
  8
BottomLayer
100
AcDbPolyline
 90
4
 70
 0
 43
0.25400050800101603 
 10
62.357124714249494
 20
92.45618491236985
 10
58.166116332232605
 20
88.26517653035307
 10
58.166116332232605
 20
83.94716789433585
 10
50.800101600203334
 20
76.58115316230635
 10
42.164084328168656
 20
76.58115316230635
  0
LWPOLYLINE
  5
505
330
1F
100
AcDbEntity
  8
BottomLayer
100
AcDbPolyline
 90
3
 70
 0
 43
0.25400050800101603 
 10
64.77012954025918
 20
88.64617729235465
 10
64.77012954025918
 20
88.26517653035307
 10
58.92811785623576
 20
82.42316484632977
 10
58.92811785623576
 20
78.86715773431547
  0
LWPOLYLINE
  5
506
330
1F
100
AcDbEntity
  8
BottomLayer
100
AcDbPolyline
 90
1
 70
 0
 43
0.25400050800101603 
 10
56.515113030226075
 20
88.64617729235465
 10
56.515113030226075
 20
87.37617475234958
  0
LWPOLYLINE
  5
507
330
1F
100
AcDbEntity
  8
BottomLayer
100
AcDbPolyline
 90
1
 70
 0
 43
0.25400050800101603 
 10
55.62611125222247
 20
88.64617729235465
 10
55.62611125222247
 20
87.37617475234958
  0
LWPOLYLINE
  5
508
330
1F
100
AcDbEntity
  8
BottomLayer
100
AcDbPolyline
 90
1
 70
 0
 43
0.25400050800101603 
 10
54.61010922021842
 20
88.64617729235465
 10
54.61010922021842
 20
87.37617475234958
  0
LWPOLYLINE
  5
509
330
1F
100
AcDbEntity
  8
BottomLayer
100
AcDbPolyline
 90
1
 70
 0
 43
0.25400050800101603 
 10
53.594107188214366
 20
88.64617729235465
 10
53.594107188214366
 20
87.37617475234958
  0
LWPOLYLINE
  5
50a
330
1F
100
AcDbEntity
  8
BottomLayer
100
AcDbPolyline
 90
1
 70
 0
 43
0.25400050800101603 
 10
52.57810515621031
 20
88.64617729235465
 10
52.57810515621031
 20
87.37617475234958
  0
LWPOLYLINE
  5
50b
330
1F
100
AcDbEntity
  8
BottomLayer
100
AcDbPolyline
 90
3
 70
 0
 43
0.25400050800101603 
 10
61.34112268224544
 20
97.15519431038865
 10
60.19812039624071
 20
97.15519431038865
 10
40.8940817881637
 20
77.85115570231142
 10
38.86207772415537
 20
77.85115570231142
  0
LWPOLYLINE
  5
50c
330
1F
100
AcDbEntity
  8
BottomLayer
100
AcDbPolyline
 90
8
 70
 0
 43
0.25400050800101603 
 10
63.500127000254
 20
95.88519177038359
 10
57.53111506223013
 20
89.91617983235972
 10
57.53111506223013
 20
87.12217424434857
 10
47.6250952501905
 20
77.21615443230894
 10
38.60807721615447
 20
77.21615443230894
 10
37.973075946151994
 20
76.58115316230635
 10
37.973075946151994
 20
76.07315214630432
 10
38.86207772415537
 20
75.18415036830083
 10
38.86207772415537
 20
75.05715011430027
  0
LWPOLYLINE
  5
50d
330
1F
100
AcDbEntity
  8
BottomLayer
100
AcDbPolyline
 90
5
 70
 0
 43
0.25400050800101603 
 10
60.07112014224026
 20
82.67716535433078
 10
59.436118872237785
 20
82.04216408432819
 10
59.436118872237785
 20
79.3751587503175
 10
59.563119126238234
 20
79.24815849631705
 10
59.563119126238234
 20
76.96215392430793
 10
58.92811785623576
 20
76.32715265430534
  0
LWPOLYLINE
  5
50e
330
1F
100
AcDbEntity
  8
BottomLayer
100
AcDbPolyline
 90
2
 70
 0
 43
0.25400050800101603 
 10
59.690119380238684
 20
88.64617729235465
 10
60.07112014224026
 20
88.26517653035307
 10
60.07112014224026
 20
86.36017272034553
  0
LWPOLYLINE
  5
50f
330
1F
100
AcDbEntity
  8
BottomLayer
100
AcDbPolyline
 90
1
 70
 0
 43
0.25400050800101603 
 10
60.960121920243864
 20
88.64617729235465
 10
60.960121920243864
 20
87.37617475234958
  0
LWPOLYLINE
  5
510
330
1F
100
AcDbEntity
  8
BottomLayer
100
AcDbPolyline
 90
3
 70
 0
 43
0.25400050800101603 
 10
59.18211836423666
 20
100.71120142240295
 10
59.18211836423666
 20
97.79019558039124
 10
41.52908305816618
 20
80.13716027432065
 10
38.86207772415537
 20
80.13716027432065
  0
LWPOLYLINE
  5
511
330
1F
100
AcDbEntity
  8
BottomLayer
100
AcDbPolyline
 90
2
 70
 0
 43
0.25400050800101603 
 10
66.67513335026683
 20
59.94411988823981
 10
64.77012954025918
 20
61.84912369824747
 10
64.26212852425715
 20
61.84912369824747
  0
LWPOLYLINE
  5
512
330
1F
100
AcDbEntity
  8
BottomLayer
100
AcDbPolyline
 90
2
 70
 0
 43
0.25400050800101603 
 10
65.2781305562612
 20
54.991109982219996
 10
52.83210566421144
 20
54.991109982219996
 10
49.403098806197704
 20
51.56210312420626
  0
LWPOLYLINE
  5
513
330
1F
100
AcDbEntity
  8
BottomLayer
100
AcDbPolyline
 90
2
 70
 0
 43
0.25400050800101603 
 10
67.43713487426976
 20
54.229108458216956
 10
54.61010922021842
 20
54.229108458216956
 10
51.94310388620784
 20
51.56210312420626
  0
LWPOLYLINE
  5
514
330
1F
100
AcDbEntity
  8
BottomLayer
100
AcDbPolyline
 90
2
 70
 0
 43
0.25400050800101603 
 10
68.45313690627381
 20
53.59410718821448
 10
56.515113030226075
 20
53.59410718821448
 10
54.48310896621797
 20
51.56210312420626
  0
LWPOLYLINE
  5
515
330
1F
100
AcDbEntity
  8
BottomLayer
100
AcDbPolyline
 90
4
 70
 0
 43
0.25400050800101603 
 10
69.46913893827787
 20
53.467106934213916
 10
68.70713741427494
 20
52.70510541021088
 10
58.67411734823463
 20
52.70510541021088
 10
57.53111506223013
 20
51.56210312420626
 10
57.0231140462281
 20
51.56210312420626
  0
LWPOLYLINE
  5
516
330
1F
100
AcDbEntity
  8
BottomLayer
100
AcDbPolyline
 90
2
 70
 0
 43
0.25400050800101603 
 10
79.75615951231907
 20
71.50114300228608
 10
79.62915925831862
 20
71.37414274828552
 10
79.62915925831862
 20
64.77012954025918
  0
LWPOLYLINE
  5
517
330
1F
100
AcDbEntity
  8
BottomLayer
100
AcDbPolyline
 90
2
 70
 0
 43
0.25400050800101603 
 10
79.24815849631705
 20
61.46812293624589
 10
79.62915925831862
 20
61.84912369824747
 10
79.62915925831862
 20
64.77012954025918
  0
LWPOLYLINE
  5
518
330
1F
100
AcDbEntity
  8
BottomLayer
100
AcDbPolyline
 90
1
 70
 0
 43
0.25400050800101603 
 10
74.67614935229881
 20
70.10414020828046
 10
77.21615443230894
 20
70.10414020828046
  0
LWPOLYLINE
  5
519
330
1F
100
AcDbEntity
  8
BottomLayer
100
AcDbPolyline
 90
2
 70
 0
 43
0.25400050800101603 
 10
66.54813309626616
 20
70.10414020828046
 10
70.35814071628147
 20
73.91414782829565
 10
74.42214884429768
 20
73.91414782829565
  0
LWPOLYLINE
  5
51a
330
1F
100
AcDbEntity
  8
BottomLayer
100
AcDbPolyline
 90
2
 70
 0
 43
0.25400050800101603 
 10
76.32715265430534
 20
78.74015748031502
 10
74.42214884429768
 20
76.83515367030736
 10
74.42214884429768
 20
73.91414782829565
  0
LWPOLYLINE
  5
51b
330
1F
100
AcDbEntity
  8
BottomLayer
100
AcDbPolyline
 90
2
 70
 0
 43
0.25400050800101603 
 10
60.07112014224026
 20
80.13716027432065
 10
60.19812039624071
 20
80.2641605283211
 10
66.4211328422657
 20
80.2641605283211
  0
LWPOLYLINE
  5
51c
330
1F
100
AcDbEntity
  8
BottomLayer
100
AcDbPolyline
 90
1
 70
 0
 43
0.25400050800101603 
 10
60.07112014224026
 20
81.40716281432572
 10
63.2461264922531
 20
81.40716281432572
  0
LWPOLYLINE
  5
51d
330
1F
100
AcDbEntity
  8
BottomLayer
100
AcDbPolyline
 90
2
 70
 0
 43
0.25400050800101603 
 10
76.32715265430534
 20
78.74015748031502
 10
77.85115570231142
 20
77.21615443230894
 10
84.70916941833889
 20
77.21615443230894
  0
LWPOLYLINE
  5
51e
330
1F
100
AcDbEntity
  8
BottomLayer
100
AcDbPolyline
 90
2
 70
 0
 43
0.25400050800101603 
 10
81.02616205232403
 20
79.50215900431806
 10
81.28016256032515
 20
79.24815849631705
 10
84.58216916433844
 20
79.24815849631705
  0
LWPOLYLINE
  5
51f
330
1F
100
AcDbEntity
  8
TopLayer
100
AcDbPolyline
 90
5
 70
 0
 43
0.25400050800101603 
 10
83.48996697993402
 20
80.88646177292355
 10
84.08686817373632
 20
80.88646177292355
 10
85.34417068834136
 20
79.62915925831862
 10
85.34417068834136
 20
77.34315468630939
 10
84.08686817373632
 20
76.08585217170446
 10
83.48996697993402
 20
76.08585217170446
  0
LWPOLYLINE
  5
520
330
1F
100
AcDbEntity
  8
TopSilkLayer
100
AcDbPolyline
 90
1
 70
 0
 43
0.25400050800101603 
 10
82.62473964947935
 20
81.88897637795287
 10
82.62473964947935
 20
81.08900177800365
  0
LWPOLYLINE
  5
521
330
1F
100
AcDbEntity
  8
TopSilkLayer
100
AcDbPolyline
 90
1
 70
 0
 43
0.25400050800101603 
 10
82.62519685039365
 20
82.44942849885706
 10
82.62519685039365
 20
83.24940309880628
  0
LWPOLYLINE
  5
522
330
1F
100
AcDbEntity
  8
TopSilkLayer
100
AcDbPolyline
 90
1
 70
 0
 43
0.25400050800101603 
 10
81.2050546101093
 20
81.88897637795287
 10
81.2050546101093
 20
81.08900177800365
  0
LWPOLYLINE
  5
523
330
1F
100
AcDbEntity
  8
TopSilkLayer
100
AcDbPolyline
 90
1
 70
 0
 43
0.25400050800101603 
 10
81.20553721107444
 20
82.44942849885706
 10
81.20553721107444
 20
83.24940309880628
  0
LWPOLYLINE
  5
524
330
1F
100
AcDbEntity
  8
TopSilkLayer
100
AcDbPolyline
 90
1
 70
 0
 43
0.25400050800101603 
 10
82.31490982981973
 20
80.77924815849633
 10
81.51485902971808
 20
80.77924815849633
  0
LWPOLYLINE
  5
525
330
1F
100
AcDbEntity
  8
TopSilkLayer
100
AcDbPolyline
 90
1
 70
 0
 43
0.25400050800101603 
 10
81.51539243078491
 20
83.55918211836422
 10
82.31541783083549
 20
83.55918211836422
  0
LWPOLYLINE
  5
526
330
1F
100
AcDbEntity
  8
TopSilkLayer
100
AcDbPolyline
 90
1
 70
 0
 43
0.25400050800101603 
 10
75.99857759715519
 20
73.4323342646685
 10
75.99857759715519
 20
74.23230886461772
  0
LWPOLYLINE
  5
527
330
1F
100
AcDbEntity
  8
TopSilkLayer
100
AcDbPolyline
 90
1
 70
 0
 43
0.25400050800101603 
 10
75.99812039624089
 20
72.87188214376431
 10
75.99812039624089
 20
72.0719075438152
  0
LWPOLYLINE
  5
528
330
1F
100
AcDbEntity
  8
TopSilkLayer
100
AcDbPolyline
 90
1
 70
 0
 43
0.25400050800101603 
 10
77.41826263652524
 20
73.4323342646685
 10
77.41826263652524
 20
74.23230886461772
  0
LWPOLYLINE
  5
529
330
1F
100
AcDbEntity
  8
TopSilkLayer
100
AcDbPolyline
 90
1
 70
 0
 43
0.25400050800101603 
 10
77.4177800355601
 20
72.87188214376431
 10
77.4177800355601
 20
72.0719075438152
  0
LWPOLYLINE
  5
52a
330
1F
100
AcDbEntity
  8
TopSilkLayer
100
AcDbPolyline
 90
1
 70
 0
 43
0.25400050800101603 
 10
76.30840741681482
 20
74.54206248412504
 10
77.10845821691646
 20
74.54206248412504
  0
LWPOLYLINE
  5
52b
330
1F
100
AcDbEntity
  8
TopSilkLayer
100
AcDbPolyline
 90
1
 70
 0
 43
0.25400050800101603 
 10
77.10792481584963
 20
71.76212852425715
 10
76.30789941579906
 20
71.76212852425715
  0
LWPOLYLINE
  5
52c
330
1F
100
AcDbEntity
  8
TopSilkLayer
100
AcDbPolyline
 90
1
 70
 0
 43
0.25400050800101603 
 10
81.81435102870205
 20
70.4327152654306
 10
82.61432562865116
 20
70.4327152654306
  0
LWPOLYLINE
  5
52d
330
1F
100
AcDbEntity
  8
TopSilkLayer
100
AcDbPolyline
 90
1
 70
 0
 43
0.25400050800101603 
 10
81.25389890779775
 20
70.43317246634501
 10
80.45392430784864
 20
70.43317246634501
  0
LWPOLYLINE
  5
52e
330
1F
100
AcDbEntity
  8
TopSilkLayer
100
AcDbPolyline
 90
1
 70
 0
 43
0.25400050800101603 
 10
81.81435102870205
 20
69.01303022606044
 10
82.61432562865116
 20
69.01303022606044
  0
LWPOLYLINE
  5
52f
330
1F
100
AcDbEntity
  8
TopSilkLayer
100
AcDbPolyline
 90
1
 70
 0
 43
0.25400050800101603 
 10
81.25389890779775
 20
69.01351282702569
 10
80.45392430784864
 20
69.01351282702569
  0
LWPOLYLINE
  5
530
330
1F
100
AcDbEntity
  8
TopSilkLayer
100
AcDbPolyline
 90
1
 70
 0
 43
0.25400050800101603 
 10
82.92407924815848
 20
70.12288544577098
 10
82.92407924815848
 20
69.32283464566933
  0
LWPOLYLINE
  5
531
330
1F
100
AcDbEntity
  8
TopSilkLayer
100
AcDbPolyline
 90
1
 70
 0
 43
0.25400050800101603 
 10
80.1441452882907
 20
69.32336804673616
 10
80.1441452882907
 20
70.12339344678696
  0
LWPOLYLINE
  5
532
330
1F
100
AcDbEntity
  8
TopSilkLayer
100
AcDbPolyline
 90
1
 70
 0
 43
0.25400050800101603 
 10
81.4333502667007
 20
62.1776987553975
 10
82.23332486664981
 20
62.1776987553975
  0
LWPOLYLINE
  5
533
330
1F
100
AcDbEntity
  8
TopSilkLayer
100
AcDbPolyline
 90
1
 70
 0
 43
0.25400050800101603 
 10
80.8728981457964
 20
62.17815595631191
 10
80.07292354584706
 20
62.17815595631191
  0
LWPOLYLINE
  5
534
330
1F
100
AcDbEntity
  8
TopSilkLayer
100
AcDbPolyline
 90
1
 70
 0
 43
0.25400050800101603 
 10
81.4333502667007
 20
60.75801371602745
 10
82.23332486664981
 20
60.75801371602745
  0
LWPOLYLINE
  5
535
330
1F
100
AcDbEntity
  8
TopSilkLayer
100
AcDbPolyline
 90
1
 70
 0
 43
0.25400050800101603 
 10
80.8728981457964
 20
60.758496316992705
 10
80.07292354584706
 20
60.758496316992705
  0
LWPOLYLINE
  5
536
330
1F
100
AcDbEntity
  8
TopSilkLayer
100
AcDbPolyline
 90
1
 70
 0
 43
0.25400050800101603 
 10
82.5430784861569
 20
61.86786893573799
 10
82.5430784861569
 20
61.067818135636344
  0
LWPOLYLINE
  5
537
330
1F
100
AcDbEntity
  8
TopSilkLayer
100
AcDbPolyline
 90
1
 70
 0
 43
0.25400050800101603 
 10
79.76314452628912
 20
61.068351536703176
 10
79.76314452628912
 20
61.868376936753975
  0
LWPOLYLINE
  5
538
330
1F
100
AcDbEntity
  8
TopSilkLayer
100
AcDbPolyline
 90
1
 70
 0
 43
0.25400050800101603 
 10
78.63934467868944
 20
69.41671323342655
 10
79.43931927863855
 20
69.41671323342655
  0
LWPOLYLINE
  5
539
330
1F
100
AcDbEntity
  8
TopSilkLayer
100
AcDbPolyline
 90
1
 70
 0
 43
0.25400050800101603 
 10
78.07889255778514
 20
69.41717043434096
 10
77.2789179578358
 20
69.41717043434096
  0
LWPOLYLINE
  5
53a
330
1F
100
AcDbEntity
  8
TopSilkLayer
100
AcDbPolyline
 90
1
 70
 0
 43
0.25400050800101603 
 10
78.63934467868944
 20
67.99702819405638
 10
79.43931927863855
 20
67.99702819405638
  0
LWPOLYLINE
  5
53b
330
1F
100
AcDbEntity
  8
TopSilkLayer
100
AcDbPolyline
 90
1
 70
 0
 43
0.25400050800101603 
 10
78.07889255778514
 20
67.99751079502164
 10
77.2789179578358
 20
67.99751079502164
  0
LWPOLYLINE
  5
53c
330
1F
100
AcDbEntity
  8
TopSilkLayer
100
AcDbPolyline
 90
1
 70
 0
 43
0.25400050800101603 
 10
79.74907289814587
 20
69.10688341376692
 10
79.74907289814587
 20
68.30683261366528
  0
LWPOLYLINE
  5
53d
330
1F
100
AcDbEntity
  8
TopSilkLayer
100
AcDbPolyline
 90
1
 70
 0
 43
0.25400050800101603 
 10
76.96913893827787
 20
68.30736601473211
 10
76.96913893827787
 20
69.10739141478291
  0
LWPOLYLINE
  5
53e
330
1F
100
AcDbEntity
  8
TopSilkLayer
100
AcDbPolyline
 90
1
 70
 0
 43
0.25400050800101603 
 10
69.49532639065296
 20
77.16372872745751
 10
70.29530099060185
 20
77.16372872745751
  0
LWPOLYLINE
  5
53f
330
1F
100
AcDbEntity
  8
TopSilkLayer
100
AcDbPolyline
 90
1
 70
 0
 43
0.25400050800101603 
 10
68.93487426974866
 20
77.16418592837192
 10
68.13489966979932
 20
77.16418592837192
  0
LWPOLYLINE
  5
540
330
1F
100
AcDbEntity
  8
TopSilkLayer
100
AcDbPolyline
 90
1
 70
 0
 43
0.25400050800101603 
 10
69.49532639065296
 20
75.74404368808734
 10
70.29530099060185
 20
75.74404368808734
  0
LWPOLYLINE
  5
541
330
1F
100
AcDbEntity
  8
TopSilkLayer
100
AcDbPolyline
 90
1
 70
 0
 43
0.25400050800101603 
 10
68.93487426974866
 20
75.7445262890526
 10
68.13489966979932
 20
75.7445262890526
  0
LWPOLYLINE
  5
542
330
1F
100
AcDbEntity
  8
TopSilkLayer
100
AcDbPolyline
 90
1
 70
 0
 43
0.25400050800101603 
 10
70.60505461010916
 20
76.85389890779788
 10
70.60505461010916
 20
76.05384810769624
  0
LWPOLYLINE
  5
543
330
1F
100
AcDbEntity
  8
TopSilkLayer
100
AcDbPolyline
 90
1
 70
 0
 43
0.25400050800101603 
 10
67.82512065024139
 20
76.05438150876307
 10
67.82512065024139
 20
76.85440690881387
  0
LWPOLYLINE
  5
544
330
1F
100
AcDbEntity
  8
TopSilkLayer
100
AcDbPolyline
 90
1
 70
 0
 43
0.25400050800101603 
 10
37.03164846329696
 20
84.68298196596402
 10
37.03164846329696
 20
83.8830073660148
  0
LWPOLYLINE
  5
545
330
1F
100
AcDbEntity
  8
TopSilkLayer
100
AcDbPolyline
 90
1
 70
 0
 43
0.25400050800101603 
 10
37.03210566421126
 20
85.2434340868682
 10
37.03210566421126
 20
86.04340868681743
  0
LWPOLYLINE
  5
546
330
1F
100
AcDbEntity
  8
TopSilkLayer
100
AcDbPolyline
 90
1
 70
 0
 43
0.25400050800101603 
 10
35.61196342392691
 20
84.68298196596402
 10
35.61196342392691
 20
83.8830073660148
  0
LWPOLYLINE
  5
547
330
1F
100
AcDbEntity
  8
TopSilkLayer
100
AcDbPolyline
 90
1
 70
 0
 43
0.25400050800101603 
 10
35.61244602489205
 20
85.2434340868682
 10
35.61244602489205
 20
86.04340868681743
  0
LWPOLYLINE
  5
548
330
1F
100
AcDbEntity
  8
TopSilkLayer
100
AcDbPolyline
 90
1
 70
 0
 43
0.25400050800101603 
 10
36.721818643637334
 20
83.57325374650759
 10
35.92176784353569
 20
83.57325374650759
  0
LWPOLYLINE
  5
549
330
1F
100
AcDbEntity
  8
TopSilkLayer
100
AcDbPolyline
 90
1
 70
 0
 43
0.25400050800101603 
 10
35.92230124460252
 20
86.35318770637548
 10
36.72232664465332
 20
86.35318770637548
  0
LWPOLYLINE
  5
54a
330
1F
100
AcDbEntity
  8
TopSilkLayer
100
AcDbPolyline
 90
1
 70
 0
 43
0.25400050800101603 
 10
34.999644399288854
 20
84.68298196596402
 10
34.999644399288854
 20
83.8830073660148
  0
LWPOLYLINE
  5
54b
330
1F
100
AcDbEntity
  8
TopSilkLayer
100
AcDbPolyline
 90
1
 70
 0
 43
0.25400050800101603 
 10
35.00010160020315
 20
85.2434340868682
 10
35.00010160020315
 20
86.04340868681743
  0
LWPOLYLINE
  5
54c
330
1F
100
AcDbEntity
  8
TopSilkLayer
100
AcDbPolyline
 90
1
 70
 0
 43
0.25400050800101603 
 10
33.5799593599188
 20
84.68298196596402
 10
33.5799593599188
 20
83.8830073660148
  0
LWPOLYLINE
  5
54d
330
1F
100
AcDbEntity
  8
TopSilkLayer
100
AcDbPolyline
 90
1
 70
 0
 43
0.25400050800101603 
 10
33.580441960883945
 20
85.2434340868682
 10
33.580441960883945
 20
86.04340868681743
  0
LWPOLYLINE
  5
54e
330
1F
100
AcDbEntity
  8
TopSilkLayer
100
AcDbPolyline
 90
1
 70
 0
 43
0.25400050800101603 
 10
34.68981457962923
 20
83.57325374650759
 10
33.889763779527584
 20
83.57325374650759
  0
LWPOLYLINE
  5
54f
330
1F
100
AcDbEntity
  8
TopSilkLayer
100
AcDbPolyline
 90
1
 70
 0
 43
0.25400050800101603 
 10
33.89029718059419
 20
86.35318770637548
 10
34.69032258064499
 20
86.35318770637548
  0
LWPOLYLINE
  5
550
330
1F
100
AcDbEntity
  8
TopSilkLayer
100
AcDbPolyline
 90
1
 70
 0
 43
0.25400050800101603 
 10
32.96764033528075
 20
84.68298196596402
 10
32.96764033528075
 20
83.8830073660148
  0
LWPOLYLINE
  5
551
330
1F
100
AcDbEntity
  8
TopSilkLayer
100
AcDbPolyline
 90
1
 70
 0
 43
0.25400050800101603 
 10
32.968097536195046
 20
85.2434340868682
 10
32.968097536195046
 20
86.04340868681743
  0
LWPOLYLINE
  5
552
330
1F
100
AcDbEntity
  8
TopSilkLayer
100
AcDbPolyline
 90
1
 70
 0
 43
0.25400050800101603 
 10
31.547955295910697
 20
84.68298196596402
 10
31.547955295910697
 20
83.8830073660148
  0
LWPOLYLINE
  5
553
330
1F
100
AcDbEntity
  8
TopSilkLayer
100
AcDbPolyline
 90
1
 70
 0
 43
0.25400050800101603 
 10
31.548437896875612
 20
85.2434340868682
 10
31.548437896875612
 20
86.04340868681743
  0
LWPOLYLINE
  5
554
330
1F
100
AcDbEntity
  8
TopSilkLayer
100
AcDbPolyline
 90
1
 70
 0
 43
0.25400050800101603 
 10
32.65781051562112
 20
83.57325374650759
 10
31.857759715519478
 20
83.57325374650759
  0
LWPOLYLINE
  5
555
330
1F
100
AcDbEntity
  8
TopSilkLayer
100
AcDbPolyline
 90
1
 70
 0
 43
0.25400050800101603 
 10
31.858293116586083
 20
86.35318770637548
 10
32.65831851663688
 20
86.35318770637548
  0
LWPOLYLINE
  5
556
330
1F
100
AcDbEntity
  8
TopSilkLayer
100
AcDbPolyline
 90
1
 70
 0
 43
0.25400050800101603 
 10
30.808636017271965
 20
84.68298196596402
 10
30.808636017271965
 20
83.8830073660148
  0
LWPOLYLINE
  5
557
330
1F
100
AcDbEntity
  8
TopSilkLayer
100
AcDbPolyline
 90
1
 70
 0
 43
0.25400050800101603 
 10
30.80909321818649
 20
85.2434340868682
 10
30.80909321818649
 20
86.04340868681743
  0
LWPOLYLINE
  5
558
330
1F
100
AcDbEntity
  8
TopSilkLayer
100
AcDbPolyline
 90
1
 70
 0
 43
0.25400050800101603 
 10
29.38895097790214
 20
84.68298196596402
 10
29.38895097790214
 20
83.8830073660148
  0
LWPOLYLINE
  5
559
330
1F
100
AcDbEntity
  8
TopSilkLayer
100
AcDbPolyline
 90
1
 70
 0
 43
0.25400050800101603 
 10
29.389433578867056
 20
85.2434340868682
 10
29.389433578867056
 20
86.04340868681743
  0
LWPOLYLINE
  5
55a
330
1F
100
AcDbEntity
  8
TopSilkLayer
100
AcDbPolyline
 90
1
 70
 0
 43
0.25400050800101603 
 10
30.49880619761234
 20
83.57325374650759
 10
29.698755397510922
 20
83.57325374650759
  0
LWPOLYLINE
  5
55b
330
1F
100
AcDbEntity
  8
TopSilkLayer
100
AcDbPolyline
 90
1
 70
 0
 43
0.25400050800101603 
 10
29.699288798577527
 20
86.35318770637548
 10
30.499314198628326
 20
86.35318770637548
  0
LWPOLYLINE
  5
55c
330
1F
100
AcDbEntity
  8
TopSilkLayer
100
AcDbPolyline
 90
1
 70
 0
 43
0.25400050800101603 
 10
27.35748031496064
 20
85.24335788671578
 10
27.35748031496064
 20
86.04333248666501
  0
LWPOLYLINE
  5
55d
330
1F
100
AcDbEntity
  8
TopSilkLayer
100
AcDbPolyline
 90
1
 70
 0
 43
0.25400050800101603 
 10
27.357023114046342
 20
84.6829057658116
 10
27.357023114046342
 20
83.88293116586237
  0
LWPOLYLINE
  5
55e
330
1F
100
AcDbEntity
  8
TopSilkLayer
100
AcDbPolyline
 90
1
 70
 0
 43
0.25400050800101603 
 10
28.77716535433069
 20
85.24335788671578
 10
28.77716535433069
 20
86.04333248666501
  0
LWPOLYLINE
  5
55f
330
1F
100
AcDbEntity
  8
TopSilkLayer
100
AcDbPolyline
 90
1
 70
 0
 43
0.25400050800101603 
 10
28.77668275336555
 20
84.6829057658116
 10
28.77668275336555
 20
83.88293116586237
  0
LWPOLYLINE
  5
560
330
1F
100
AcDbEntity
  8
TopSilkLayer
100
AcDbPolyline
 90
1
 70
 0
 43
0.25400050800101603 
 10
27.667310134620266
 20
86.35308610617221
 10
28.46736093472191
 20
86.35308610617221
  0
LWPOLYLINE
  5
561
330
1F
100
AcDbEntity
  8
TopSilkLayer
100
AcDbPolyline
 90
1
 70
 0
 43
0.25400050800101603 
 10
28.466827533655078
 20
83.57315214630444
 10
27.66680213360428
 20
83.57315214630444
  0
LWPOLYLINE
  5
562
330
1F
100
AcDbEntity
  8
TopSilkLayer
100
AcDbPolyline
 90
1
 70
 0
 43
0.25400050800101603 
 10
43.333274066548256
 20
91.51475742951493
 10
44.133248666497366
 20
91.51475742951493
  0
LWPOLYLINE
  5
563
330
1F
100
AcDbEntity
  8
TopSilkLayer
100
AcDbPolyline
 90
1
 70
 0
 43
0.25400050800101603 
 10
42.772821945643955
 20
91.51521463042934
 10
41.97284734569462
 20
91.51521463042934
  0
LWPOLYLINE
  5
564
330
1F
100
AcDbEntity
  8
TopSilkLayer
100
AcDbPolyline
 90
1
 70
 0
 43
0.25400050800101603 
 10
43.333274066548256
 20
90.09507239014476
 10
44.133248666497366
 20
90.09507239014476
  0
LWPOLYLINE
  5
565
330
1F
100
AcDbEntity
  8
TopSilkLayer
100
AcDbPolyline
 90
1
 70
 0
 43
0.25400050800101603 
 10
42.772821945643955
 20
90.09555499111002
 10
41.97284734569462
 20
90.09555499111002
  0
LWPOLYLINE
  5
566
330
1F
100
AcDbEntity
  8
TopSilkLayer
100
AcDbPolyline
 90
1
 70
 0
 43
0.25400050800101603 
 10
44.443002286004685
 20
91.2049276098553
 10
44.443002286004685
 20
90.40487680975366
  0
LWPOLYLINE
  5
567
330
1F
100
AcDbEntity
  8
TopSilkLayer
100
AcDbPolyline
 90
1
 70
 0
 43
0.25400050800101603 
 10
41.66306832613668
 20
90.40541021082049
 10
41.66306832613668
 20
91.20543561087129
  0
LWPOLYLINE
  5
568
330
1F
100
AcDbEntity
  8
TopSilkLayer
100
AcDbPolyline
 90
1
 70
 0
 43
0.25400050800101603 
 10
72.4647193294386
 20
101.19301498603011
 10
72.4647193294386
 20
100.39304038608088
  0
LWPOLYLINE
  5
569
330
1F
100
AcDbEntity
  8
TopSilkLayer
100
AcDbPolyline
 90
1
 70
 0
 43
0.25400050800101603 
 10
72.46517653035312
 20
101.7534671069343
 10
72.46517653035312
 20
102.5534417068834
  0
LWPOLYLINE
  5
56a
330
1F
100
AcDbEntity
  8
TopSilkLayer
100
AcDbPolyline
 90
1
 70
 0
 43
0.25400050800101603 
 10
71.04503429006877
 20
101.19301498603011
 10
71.04503429006877
 20
100.39304038608088
  0
LWPOLYLINE
  5
56b
330
1F
100
AcDbEntity
  8
TopSilkLayer
100
AcDbPolyline
 90
1
 70
 0
 43
0.25400050800101603 
 10
71.04551689103369
 20
101.7534671069343
 10
71.04551689103369
 20
102.5534417068834
  0
LWPOLYLINE
  5
56c
330
1F
100
AcDbEntity
  8
TopSilkLayer
100
AcDbPolyline
 90
1
 70
 0
 43
0.25400050800101603 
 10
72.15488950977897
 20
100.08328676657356
 10
71.35483870967755
 20
100.08328676657356
  0
LWPOLYLINE
  5
56d
330
1F
100
AcDbEntity
  8
TopSilkLayer
100
AcDbPolyline
 90
1
 70
 0
 43
0.25400050800101603 
 10
71.35537211074416
 20
102.86322072644145
 10
72.15539751079496
 20
102.86322072644145
  0
LWPOLYLINE
  5
56e
330
1F
100
AcDbEntity
  8
TopSilkLayer
100
AcDbPolyline
 90
1
 70
 0
 43
0.25400050800101603 
 10
70.68671577343162
 20
101.19301498603011
 10
70.68671577343162
 20
100.39304038608088
  0
LWPOLYLINE
  5
56f
330
1F
100
AcDbEntity
  8
TopSilkLayer
100
AcDbPolyline
 90
1
 70
 0
 43
0.25400050800101603 
 10
70.68717297434591
 20
101.7534671069343
 10
70.68717297434591
 20
102.5534417068834
  0
LWPOLYLINE
  5
570
330
1F
100
AcDbEntity
  8
TopSilkLayer
100
AcDbPolyline
 90
1
 70
 0
 43
0.25400050800101603 
 10
69.26703073406156
 20
101.19301498603011
 10
69.26703073406156
 20
100.39304038608088
  0
LWPOLYLINE
  5
571
330
1F
100
AcDbEntity
  8
TopSilkLayer
100
AcDbPolyline
 90
1
 70
 0
 43
0.25400050800101603 
 10
69.2675133350267
 20
101.7534671069343
 10
69.2675133350267
 20
102.5534417068834
  0
LWPOLYLINE
  5
572
330
1F
100
AcDbEntity
  8
TopSilkLayer
100
AcDbPolyline
 90
1
 70
 0
 43
0.25400050800101603 
 10
70.37688595377199
 20
100.08328676657356
 10
69.57683515367034
 20
100.08328676657356
  0
LWPOLYLINE
  5
573
330
1F
100
AcDbEntity
  8
TopSilkLayer
100
AcDbPolyline
 90
1
 70
 0
 43
0.25400050800101603 
 10
69.57736855473695
 20
102.86322072644145
 10
70.37739395478775
 20
102.86322072644145
  0
LWPOLYLINE
  5
574
330
1F
100
AcDbEntity
  8
TopSilkLayer
100
AcDbPolyline
 90
1
 70
 0
 43
0.25400050800101603 
 10
65.09870459740932
 20
56.488925577851205
 10
65.09870459740932
 20
55.688950977902095
  0
LWPOLYLINE
  5
575
330
1F
100
AcDbEntity
  8
TopSilkLayer
100
AcDbPolyline
 90
1
 70
 0
 43
0.25400050800101603 
 10
65.09916179832362
 20
57.04937769875539
 10
65.09916179832362
 20
57.849352298704616
  0
LWPOLYLINE
  5
576
330
1F
100
AcDbEntity
  8
TopSilkLayer
100
AcDbPolyline
 90
1
 70
 0
 43
0.25400050800101603 
 10
63.67901955803927
 20
56.488925577851205
 10
63.67901955803927
 20
55.688950977902095
  0
LWPOLYLINE
  5
577
330
1F
100
AcDbEntity
  8
TopSilkLayer
100
AcDbPolyline
 90
1
 70
 0
 43
0.25400050800101603 
 10
63.67950215900419
 20
57.04937769875539
 10
63.67950215900419
 20
57.849352298704616
  0
LWPOLYLINE
  5
578
330
1F
100
AcDbEntity
  8
TopSilkLayer
100
AcDbPolyline
 90
1
 70
 0
 43
0.25400050800101603 
 10
64.7888747777497
 20
55.37919735839478
 10
63.98882397764805
 20
55.37919735839478
  0
LWPOLYLINE
  5
579
330
1F
100
AcDbEntity
  8
TopSilkLayer
100
AcDbPolyline
 90
1
 70
 0
 43
0.25400050800101603 
 10
63.98935737871466
 20
58.159131318262666
 10
64.78938277876546
 20
58.159131318262666
  0
LWPOLYLINE
  5
57a
330
1F
100
AcDbEntity
  8
TopSilkLayer
100
AcDbPolyline
 90
1
 70
 0
 43
0.25400050800101603 
 10
37.26350012700027
 20
60.986309372618734
 10
37.26350012700027
 20
61.78628397256796
  0
LWPOLYLINE
  5
57b
330
1F
100
AcDbEntity
  8
TopSilkLayer
100
AcDbPolyline
 90
1
 70
 0
 43
0.25400050800101603 
 10
37.26304292608597
 20
60.42585725171455
 10
37.26304292608597
 20
59.62588265176532
  0
LWPOLYLINE
  5
57c
330
1F
100
AcDbEntity
  8
TopSilkLayer
100
AcDbPolyline
 90
1
 70
 0
 43
0.25400050800101603 
 10
38.68318516637032
 20
60.986309372618734
 10
38.68318516637032
 20
61.78628397256796
  0
LWPOLYLINE
  5
57d
330
1F
100
AcDbEntity
  8
TopSilkLayer
100
AcDbPolyline
 90
1
 70
 0
 43
0.25400050800101603 
 10
38.68270256540518
 20
60.42585725171455
 10
38.68270256540518
 20
59.62588265176532
  0
LWPOLYLINE
  5
57e
330
1F
100
AcDbEntity
  8
TopSilkLayer
100
AcDbPolyline
 90
1
 70
 0
 43
0.25400050800101603 
 10
37.5733299466599
 20
62.09603759207528
 10
38.37338074676154
 20
62.09603759207528
  0
LWPOLYLINE
  5
57f
330
1F
100
AcDbEntity
  8
TopSilkLayer
100
AcDbPolyline
 90
1
 70
 0
 43
0.25400050800101603 
 10
38.37284734569471
 20
59.31610363220739
 10
37.57282194564391
 20
59.31610363220739
  0
LWPOLYLINE
  5
580
330
1F
100
AcDbEntity
  8
TopSilkLayer
100
AcDbPolyline
 90
1
 70
 0
 43
0.25400050800101603 
 10
48.260096520192974
 20
95.0190500381002
 10
48.260096520192974
 20
102.52819405638809
  0
LWPOLYLINE
  5
581
330
1F
100
AcDbEntity
  8
TopSilkLayer
100
AcDbPolyline
 90
1
 70
 0
 43
0.25400050800101603 
 10
33.528067056134205
 20
102.59171958343927
 10
33.528067056134205
 20
95.09870459740932
  0
LWPOLYLINE
  5
582
330
1F
100
AcDbEntity
  8
TopSilkLayer
100
AcDbPolyline
 90
3
 70
 0
 43
0.25400050800101603 
 10
48.260096520192974
 20
104.94117348234704
 10
48.260096520192974
 20
108.00127000254008
 10
33.528067056134205
 20
108.00124460248924
 10
33.528067056134205
 20
105.09123698247402
  0
LWPOLYLINE
  5
583
330
1F
100
AcDbEntity
  8
TopSilkLayer
100
AcDbPolyline
 90
3
 70
 0
 43
0.25400050800101603 
 10
48.260096520192974
 20
107.51590043180101
 10
48.260096520192974
 20
107.29123698247406
 10
39.8940817881637
 20
107.29123698247406
 10
36.95707391414794
 20
107.98831597663207
  0
LWPOLYLINE
  5
584
330
1F
100
AcDbEntity
  8
TopSilkLayer
100
AcDbPolyline
 90
5
 70
 0
 43
0.25400050800101603 
 10
86.86817373634744
 20
65.15113030226064
 10
86.86817373634744
 20
65.65913131826267
 10
84.96316992633979
 20
65.65913131826267
 10
84.96316992633979
 20
70.61214122428248
 10
86.86817373634744
 20
70.61214122428248
 10
86.86817373634744
 20
70.99314198628406
  0
LWPOLYLINE
  5
585
330
1F
100
AcDbEntity
  8
TopSilkLayer
100
AcDbPolyline
 90
4
 70
 0
 43
0.25400050800101603 
 10
87.50317500635015
 20
71.07218694437393
 10
87.50317500635015
 20
70.5641859283719
 10
88.26517653035307
 20
70.5641859283719
 10
88.26517653035307
 20
68.40518161036334
 10
88.7731775463551
 20
68.40518161036334
  0
LWPOLYLINE
  5
586
330
1F
100
AcDbEntity
  8
TopSilkLayer
100
AcDbPolyline
 90
4
 70
 0
 43
0.25400050800101603 
 10
87.50317500635015
 20
65.15113030226064
 10
87.50317500635015
 20
65.65913131826267
 10
88.26517653035307
 20
65.65913131826267
 10
88.26517653035307
 20
67.81813563627134
 10
88.7731775463551
 20
67.81813563627134
  0
LWPOLYLINE
  5
587
330
1F
100
AcDbEntity
  8
TopSilkLayer
100
AcDbPolyline
 90
4
 70
 1
 43
0.25400050800101603 
 10
84.32207264414524
 20
65.07213614427235
 10
84.32207264414524
 20
71.07213614427235
 10
88.82219964439946
 20
71.07213614427235
 10
88.82219964439946
 20
65.07213614427235
 10
84.32207264414524
 20
65.07213614427235
  0
LWPOLYLINE
  5
588
330
1F
100
AcDbEntity
  8
TopSilkLayer
100
AcDbPolyline
 90
1
 70
 0
 43
0.15240030480060962 
 10
79.3753619507238
 20
80.2793497586996
 10
77.59695199390399
 20
80.2793497586996
  0
LWPOLYLINE
  5
589
330
1F
100
AcDbEntity
  8
TopSilkLayer
100
AcDbPolyline
 90
1
 70
 0
 43
0.15240030480060962 
 10
79.3753619507238
 20
77.20096520193044
 10
77.59695199390399
 20
77.20096520193044
  0
LWPOLYLINE
  5
58a
330
1F
100
AcDbEntity
  8
TopSilkLayer
100
AcDbPolyline
 90
1
 70
 0
 43
0.25400050800101603 
 10
51.763093726187435
 20
104.18420116840241
 10
67.36301752603504
 20
104.18420116840241
  0
LWPOLYLINE
  5
58b
330
1F
100
AcDbEntity
  8
TopSilkLayer
100
AcDbPolyline
 90
1
 70
 0
 43
0.25400050800101603 
 10
51.76299212598428
 20
98.78420116840232
 10
53.43393446786877
 20
98.78420116840232
  0
LWPOLYLINE
  5
58c
330
1F
100
AcDbEntity
  8
TopSilkLayer
100
AcDbPolyline
 90
1
 70
 0
 43
0.25400050800101603 
 10
65.69405638811281
 20
98.78420116840232
 10
67.3628651257302
 20
98.78420116840232
  0
LWPOLYLINE
  5
58d
330
1F
100
AcDbEntity
  8
TopSilkLayer
100
AcDbPolyline
 90
1
 70
 0
 43
0.25400050800101603 
 10
67.36289052578104
 20
100.92880365760732
 10
67.36289052578104
 20
98.78420116840232
  0
LWPOLYLINE
  5
58e
330
1F
100
AcDbEntity
  8
TopSilkLayer
100
AcDbPolyline
 90
1
 70
 0
 43
0.25400050800101603 
 10
51.76296672593344
 20
100.92877825755659
 10
51.76296672593344
 20
98.78420116840232
  0
LWPOLYLINE
  5
58f
330
1F
100
AcDbEntity
  8
TopSilkLayer
100
AcDbPolyline
 90
1
 70
 0
 43
0.25400050800101603 
 10
67.36301752603504
 20
104.18420116840241
 10
67.36301752603504
 20
103.39108458216913
  0
LWPOLYLINE
  5
590
330
1F
100
AcDbEntity
  8
TopSilkLayer
100
AcDbPolyline
 90
1
 70
 0
 43
0.25400050800101603 
 10
51.763093726187435
 20
104.18420116840241
 10
51.763093726187435
 20
103.39108458216913
  0
LWPOLYLINE
  5
591
330
1F
100
AcDbEntity
  8
TopSilkLayer
100
AcDbPolyline
 90
3
 70
 0
 43
0.25400050800101603 
 10
64.1998983997969
 20
65.7874015748032
 10
62.65049530099054
 20
65.7874015748032
 10
62.65049530099054
 20
63.75539751079509
 10
64.1998983997969
 20
63.75539751079509
  0
LWPOLYLINE
  5
592
330
1F
100
AcDbEntity
  8
TopSilkLayer
100
AcDbPolyline
 90
5
 70
 0
 43
0.25400050800101603 
 10
64.98729997459986
 20
65.81280162560336
 10
66.46050292100585
 20
65.81280162560336
 10
66.86690373380748
 20
65.40640081280173
 10
66.86690373380748
 20
64.13639827279667
 10
66.4859029718059
 20
63.75539751079509
 10
64.96189992379982
 20
63.75539751079509
  0
LWPOLYLINE
  5
593
330
1F
100
AcDbEntity
  8
TopSilkLayer
100
AcDbPolyline
 90
1
 70
 0
 43
0.25400050800101603 
 10
64.44312928625845
 20
64.27012954025918
 10
64.44312928625845
 20
65.27038354076717
  0
LWPOLYLINE
  5
594
330
1F
100
AcDbEntity
  8
TopSilkLayer
100
AcDbPolyline
 90
1
 70
 0
 43
0.25400050800101603 
 10
64.54305308610606
 20
64.77012954025918
 10
64.81203962407926
 20
64.77012954025918
  0
LWPOLYLINE
  5
595
330
1F
100
AcDbEntity
  8
TopSilkLayer
100
AcDbPolyline
 90
4
 70
 0
 43
0.25400050800101603 
 10
64.44312928625845
 20
66.68313436626875
 10
64.84312928625855
 20
67.08313436626872
 10
64.94312928625845
 20
67.18313436626875
 10
64.84312928625855
 20
67.28338836677676
 10
64.44312928625845
 20
67.68338836677685
  0
LWPOLYLINE
  5
596
330
1F
100
AcDbEntity
  8
TopSilkLayer
100
AcDbPolyline
 90
1
 70
 0
 43
0.25400050800101603 
 10
64.44312928625845
 20
66.68313436626875
 10
64.44312928625845
 20
67.68338836677685
  0
LWPOLYLINE
  5
597
330
1F
100
AcDbEntity
  8
TopSilkLayer
100
AcDbPolyline
 90
3
 70
 0
 43
0.25400050800101603 
 10
64.1998983997969
 20
68.20040640081288
 10
62.65049530099054
 20
68.20040640081288
 10
62.65049530099054
 20
66.16840233680477
 10
64.1998983997969
 20
66.16840233680477
  0
LWPOLYLINE
  5
598
330
1F
100
AcDbEntity
  8
TopSilkLayer
100
AcDbPolyline
 90
5
 70
 0
 43
0.25400050800101603 
 10
64.98729997459986
 20
68.22580645161293
 10
66.46050292100585
 20
68.22580645161293
 10
66.86690373380748
 20
67.8194056388113
 10
66.86690373380748
 20
66.54940309880624
 10
66.4859029718059
 20
66.16840233680477
 10
64.96189992379982
 20
66.16840233680477
  0
LWPOLYLINE
  5
599
330
1F
100
AcDbEntity
  8
TopSilkLayer
100
AcDbPolyline
 90
1
 70
 0
 43
0.25400050800101603 
 10
39.35189230378455
 20
58.42019304038615
 10
39.243078486156946
 20
58.42019304038615
  0
LWPOLYLINE
  5
59a
330
1F
100
AcDbEntity
  8
TopSilkLayer
100
AcDbPolyline
 90
1
 70
 0
 43
0.25400050800101603 
 10
42.5518923037846
 20
58.42019304038615
 10
41.01419862839725
 20
58.42019304038615
  0
LWPOLYLINE
  5
59b
330
1F
100
AcDbEntity
  8
TopSilkLayer
100
AcDbPolyline
 90
3
 70
 0
 43
0.25400050800101603 
 10
44.21417322834645
 20
63.50020320040653
 10
44.32308864617721
 20
63.50020320040653
 10
44.32308864617721
 20
58.42019304038615
 10
44.21417322834645
 20
58.42019304038615
  0
LWPOLYLINE
  5
59c
330
1F
100
AcDbEntity
  8
TopSilkLayer
100
AcDbPolyline
 90
1
 70
 0
 43
0.25400050800101603 
 10
41.01419862839725
 20
63.50020320040653
 10
42.5518923037846
 20
63.50020320040653
  0
LWPOLYLINE
  5
59d
330
1F
100
AcDbEntity
  8
TopSilkLayer
100
AcDbPolyline
 90
2
 70
 0
 43
0.25400050800101603 
 10
39.243078486156946
 20
58.42019304038615
 10
39.243078486156946
 20
63.50020320040653
 10
39.35189230378455
 20
63.50020320040653
  0
LWPOLYLINE
  5
59e
330
1F
100
AcDbEntity
  8
TopSilkLayer
100
AcDbPolyline
 90
2
 70
 0
 43
0.15240030480060962 
 10
69.6873507747016
 20
89.53738887477778
 10
68.2349250698503
 20
89.53738887477778
 10
68.2349250698503
 20
88.50576581153166
  0
LWPOLYLINE
  5
59f
330
1F
100
AcDbEntity
  8
TopSilkLayer
100
AcDbPolyline
 90
2
 70
 0
 43
0.15240030480060962 
 10
69.6873507747016
 20
86.48496316992646
 10
68.2349250698503
 20
86.48496316992646
 10
68.2349250698503
 20
87.51658623317246
  0
LWPOLYLINE
  5
5a0
330
1F
100
AcDbEntity
  8
TopSilkLayer
100
AcDbPolyline
 90
1
 70
 0
 43
0.15240030480060962 
 10
69.6873507747016
 20
88.46657353314708
 10
69.6873507747016
 20
87.55577851155715
  0
LWPOLYLINE
  5
5a1
330
1F
100
AcDbEntity
  8
TopSilkLayer
100
AcDbPolyline
 90
2
 70
 0
 43
0.15240030480060962 
 10
69.6873507747016
 20
86.2353822707646
 10
68.2349250698503
 20
86.2353822707646
 10
68.2349250698503
 20
85.20375920751849
  0
LWPOLYLINE
  5
5a2
330
1F
100
AcDbEntity
  8
TopSilkLayer
100
AcDbPolyline
 90
2
 70
 0
 43
0.15240030480060962 
 10
69.6873507747016
 20
83.18295656591317
 10
68.2349250698503
 20
83.18295656591317
 10
68.2349250698503
 20
84.21457962915929
  0
LWPOLYLINE
  5
5a3
330
1F
100
AcDbEntity
  8
TopSilkLayer
100
AcDbPolyline
 90
1
 70
 0
 43
0.15240030480060962 
 10
69.6873507747016
 20
85.16456692913391
 10
69.6873507747016
 20
84.25377190754386
  0
LWPOLYLINE
  5
5a4
330
1F
100
AcDbEntity
  8
TopSilkLayer
100
AcDbPolyline
 90
1
 70
 0
 43
0.25400050800101603 
 10
71.87114554229106
 20
65.30403860807724
 10
73.67117094234186
 20
65.30403860807724
  0
LWPOLYLINE
  5
5a5
330
1F
100
AcDbEntity
  8
TopSilkLayer
100
AcDbPolyline
 90
1
 70
 0
 43
0.25400050800101603 
 10
71.87114554229106
 20
62.20401320802648
 10
73.67117094234186
 20
62.20401320802648
  0
LWPOLYLINE
  5
5a6
330
1F
100
AcDbEntity
  8
TopSilkLayer
100
AcDbPolyline
 90
3
 70
 0
 43
0.15240030480060962 
 10
80.18237236474465
 20
75.0315468630937
 10
81.14124968249939
 20
75.0315468630937
 10
81.14124968249939
 20
76.35275590551191
 10
80.18237236474465
 20
76.35275590551191
  0
LWPOLYLINE
  5
5a7
330
1F
100
AcDbEntity
  8
TopSilkLayer
100
AcDbPolyline
 90
3
 70
 0
 43
0.15240030480060962 
 10
79.32994665989327
 20
75.0315468630937
 10
78.37106934213875
 20
75.0315468630937
 10
78.37106934213875
 20
76.35275590551191
 10
79.32994665989327
 20
76.35275590551191
  0
LWPOLYLINE
  5
5a8
330
1F
100
AcDbEntity
  8
TopSilkLayer
100
AcDbPolyline
 90
3
 70
 0
 43
0.15240030480060962 
 10
78.277368554737
 20
81.25455930911858
 10
79.23624587249174
 20
81.25455930911858
 10
79.23624587249174
 20
82.5757683515368
 10
78.277368554737
 20
82.5757683515368
  0
LWPOLYLINE
  5
5a9
330
1F
100
AcDbEntity
  8
TopSilkLayer
100
AcDbPolyline
 90
3
 70
 0
 43
0.15240030480060962 
 10
77.42494284988584
 20
81.25455930911858
 10
76.4660655321311
 20
81.25455930911858
 10
76.4660655321311
 20
82.5757683515368
 10
77.42494284988584
 20
82.5757683515368
  0
LWPOLYLINE
  5
5aa
330
1F
100
AcDbEntity
  8
TopSilkLayer
100
AcDbPolyline
 90
3
 70
 0
 43
0.15240030480060962 
 10
63.20091440182887
 20
74.3207518415038
 10
62.242037084074354
 20
74.3207518415038
 10
62.242037084074354
 20
72.99954279908559
 10
63.20091440182887
 20
72.99954279908559
  0
LWPOLYLINE
  5
5ab
330
1F
100
AcDbEntity
  8
TopSilkLayer
100
AcDbPolyline
 90
3
 70
 0
 43
0.15240030480060962 
 10
64.05334010668025
 20
74.3207518415038
 10
65.01221742443477
 20
74.3207518415038
 10
65.01221742443477
 20
72.99954279908559
 10
64.05334010668025
 20
72.99954279908559
  0
LWPOLYLINE
  5
5ac
330
1F
100
AcDbEntity
  8
TopSilkLayer
100
AcDbPolyline
 90
3
 70
 0
 43
0.15240030480060962 
 10
63.20091440182887
 20
72.54274828549671
 10
62.242037084074354
 20
72.54274828549671
 10
62.242037084074354
 20
71.2215392430785
 10
63.20091440182887
 20
71.2215392430785
  0
LWPOLYLINE
  5
5ad
330
1F
100
AcDbEntity
  8
TopSilkLayer
100
AcDbPolyline
 90
3
 70
 0
 43
0.15240030480060962 
 10
64.05334010668025
 20
72.54274828549671
 10
65.01221742443477
 20
72.54274828549671
 10
65.01221742443477
 20
71.2215392430785
 10
64.05334010668025
 20
71.2215392430785
  0
LWPOLYLINE
  5
5ae
330
1F
100
AcDbEntity
  8
TopSilkLayer
100
AcDbPolyline
 90
3
 70
 0
 43
0.15240030480060962 
 10
63.20091440182887
 20
70.76474472948951
 10
62.242037084074354
 20
70.76474472948951
 10
62.242037084074354
 20
69.4435356870714
 10
63.20091440182887
 20
69.4435356870714
  0
LWPOLYLINE
  5
5af
330
1F
100
AcDbEntity
  8
TopSilkLayer
100
AcDbPolyline
 90
3
 70
 0
 43
0.15240030480060962 
 10
64.05334010668025
 20
70.76474472948951
 10
65.01221742443477
 20
70.76474472948951
 10
65.01221742443477
 20
69.4435356870714
 10
64.05334010668025
 20
69.4435356870714
  0
LWPOLYLINE
  5
5b0
330
1F
100
AcDbEntity
  8
TopSilkLayer
100
AcDbPolyline
 90
3
 70
 0
 43
0.15240030480060962 
 10
80.0553721107442
 20
71.85654051308109
 10
81.01424942849872
 20
71.85654051308109
 10
81.01424942849872
 20
73.17774955549919
 10
80.0553721107442
 20
73.17774955549919
  0
LWPOLYLINE
  5
5b1
330
1F
100
AcDbEntity
  8
TopSilkLayer
100
AcDbPolyline
 90
3
 70
 0
 43
0.15240030480060962 
 10
79.20294640589282
 20
71.85654051308109
 10
78.2440690881383
 20
71.85654051308109
 10
78.2440690881383
 20
73.17774955549919
 10
79.20294640589282
 20
73.17774955549919
  0
LWPOLYLINE
  5
5b2
330
1F
100
AcDbEntity
  8
TopSilkLayer
100
AcDbPolyline
 90
3
 70
 0
 43
0.15240030480060962 
 10
72.09093218186445
 20
84.48077216154445
 10
71.13205486410993
 20
84.48077216154445
 10
71.13205486410993
 20
83.15956311912623
 10
72.09093218186445
 20
83.15956311912623
  0
LWPOLYLINE
  5
5b3
330
1F
100
AcDbEntity
  8
TopSilkLayer
100
AcDbPolyline
 90
3
 70
 0
 43
0.15240030480060962 
 10
72.94335788671583
 20
84.48077216154445
 10
73.90223520447034
 20
84.48077216154445
 10
73.90223520447034
 20
83.15956311912623
 10
72.94335788671583
 20
83.15956311912623
  0
LWPOLYLINE
  5
5b4
330
1F
100
AcDbEntity
  8
TopSilkLayer
100
AcDbPolyline
 90
3
 70
 0
 43
0.15240030480060962 
 10
66.57373634747273
 20
85.13538227076458
 10
66.57373634747273
 20
86.09425958851932
 10
65.25252730505463
 20
86.09425958851932
 10
65.25252730505463
 20
85.13538227076458
  0
LWPOLYLINE
  5
5b5
330
1F
100
AcDbEntity
  8
TopSilkLayer
100
AcDbPolyline
 90
3
 70
 0
 43
0.15240030480060962 
 10
66.57373634747273
 20
84.2829565659132
 10
66.57373634747273
 20
83.32407924815845
 10
65.25252730505463
 20
83.32407924815845
 10
65.25252730505463
 20
84.2829565659132
  0
LWPOLYLINE
  5
5b6
330
1F
100
AcDbEntity
  8
TopSilkLayer
100
AcDbPolyline
 90
3
 70
 0
 43
0.15240030480060962 
 10
34.62585725171448
 20
82.44876809753623
 10
33.666979933959965
 20
82.44876809753623
 10
33.666979933959965
 20
81.12755905511813
 10
34.62585725171448
 20
81.12755905511813
  0
LWPOLYLINE
  5
5b7
330
1F
100
AcDbEntity
  8
TopSilkLayer
100
AcDbPolyline
 90
3
 70
 0
 43
0.15240030480060962 
 10
35.47828295656586
 20
82.44876809753623
 10
36.437160274320604
 20
82.44876809753623
 10
36.437160274320604
 20
81.12755905511813
 10
35.47828295656586
 20
81.12755905511813
  0
LWPOLYLINE
  5
5b8
330
1F
100
AcDbEntity
  8
TopSilkLayer
100
AcDbPolyline
 90
3
 70
 0
 43
0.15240030480060962 
 10
40.34086868173745
 20
89.68778257556528
 10
39.381991363982706
 20
89.68778257556528
 10
39.381991363982706
 20
88.36657353314706
 10
40.34086868173745
 20
88.36657353314706
  0
LWPOLYLINE
  5
5b9
330
1F
100
AcDbEntity
  8
TopSilkLayer
100
AcDbPolyline
 90
3
 70
 0
 43
0.15240030480060962 
 10
41.19329438658883
 20
89.68778257556528
 10
42.152171704343345
 20
89.68778257556528
 10
42.152171704343345
 20
88.36657353314706
 10
41.19329438658883
 20
88.36657353314706
  0
LWPOLYLINE
  5
5ba
330
1F
100
AcDbEntity
  8
TopSilkLayer
100
AcDbPolyline
 90
1
 70
 0
 43
0.152 
 10
56.26690373380734
 20
66.1843281686564
 10
56.26690373380734
 20
65.75326390652788
  0
LWPOLYLINE
  5
5bb
330
1F
100
AcDbEntity
  8
TopSilkLayer
100
AcDbPolyline
 90
1
 70
 0
 43
0.152 
 10
56.26690373380734
 20
63.10193040386082
 10
56.26690373380734
 20
63.53299466598935
  0
LWPOLYLINE
  5
5bc
330
1F
100
AcDbEntity
  8
TopSilkLayer
100
AcDbPolyline
 90
1
 70
 0
 43
0.152 
 10
60.319329438659
 20
63.53299466598935
 10
60.319329438659
 20
63.10193040386082
  0
LWPOLYLINE
  5
5bd
330
1F
100
AcDbEntity
  8
TopSilkLayer
100
AcDbPolyline
 90
1
 70
 0
 43
0.152 
 10
60.319329438659
 20
66.1843281686564
 10
60.319329438659
 20
65.75326390652788
  0
LWPOLYLINE
  5
5be
330
1F
100
AcDbEntity
  8
TopSilkLayer
100
AcDbPolyline
 90
1
 70
 0
 43
0.15240030480060962 
 10
60.319329438659
 20
66.1843281686564
 10
56.26690373380734
 20
66.1843281686564
  0
LWPOLYLINE
  5
5bf
330
1F
100
AcDbEntity
  8
TopSilkLayer
100
AcDbPolyline
 90
1
 70
 0
 43
0.15240030480060962 
 10
60.319329438659
 20
63.10193040386082
 10
56.26690373380734
 20
63.10193040386082
  0
LWPOLYLINE
  5
5c0
330
1F
100
AcDbEntity
  8
TopSilkLayer
100
AcDbPolyline
 90
1
 70
 0
 43
0.152 
 10
23.731851663703537
 20
82.80995681991374
 10
24.16291592583184
 20
82.80995681991374
  0
LWPOLYLINE
  5
5c1
330
1F
100
AcDbEntity
  8
TopSilkLayer
100
AcDbPolyline
 90
1
 70
 0
 43
0.152 
 10
26.81424942849867
 20
82.80995681991374
 10
26.383185166370367
 20
82.80995681991374
  0
LWPOLYLINE
  5
5c2
330
1F
100
AcDbEntity
  8
TopSilkLayer
100
AcDbPolyline
 90
1
 70
 0
 43
0.152 
 10
26.383185166370367
 20
86.86238252476505
 10
26.81424942849867
 20
86.86238252476505
  0
LWPOLYLINE
  5
5c3
330
1F
100
AcDbEntity
  8
TopSilkLayer
100
AcDbPolyline
 90
1
 70
 0
 43
0.152 
 10
23.731851663703537
 20
86.86238252476505
 10
24.16291592583184
 20
86.86238252476505
  0
LWPOLYLINE
  5
5c4
330
1F
100
AcDbEntity
  8
TopSilkLayer
100
AcDbPolyline
 90
1
 70
 0
 43
0.15240030480060962 
 10
23.731851663703537
 20
86.86238252476505
 10
23.731851663703537
 20
82.80995681991374
  0
LWPOLYLINE
  5
5c5
330
1F
100
AcDbEntity
  8
TopSilkLayer
100
AcDbPolyline
 90
1
 70
 0
 43
0.15240030480060962 
 10
26.81424942849867
 20
86.86238252476505
 10
26.81424942849867
 20
82.80995681991374
  0
LWPOLYLINE
  5
5c6
330
1F
100
AcDbEntity
  8
TopSilkLayer
100
AcDbPolyline
 90
1
 70
 0
 43
0.152 
 10
58.31031242062477
 20
61.71633223266451
 10
57.879248158496466
 20
61.71633223266451
  0
LWPOLYLINE
  5
5c7
330
1F
100
AcDbEntity
  8
TopSilkLayer
100
AcDbPolyline
 90
1
 70
 0
 43
0.152 
 10
55.22791465582941
 20
61.71633223266451
 10
55.65897891795771
 20
61.71633223266451
  0
LWPOLYLINE
  5
5c8
330
1F
100
AcDbEntity
  8
TopSilkLayer
100
AcDbPolyline
 90
1
 70
 0
 43
0.152 
 10
55.65897891795771
 20
57.6639065278132
 10
55.22791465582941
 20
57.6639065278132
  0
LWPOLYLINE
  5
5c9
330
1F
100
AcDbEntity
  8
TopSilkLayer
100
AcDbPolyline
 90
1
 70
 0
 43
0.152 
 10
58.31031242062477
 20
57.6639065278132
 10
57.879248158496466
 20
57.6639065278132
  0
LWPOLYLINE
  5
5ca
330
1F
100
AcDbEntity
  8
TopSilkLayer
100
AcDbPolyline
 90
1
 70
 0
 43
0.15240030480060962 
 10
58.31031242062477
 20
57.6639065278132
 10
58.31031242062477
 20
61.71633223266451
  0
LWPOLYLINE
  5
5cb
330
1F
100
AcDbEntity
  8
TopSilkLayer
100
AcDbPolyline
 90
1
 70
 0
 43
0.15240030480060962 
 10
55.22791465582941
 20
57.6639065278132
 10
55.22791465582941
 20
61.71633223266451
  0
LWPOLYLINE
  5
5cc
330
1F
100
AcDbEntity
  8
TopSilkLayer
100
AcDbPolyline
 90
1
 70
 0
 43
0.25400050800101603 
 10
72.53517907035825
 20
74.55905511811034
 10
72.53517907035825
 20
69.4589789179579
  0
LWPOLYLINE
  5
5cd
330
1F
100
AcDbEntity
  8
TopSilkLayer
100
AcDbPolyline
 90
1
 70
 0
 43
0.25400050800101603 
 10
72.53517907035825
 20
69.45923291846589
 10
68.43510287020581
 20
69.45923291846589
  0
LWPOLYLINE
  5
5ce
330
1F
100
AcDbEntity
  8
TopSilkLayer
100
AcDbPolyline
 90
1
 70
 0
 43
0.25400050800101603 
 10
68.43510287020581
 20
69.45923291846589
 10
68.43510287020581
 20
74.55930911861833
  0
LWPOLYLINE
  5
5cf
330
1F
100
AcDbEntity
  8
TopSilkLayer
100
AcDbPolyline
 90
1
 70
 0
 43
0.25400050800101603 
 10
71.28524257048502
 20
74.55905511811034
 10
72.53517907035825
 20
74.55905511811034
  0
LWPOLYLINE
  5
5d0
330
1F
100
AcDbEntity
  8
TopSilkLayer
100
AcDbPolyline
 90
1
 70
 0
 43
0.25400050800101603 
 10
69.68503937007881
 20
74.55905511811034
 10
68.43510287020581
 20
74.55905511811034
  0
LWPOLYLINE
  5
5d1
330
1F
100
AcDbEntity
  8
TopSilkLayer
100
AcDbPolyline
 90
1
 70
 0
 43
0.15240030480060962 
 10
76.70795021590061
 20
64.88194056388113
 10
78.48636017272042
 20
64.88194056388113
  0
LWPOLYLINE
  5
5d2
330
1F
100
AcDbEntity
  8
TopSilkLayer
100
AcDbPolyline
 90
1
 70
 0
 43
0.15240030480060962 
 10
76.70795021590061
 20
67.96032512065028
 10
78.48636017272042
 20
67.96032512065028
  0
LWPOLYLINE
  5
5d3
330
1F
100
AcDbEntity
  8
TopSilkLayer
100
AcDbPolyline
 90
1
 70
 0
 43
0.1 
 10
80.25704851409705
 20
65.140157480315
 10
80.11109982219955
 20
65.140157480315
  0
LWPOLYLINE
  5
5d4
330
1F
100
AcDbEntity
  8
TopSilkLayer
100
AcDbPolyline
 90
1
 70
 0
 43
0.1 
 10
81.20703581407156
 20
65.140157480315
 10
81.16535433070862
 20
65.140157480315
  0
LWPOLYLINE
  5
5d5
330
1F
100
AcDbEntity
  8
TopSilkLayer
100
AcDbPolyline
 90
1
 70
 0
 43
0.1 
 10
82.1569723139446
 20
65.140157480315
 10
82.11531623063229
 20
65.140157480315
  0
LWPOLYLINE
  5
5d6
330
1F
100
AcDbEntity
  8
TopSilkLayer
100
AcDbPolyline
 90
1
 70
 0
 43
0.1 
 10
83.21112522225053
 20
65.140157480315
 10
83.06527813055641
 20
65.140157480315
  0
LWPOLYLINE
  5
5d7
330
1F
100
AcDbEntity
  8
TopSilkLayer
100
AcDbPolyline
 90
1
 70
 0
 43
0.1 
 10
80.25704851409705
 20
66.94018288036591
 10
80.11109982219955
 20
66.94018288036591
  0
LWPOLYLINE
  5
5d8
330
1F
100
AcDbEntity
  8
TopSilkLayer
100
AcDbPolyline
 90
1
 70
 0
 43
0.1 
 10
82.1569723139446
 20
66.94018288036591
 10
81.16532893065778
 20
66.94018288036591
  0
LWPOLYLINE
  5
5d9
330
1F
100
AcDbEntity
  8
TopSilkLayer
100
AcDbPolyline
 90
1
 70
 0
 43
0.1 
 10
83.21112522225053
 20
66.94018288036591
 10
83.06525273050556
 20
66.94018288036591
  0
LWPOLYLINE
  5
5da
330
1F
100
AcDbEntity
  8
TopSilkLayer
100
AcDbPolyline
 90
1
 70
 0
 43
0.1 
 10
83.21112522225053
 20
66.94018288036591
 10
83.21112522225053
 20
65.140157480315
  0
LWPOLYLINE
  5
5db
330
1F
100
AcDbEntity
  8
TopSilkLayer
100
AcDbPolyline
 90
1
 70
 0
 43
0.1 
 10
80.11109982219955
 20
66.94018288036591
 10
80.11109982219955
 20
65.140157480315
  0
LWPOLYLINE
  5
5dc
330
1F
100
AcDbEntity
  8
TopSilkLayer
100
AcDbPolyline
 90
1
 70
 0
 43
0.25400050800101603 
 10
68.48516637033276
 20
82.7640335280671
 10
72.48516637033276
 20
82.7640335280671
  0
LWPOLYLINE
  5
5dd
330
1F
100
AcDbEntity
  8
TopSilkLayer
100
AcDbPolyline
 90
1
 70
 0
 43
0.25400050800101603 
 10
72.37183134366273
 20
77.7640335280671
 10
71.04897129794267
 20
77.7640335280671
  0
LWPOLYLINE
  5
5de
330
1F
100
AcDbEntity
  8
TopSilkLayer
100
AcDbPolyline
 90
1
 70
 0
 43
0.25400050800101603 
 10
69.96517653035312
 20
77.7640335280671
 10
68.59850139700279
 20
77.7640335280671
  0
LWPOLYLINE
  5
5df
330
1F
100
AcDbEntity
  8
TopSilkLayer
100
AcDbPolyline
 90
1
 70
 0
 43
0.25400050800101603 
 10
57.912115824231705
 20
85.90327660655328
 10
57.912115824231705
 20
86.68211836423677
  0
LWPOLYLINE
  5
5e0
330
1F
100
AcDbEntity
  8
TopSilkLayer
100
AcDbPolyline
 90
1
 70
 0
 43
0.25400050800101603 
 10
39.89507239014483
 20
86.68211836423677
 10
39.89507239014483
 20
85.90327660655328
  0
LWPOLYLINE
  5
5e1
330
1F
100
AcDbEntity
  8
TopSilkLayer
100
AcDbPolyline
 90
1
 70
 0
 43
0.25400050800101603 
 10
39.89507239014483
 20
86.6825247650496
 10
57.912115824231705
 20
86.68211836423677
  0
LWPOLYLINE
  5
5e2
330
1F
100
AcDbEntity
  8
TopSilkLayer
100
AcDbPolyline
 90
2
 70
 0
 43
0.25400050800101603 
 10
56.56126492252997
 20
67.18308356616717
 10
57.912115824231705
 20
67.18308356616717
 10
57.912115824231705
 20
68.03093726187456
  0
LWPOLYLINE
  5
5e3
330
1F
100
AcDbEntity
  8
TopSilkLayer
100
AcDbPolyline
 90
2
 70
 0
 43
0.25400050800101603 
 10
39.89507239014483
 20
68.03093726187456
 10
39.89507239014483
 20
67.18308356616717
 10
41.22893065786138
 20
67.18308356616717
  0
LWPOLYLINE
  5
5e4
330
1F
100
AcDbEntity
  8
TopSilkLayer
100
AcDbPolyline
 90
1
 70
 0
 43
0.25400050800101603 
 10
42.09408178816352
 20
41.63909067818145
 10
42.894081788163476
 20
41.63909067818145
  0
LWPOLYLINE
  5
5e5
330
1F
100
AcDbEntity
  8
TopSilkLayer
100
AcDbPolyline
 90
5
 70
 0
 43
0.25400050800101603 
 10
52.40358140716285
 20
41.68910337820682
 10
52.40358140716285
 20
40.739090678181356
 10
42.09408178816352
 20
40.739090678181356
 10
42.09408178816352
 20
41.63909067818145
 10
41.29408178816357
 20
41.63909067818145
 10
41.29408178816357
 20
42.64526289052583
  0
LWPOLYLINE
  5
5e6
330
1F
100
AcDbEntity
  8
TopSilkLayer
100
AcDbPolyline
 90
2
 70
 0
 43
0.25400050800101603 
 10
53.19418338836681
 20
42.64526289052583
 10
53.19418338836681
 20
41.68910337820682
 10
51.59408178816352
 20
41.68910337820682
  0
LWPOLYLINE
  5
5e7
330
1F
100
AcDbEntity
  8
TopSilkLayer
100
AcDbPolyline
 90
1
 70
 0
 43
0.25400050800101603 
 10
53.19418338836681
 20
45.60200660401324
 10
53.19418338836681
 20
45.30754381508757
  0
LWPOLYLINE
  5
5e8
330
1F
100
AcDbEntity
  8
TopSilkLayer
100
AcDbPolyline
 90
1
 70
 0
 43
0.25400050800101603 
 10
41.294183388366946
 20
46.07701295402603
 10
43.89400558801117
 20
46.07701295402603
  0
LWPOLYLINE
  5
5e9
330
1F
100
AcDbEntity
  8
TopSilkLayer
100
AcDbPolyline
 90
1
 70
 0
 43
0.25400050800101603 
 10
41.294183388366946
 20
45.60200660401324
 10
41.294183388366946
 20
46.07701295402603
  0
LWPOLYLINE
  5
5ea
330
1F
100
AcDbEntity
  8
TopSilkLayer
100
AcDbPolyline
 90
2
 70
 0
 43
0.25400050800101603 
 10
53.19418338836681
 20
45.60200660401324
 10
53.19418338836681
 20
46.07701295402603
 10
50.59408178816352
 20
46.07701295402603
  0
LWPOLYLINE
  5
5eb
330
1F
100
AcDbEntity
  8
TopSilkLayer
100
AcDbPolyline
 90
2
 70
 0
 43
0.2 
 10
70.86995173990363
 20
59.02715265430538
 10
70.86995173990363
 20
59.42725425450851
 10
70.46990093980185
 20
59.42725425450851
  0
LWPOLYLINE
  5
5ec
330
1F
100
AcDbEntity
  8
TopSilkLayer
100
AcDbPolyline
 90
2
 70
 0
 43
0.2 
 10
66.56974853949714
 20
59.02715265430538
 10
66.56974853949714
 20
59.42725425450851
 10
66.96977393954785
 20
59.42725425450851
  0
LWPOLYLINE
  5
5ed
330
1F
100
AcDbEntity
  8
TopSilkLayer
100
AcDbPolyline
 90
2
 70
 0
 43
0.2 
 10
66.96977393954785
 20
55.12697485394983
 10
66.56974853949714
 20
55.12697485394983
 10
66.56974853949714
 20
55.527025654051386
  0
LWPOLYLINE
  5
5ee
330
1F
100
AcDbEntity
  8
TopSilkLayer
100
AcDbPolyline
 90
2
 70
 0
 43
0.2 
 10
70.86995173990363
 20
55.527025654051386
 10
70.86995173990363
 20
55.12697485394983
 10
70.46990093980185
 20
55.12697485394983
  0
LWPOLYLINE
  5
5ef
330
1F
100
AcDbEntity
  8
TopSilkLayer
100
AcDbPolyline
 90
4
 70
 1
 43
0.25400050800101603 
 10
68.45311150622297
 20
52.832105664211326
 10
68.45311150622297
 20
50.292100584201194
 10
48.13312166624337
 20
50.292100584201194
 10
48.13312166624337
 20
52.832105664211326
 10
68.45311150622297
 20
52.832105664211326
  0
LWPOLYLINE
  5
5f0
330
1F
100
AcDbEntity
  8
TopSilkLayer
100
AcDbPolyline
 90
1
 70
 0
 43
0.25400050800101603 
 10
50.696621793243594
 20
52.832105664211326
 10
50.696621793243594
 20
50.292100584201194
  0
LWPOLYLINE
  5
5f1
330
1F
100
AcDbEntity
  8
TopSilkLayer
100
AcDbPolyline
 90
1
 70
 0
 43
0.25400050800101603 
 10
71.62814325628665
 20
52.70510541021088
 10
71.62814325628665
 20
50.41910083820176
  0
LWPOLYLINE
  5
5f2
330
1F
100
AcDbEntity
  8
TopSilkLayer
100
AcDbPolyline
 90
4
 70
 1
 43
0.25400050800101603 
 10
68.8481076962155
 20
52.76200152400315
 10
89.6482092964186
 20
52.76200152400315
 10
89.6482092964186
 20
50.36195072390149
 10
68.8481076962155
 20
50.36195072390149
 10
68.8481076962155
 20
52.76200152400315
  0
LWPOLYLINE
  5
5f3
330
1F
100
AcDbEntity
  8
TopSilkLayer
100
AcDbPolyline
 90
1
 70
 0
 43
0.25400050800101603 
 10
20.981661163322315
 20
60.698196596393245
 10
22.5981203962408
 20
59.08173736347476
  0
LWPOLYLINE
  5
5f4
330
1F
100
AcDbEntity
  8
TopSilkLayer
100
AcDbPolyline
 90
4
 70
 1
 43
0.25400050800101603 
 10
18.975641351282775
 20
58.77264414528838
 10
33.683540767081695
 20
73.48054356108719
 10
35.38064516129043
 20
71.78343916687834
 10
20.67274574549151
 20
57.07553975107953
 10
18.975641351282775
 20
58.77264414528838
  0
LWPOLYLINE
  5
5f5
330
1F
100
AcDbEntity
  8
TopSilkLayer
100
AcDbPolyline
 90
1
 70
 0
 43
0.25400050800101603 
 10
19.558039116078362
 20
52.81209042418095
 10
19.558039116078362
 20
50.31209042418095
  0
LWPOLYLINE
  5
5f6
330
1F
100
AcDbEntity
  8
TopSilkLayer
100
AcDbPolyline
 90
1
 70
 0
 43
0.25400050800101603 
 10
16.768072136144156
 20
50.31209042418095
 10
47.74805689611367
 20
50.31209042418095
  0
LWPOLYLINE
  5
5f7
330
1F
100
AcDbEntity
  8
TopSilkLayer
100
AcDbPolyline
 90
1
 70
 0
 43
0.25400050800101603 
 10
16.768072136144156
 20
52.81209042418095
 10
16.768072136144156
 20
50.31209042418095
  0
LWPOLYLINE
  5
5f8
330
1F
100
AcDbEntity
  8
TopSilkLayer
100
AcDbPolyline
 90
1
 70
 0
 43
0.25400050800101603 
 10
47.74805689611367
 20
52.81209042418095
 10
16.768072136144156
 20
52.81209042418095
  0
LWPOLYLINE
  5
5f9
330
1F
100
AcDbEntity
  8
TopSilkLayer
100
AcDbPolyline
 90
1
 70
 0
 43
0.25400050800101603 
 10
47.74805689611367
 20
50.31209042418095
 10
47.74805689611367
 20
52.81209042418095
  0
LWPOLYLINE
  5
5fa
330
1F
100
AcDbEntity
  8
TopSilkLayer
100
AcDbPolyline
 90
1
 70
 0
 43
0.25400050800101603 
 10
87.0951739903478
 20
82.93616967233936
 10
85.33423926847854
 20
82.93616967233936
  0
LWPOLYLINE
  5
5fb
330
1F
100
AcDbEntity
  8
TopSilkLayer
100
AcDbPolyline
 90
3
 70
 0
 43
0.25400050800101603 
 10
89.33408686817393
 20
74.03616967233938
 10
90.85214630429277
 20
74.03616967233938
 10
90.85214630429277
 20
82.93616967233936
 10
89.33408686817393
 20
82.93616967233936
  0
LWPOLYLINE
  5
5fc
330
1F
100
AcDbEntity
  8
TopSilkLayer
100
AcDbPolyline
 90
1
 70
 0
 43
0.25400050800101603 
 10
85.33423926847854
 20
74.03616967233938
 10
87.0951739903478
 20
74.03616967233938
  0
ARC
  5
5fd
330
1F
100
AcDbEntity
  8
TopSilkLayer
100
AcDbCircle
 10
81.51536703073384
 20
83.24935229974585
 30
0.0
 40
0.30982981965963935
100
AcDbArc
 50
90
 51
180
  0
ARC
  5
5fe
330
1F
100
AcDbEntity
  8
TopSilkLayer
100
AcDbCircle
 10
82.3153670307338
 20
83.2493522987046
 30
0.0
 40
0.30982981965963935
100
AcDbArc
 50
0
 51
90
  0
ARC
  5
5ff
330
1F
100
AcDbEntity
  8
TopSilkLayer
100
AcDbCircle
 10
82.31490983086064
 20
81.08907797815596
 30
0.0
 40
0.30982981965963935
100
AcDbArc
 50
270
 51
359.9953028546633
  0
ARC
  5
600
330
1F
100
AcDbEntity
  8
TopSilkLayer
100
AcDbCircle
 10
81.51488442872824
 20
81.08907797399115
 30
0.0
 40
0.30982981965963935
100
AcDbArc
 50
180.00469637521252
 51
270
  0
ARC
  5
601
330
1F
100
AcDbEntity
  8
TopSilkLayer
100
AcDbCircle
 10
77.1079502159007
 20
72.07195834287552
 30
0.0
 40
0.30982981965963935
100
AcDbArc
 50
270
 51
0
  0
ARC
  5
602
330
1F
100
AcDbEntity
  8
TopSilkLayer
100
AcDbCircle
 10
76.30795021590075
 20
72.07195834391678
 30
0.0
 40
0.30982981965963935
100
AcDbArc
 50
180.00000000000702
 51
270
  0
ARC
  5
603
330
1F
100
AcDbEntity
  8
TopSilkLayer
100
AcDbCircle
 10
76.3084074157739
 20
74.23223266446541
 30
0.0
 40
0.30982981965963935
100
AcDbArc
 50
90
 51
179.99530285466332
  0
ARC
  5
604
330
1F
100
AcDbEntity
  8
TopSilkLayer
100
AcDbCircle
 10
77.1084328179063
 20
74.23223266863022
 30
0.0
 40
0.30982981965963935
100
AcDbArc
 50
0
 51
90
  0
ARC
  5
605
330
1F
100
AcDbEntity
  8
TopSilkLayer
100
AcDbCircle
 10
80.45397510690918
 20
69.32334264668532
 30
0.0
 40
0.30982981965963935
100
AcDbArc
 50
179.9953028545985
 51
270
  0
ARC
  5
606
330
1F
100
AcDbEntity
  8
TopSilkLayer
100
AcDbCircle
 10
80.45397510795033
 20
70.12334264668539
 30
0.0
 40
0.30982981965963935
100
AcDbArc
 50
90
 51
180
  0
ARC
  5
607
330
1F
100
AcDbEntity
  8
TopSilkLayer
100
AcDbCircle
 10
82.61424942849885
 20
70.12288544681212
 30
0.0
 40
0.30982981965963935
100
AcDbArc
 50
359.9999998074695
 51
90
  0
ARC
  5
608
330
1F
100
AcDbEntity
  8
TopSilkLayer
100
AcDbCircle
 10
82.61424943266366
 20
69.32286004467926
 30
0.0
 40
0.30982981965963935
100
AcDbArc
 50
270
 51
0.009394483303464608
  0
ARC
  5
609
330
1F
100
AcDbEntity
  8
TopSilkLayer
100
AcDbCircle
 10
80.0729743449076
 20
61.06832613665233
 30
0.0
 40
0.30982981965963935
100
AcDbArc
 50
179.9953028545985
 51
270
  0
ARC
  5
60a
330
1F
100
AcDbEntity
  8
TopSilkLayer
100
AcDbCircle
 10
80.07297434594875
 20
61.8683261366524
 30
0.0
 40
0.30982981965963935
100
AcDbArc
 50
90
 51
180
  0
ARC
  5
60b
330
1F
100
AcDbEntity
  8
TopSilkLayer
100
AcDbCircle
 10
82.23324866649727
 20
61.86786893677913
 30
0.0
 40
0.30982981965963935
100
AcDbArc
 50
359.9999998074695
 51
90
  0
ARC
  5
60c
330
1F
100
AcDbEntity
  8
TopSilkLayer
100
AcDbCircle
 10
82.23324867066208
 20
61.06784353464627
 30
0.0
 40
0.30982981965963935
100
AcDbArc
 50
270
 51
0.009394483303464608
  0
ARC
  5
60d
330
1F
100
AcDbEntity
  8
TopSilkLayer
100
AcDbCircle
 10
77.27896875689635
 20
68.30734061468127
 30
0.0
 40
0.30982981965963935
100
AcDbArc
 50
179.9953028545985
 51
270
  0
ARC
  5
60e
330
1F
100
AcDbEntity
  8
TopSilkLayer
100
AcDbCircle
 10
77.27896875793749
 20
69.10734061468133
 30
0.0
 40
0.30982981965963935
100
AcDbArc
 50
90
 51
180
  0
ARC
  5
60f
330
1F
100
AcDbEntity
  8
TopSilkLayer
100
AcDbCircle
 10
79.43924307848624
 20
69.10688341480807
 30
0.0
 40
0.30982981965963935
100
AcDbArc
 50
359.9999998074695
 51
90
  0
ARC
  5
610
330
1F
100
AcDbEntity
  8
TopSilkLayer
100
AcDbCircle
 10
79.43924308265082
 20
68.3068580126752
 30
0.0
 40
0.30982981965963935
100
AcDbArc
 50
270
 51
0.009394483303464608
  0
ARC
  5
611
330
1F
100
AcDbEntity
  8
TopSilkLayer
100
AcDbCircle
 10
68.13495046885987
 20
76.05435610871223
 30
0.0
 40
0.30982981965963935
100
AcDbArc
 50
179.9953028545985
 51
270
  0
ARC
  5
612
330
1F
100
AcDbEntity
  8
TopSilkLayer
100
AcDbCircle
 10
68.13495046990101
 20
76.8543561087123
 30
0.0
 40
0.30982981965963935
100
AcDbArc
 50
90
 51
180
  0
ARC
  5
613
330
1F
100
AcDbEntity
  8
TopSilkLayer
100
AcDbCircle
 10
70.29522479044954
 20
76.85389890883903
 30
0.0
 40
0.30982981965963935
100
AcDbArc
 50
359.9999998074695
 51
90
  0
ARC
  5
614
330
1F
100
AcDbEntity
  8
TopSilkLayer
100
AcDbCircle
 10
70.29522479461434
 20
76.05387350670617
 30
0.0
 40
0.30982981965963935
100
AcDbArc
 50
270
 51
0.009394483303464608
  0
ARC
  5
615
330
1F
100
AcDbEntity
  8
TopSilkLayer
100
AcDbCircle
 10
35.92227584455168
 20
86.043357887757
 30
0.0
 40
0.30982981965963935
100
AcDbArc
 50
90
 51
180
  0
ARC
  5
616
330
1F
100
AcDbEntity
  8
TopSilkLayer
100
AcDbCircle
 10
36.722275844551405
 20
86.04335788671585
 30
0.0
 40
0.30982981965963935
100
AcDbArc
 50
0
 51
90
  0
ARC
  5
617
330
1F
100
AcDbEntity
  8
TopSilkLayer
100
AcDbCircle
 10
36.72181864467825
 20
83.8830835661671
 30
0.0
 40
0.30982981965963935
100
AcDbArc
 50
270
 51
359.9953028546633
  0
ARC
  5
618
330
1F
100
AcDbEntity
  8
TopSilkLayer
100
AcDbCircle
 10
35.921793242545846
 20
83.88308356200241
 30
0.0
 40
0.30982981965963935
100
AcDbArc
 50
180.00469637521252
 51
270
  0
ARC
  5
619
330
1F
100
AcDbEntity
  8
TopSilkLayer
100
AcDbCircle
 10
33.890271780543344
 20
86.043357887757
 30
0.0
 40
0.30982981965963935
100
AcDbArc
 50
90
 51
180
  0
ARC
  5
61a
330
1F
100
AcDbEntity
  8
TopSilkLayer
100
AcDbCircle
 10
34.6902717805433
 20
86.04335788671585
 30
0.0
 40
0.30982981965963935
100
AcDbArc
 50
0
 51
90
  0
ARC
  5
61b
330
1F
100
AcDbEntity
  8
TopSilkLayer
100
AcDbCircle
 10
34.689814580670145
 20
83.8830835661671
 30
0.0
 40
0.30982981965963935
100
AcDbArc
 50
270
 51
359.9953028546633
  0
ARC
  5
61c
330
1F
100
AcDbEntity
  8
TopSilkLayer
100
AcDbCircle
 10
33.88978917853774
 20
83.88308356200241
 30
0.0
 40
0.30982981965963935
100
AcDbArc
 50
180.00469637521252
 51
270
  0
ARC
  5
61d
330
1F
100
AcDbEntity
  8
TopSilkLayer
100
AcDbCircle
 10
31.858267716535238
 20
86.043357887757
 30
0.0
 40
0.30982981965963935
100
AcDbArc
 50
90
 51
180
  0
ARC
  5
61e
330
1F
100
AcDbEntity
  8
TopSilkLayer
100
AcDbCircle
 10
32.65826771653519
 20
86.04335788671585
 30
0.0
 40
0.30982981965963935
100
AcDbArc
 50
0
 51
90
  0
ARC
  5
61f
330
1F
100
AcDbEntity
  8
TopSilkLayer
100
AcDbCircle
 10
32.65781051666204
 20
83.8830835661671
 30
0.0
 40
0.30982981965963935
100
AcDbArc
 50
270
 51
359.9953028546633
  0
ARC
  5
620
330
1F
100
AcDbEntity
  8
TopSilkLayer
100
AcDbCircle
 10
31.857785114529634
 20
83.88308356200241
 30
0.0
 40
0.30982981965963935
100
AcDbArc
 50
180.00469637521252
 51
270
  0
ARC
  5
621
330
1F
100
AcDbEntity
  8
TopSilkLayer
100
AcDbCircle
 10
29.699263398526682
 20
86.043357887757
 30
0.0
 40
0.30982981965963935
100
AcDbArc
 50
90
 51
180
  0
ARC
  5
622
330
1F
100
AcDbEntity
  8
TopSilkLayer
100
AcDbCircle
 10
30.499263398526637
 20
86.04335788671585
 30
0.0
 40
0.30982981965963935
100
AcDbArc
 50
0
 51
90
  0
ARC
  5
623
330
1F
100
AcDbEntity
  8
TopSilkLayer
100
AcDbCircle
 10
30.498806198653483
 20
83.8830835661671
 30
0.0
 40
0.30982981965963935
100
AcDbArc
 50
270
 51
359.9953028546633
  0
ARC
  5
624
330
1F
100
AcDbEntity
  8
TopSilkLayer
100
AcDbCircle
 10
29.69878079652085
 20
83.88308356200241
 30
0.0
 40
0.30982981965963935
100
AcDbArc
 50
180.00469637521252
 51
270
  0
ARC
  5
625
330
1F
100
AcDbEntity
  8
TopSilkLayer
100
AcDbCircle
 10
28.466852933705923
 20
83.8829819649228
 30
0.0
 40
0.30982981965963935
100
AcDbArc
 50
270
 51
0
  0
ARC
  5
626
330
1F
100
AcDbEntity
  8
TopSilkLayer
100
AcDbCircle
 10
27.666852933706195
 20
83.88298196596395
 30
0.0
 40
0.30982981965963935
100
AcDbArc
 50
180.00000000000702
 51
270
  0
ARC
  5
627
330
1F
100
AcDbEntity
  8
TopSilkLayer
100
AcDbCircle
 10
27.66731013357935
 20
86.0432562865127
 30
0.0
 40
0.30982981965963935
100
AcDbArc
 50
90
 51
179.99530285466332
  0
ARC
  5
628
330
1F
100
AcDbEntity
  8
TopSilkLayer
100
AcDbCircle
 10
28.467335535711754
 20
86.0432562906775
 30
0.0
 40
0.30982981965963935
100
AcDbArc
 50
0
 51
90
  0
ARC
  5
629
330
1F
100
AcDbEntity
  8
TopSilkLayer
100
AcDbCircle
 10
41.97289814475516
 20
90.40538481076965
 30
0.0
 40
0.30982981965963935
100
AcDbArc
 50
179.9953028545985
 51
270
  0
ARC
  5
62a
330
1F
100
AcDbEntity
  8
TopSilkLayer
100
AcDbCircle
 10
41.97289814579631
 20
91.20538481076971
 30
0.0
 40
0.30982981965963935
100
AcDbArc
 50
90
 51
180
  0
ARC
  5
62b
330
1F
100
AcDbEntity
  8
TopSilkLayer
100
AcDbCircle
 10
44.13317246634506
 20
91.20492761089645
 30
0.0
 40
0.30982981965963935
100
AcDbArc
 50
359.9999998074695
 51
90
  0
ARC
  5
62c
330
1F
100
AcDbEntity
  8
TopSilkLayer
100
AcDbCircle
 10
44.133172470509635
 20
90.40490220876359
 30
0.0
 40
0.30982981965963935
100
AcDbArc
 50
270
 51
0.009394483303464608
  0
ARC
  5
62d
330
1F
100
AcDbEntity
  8
TopSilkLayer
100
AcDbCircle
 10
71.35534671069331
 20
102.55339090782309
 30
0.0
 40
0.30982981965963935
100
AcDbArc
 50
90
 51
180
  0
ARC
  5
62e
330
1F
100
AcDbEntity
  8
TopSilkLayer
100
AcDbCircle
 10
72.15534671069327
 20
102.55339090678183
 30
0.0
 40
0.30982981965963935
100
AcDbArc
 50
0
 51
90
  0
ARC
  5
62f
330
1F
100
AcDbEntity
  8
TopSilkLayer
100
AcDbCircle
 10
72.15488951082011
 20
100.39311658623319
 30
0.0
 40
0.30982981965963935
100
AcDbArc
 50
270
 51
359.9953028546633
  0
ARC
  5
630
330
1F
100
AcDbEntity
  8
TopSilkLayer
100
AcDbCircle
 10
71.35486410868748
 20
100.39311658206839
 30
0.0
 40
0.30982981965963935
100
AcDbArc
 50
180.00469637521252
 51
270
  0
ARC
  5
631
330
1F
100
AcDbEntity
  8
TopSilkLayer
100
AcDbCircle
 10
69.5773431546861
 20
102.55339090782309
 30
0.0
 40
0.30982981965963935
100
AcDbArc
 50
90
 51
180
  0
ARC
  5
632
330
1F
100
AcDbEntity
  8
TopSilkLayer
100
AcDbCircle
 10
70.37734315468606
 20
102.55339090678183
 30
0.0
 40
0.30982981965963935
100
AcDbArc
 50
0
 51
90
  0
ARC
  5
633
330
1F
100
AcDbEntity
  8
TopSilkLayer
100
AcDbCircle
 10
70.3768859548129
 20
100.39311658623319
 30
0.0
 40
0.30982981965963935
100
AcDbArc
 50
270
 51
359.9953028546633
  0
ARC
  5
634
330
1F
100
AcDbEntity
  8
TopSilkLayer
100
AcDbCircle
 10
69.5768605526805
 20
100.39311658206839
 30
0.0
 40
0.30982981965963935
100
AcDbArc
 50
180.00469637521252
 51
270
  0
ARC
  5
635
330
1F
100
AcDbEntity
  8
TopSilkLayer
100
AcDbCircle
 10
63.98933197866381
 20
57.849301499644184
 30
0.0
 40
0.30982981965963935
100
AcDbArc
 50
90
 51
180
  0
ARC
  5
636
330
1F
100
AcDbEntity
  8
TopSilkLayer
100
AcDbCircle
 10
64.78933197866377
 20
57.84930149860304
 30
0.0
 40
0.30982981965963935
100
AcDbArc
 50
0
 51
90
  0
ARC
  5
637
330
1F
100
AcDbEntity
  8
TopSilkLayer
100
AcDbCircle
 10
64.78887477879061
 20
55.6890271780544
 30
0.0
 40
0.30982981965963935
100
AcDbArc
 50
270
 51
359.9953028546633
  0
ARC
  5
638
330
1F
100
AcDbEntity
  8
TopSilkLayer
100
AcDbCircle
 10
63.98884937665821
 20
55.6890271738896
 30
0.0
 40
0.30982981965963935
100
AcDbArc
 50
180.00469637521252
 51
270
  0
ARC
  5
639
330
1F
100
AcDbEntity
  8
TopSilkLayer
100
AcDbCircle
 10
38.37287274574555
 20
59.625933450825755
 30
0.0
 40
0.30982981965963935
100
AcDbArc
 50
270
 51
0
  0
ARC
  5
63a
330
1F
100
AcDbEntity
  8
TopSilkLayer
100
AcDbCircle
 10
37.572872745745826
 20
59.6259334518669
 30
0.0
 40
0.30982981965963935
100
AcDbArc
 50
180.00000000000702
 51
270
  0
ARC
  5
63b
330
1F
100
AcDbEntity
  8
TopSilkLayer
100
AcDbCircle
 10
37.57332994561898
 20
61.78620777241565
 30
0.0
 40
0.30982981965963935
100
AcDbArc
 50
90
 51
179.99530285466332
  0
ARC
  5
63c
330
1F
100
AcDbEntity
  8
TopSilkLayer
100
AcDbCircle
 10
38.373355347751385
 20
61.786207776580454
 30
0.0
 40
0.30982981965963935
100
AcDbArc
 50
0
 51
90
  0
ARC
  5
63d
330
1F
100
AcDbEntity
  8
TopSilkLayer
100
AcDbCircle
 10
70.48514097028192
 20
74.88430468026638
 30
0.0
 40
0.883743967487935
100
AcDbArc
 50
205.12892593666115
 51
334.8710740633388
  0
ARC
  5
63e
330
1F
100
AcDbEntity
  8
TopSilkLayer
100
AcDbCircle
 10
70.50666621032929
 20
77.76013927718975
 30
0.0
 40
0.5415036830073661
100
AcDbArc
 50
0.37173489770367496
 51
179.5879509780654
0
TEXT
5
107e
100
AcDbEntity
8
BottomSilkLayer
7

461
1
100
AcDbText
10
49.02209804419613
20
53.34010668021335
30
0
40
1
1
EIO 1-0
50
270
71
2
100
AcDbText
0
TEXT
5
107f
100
AcDbEntity
8
BottomSilkLayer
7

461
1
100
AcDbText
10
51.43510287020581
20
53.34010668021335
30
0
40
1
1
EIO 1-1
50
270
71
2
100
AcDbText
0
TEXT
5
1080
100
AcDbEntity
8
BottomSilkLayer
7

461
1
100
AcDbText
10
54.22910845821684
20
53.467106934213916
30
0
40
1
1
EIO 1-2
50
270
71
2
100
AcDbText
0
TEXT
5
1081
100
AcDbEntity
8
BottomSilkLayer
7

461
1
100
AcDbText
10
56.642113284226525
20
53.467106934213916
30
0
40
1
1
EIO 1-3
50
270
71
2
100
AcDbText
0
TEXT
5
1082
100
AcDbEntity
8
BottomSilkLayer
7

461
1
100
AcDbText
10
59.18211836423666
20
53.467106934213916
30
0
40
1
1
EIO 1-4
50
270
71
2
100
AcDbText
0
TEXT
5
1083
100
AcDbEntity
8
BottomSilkLayer
7

461
1
100
AcDbText
10
61.59512319024634
20
53.467106934213916
30
0
40
1
1
EIO 1-5
50
270
71
2
100
AcDbText
0
TEXT
5
1084
100
AcDbEntity
8
BottomSilkLayer
7

461
1
100
AcDbText
10
64.13512827025647
20
53.467106934213916
30
0
40
1
1
EIO 1-6
50
270
71
2
100
AcDbText
0
TEXT
5
1085
100
AcDbEntity
8
BottomSilkLayer
7

461
1
100
AcDbText
10
66.67513335026683
20
53.467106934213916
30
0
40
1
1
EIO GND
50
270
71
2
100
AcDbText
0
TEXT
5
1086
100
AcDbEntity
8
BottomSilkLayer
7

461
1
100
AcDbText
10
69.85013970027944
20
53.34010668021335
30
0
40
1
1
EIO 0-0
50
270
71
2
100
AcDbText
0
TEXT
5
1087
100
AcDbEntity
8
BottomSilkLayer
7

461
1
100
AcDbText
10
72.39014478028957
20
53.34010668021335
30
0
40
1
1
EIO 0-1
50
270
71
2
100
AcDbText
0
TEXT
5
1088
100
AcDbEntity
8
BottomSilkLayer
7

461
1
100
AcDbText
10
74.93014986029971
20
53.34010668021335
30
0
40
1
1
EIO 0-2
50
270
71
2
100
AcDbText
0
TEXT
5
1089
100
AcDbEntity
8
BottomSilkLayer
7

461
1
100
AcDbText
10
77.47015494030984
20
53.467106934213916
30
0
40
1
1
EIO 0-3
50
270
71
2
100
AcDbText
0
TEXT
5
108a
100
AcDbEntity
8
BottomSilkLayer
7

461
1
100
AcDbText
10
80.01016002031997
20
53.467106934213916
30
0
40
1
1
EIO 0-4
50
270
71
2
100
AcDbText
0
TEXT
5
108b
100
AcDbEntity
8
BottomSilkLayer
7

461
1
100
AcDbText
10
82.55016510033033
20
53.467106934213916
30
0
40
1
1
EIO 0-5
50
270
71
2
100
AcDbText
0
TEXT
5
108c
100
AcDbEntity
8
BottomSilkLayer
7

461
1
100
AcDbText
10
85.09017018034046
20
53.467106934213916
30
0
40
1
1
EIO 0-6
50
270
71
2
100
AcDbText
0
TEXT
5
108d
100
AcDbEntity
8
BottomSilkLayer
7

461
1
100
AcDbText
10
87.50317500635015
20
53.467106934213916
30
0
40
1
1
EIO 0-7
50
270
71
2
100
AcDbText
0
TEXT
5
108e
100
AcDbEntity
8
TopSilkLayer
7

461
1
100
AcDbText
10
49.27609855219703
20
53.34010668021335
30
0
40
1
1
extended pinout on back
50
0
71
1
100
AcDbText
0
TEXT
5
108f
100
AcDbEntity
8
TopSilkLayer
7

461
1
100
AcDbText
10
70.99314198628394
20
53.34010668021335
30
0
40
1
1
extended pinout on back
50
0
71
1
100
AcDbText
0
TEXT
5
1090
100
AcDbEntity
8
TopSilkLayer
7

461
1
100
AcDbText
10
29.845059690119342
20
72.51714503429014
30
0
40
1
1
3v3
50
0
71
1
100
AcDbText
0
TEXT
5
1091
100
AcDbEntity
8
TopSilkLayer
7

461
1
100
AcDbText
10
27.940055880111686
20
70.8661417322835
30
0
40
1
1
3v3
50
0
71
1
100
AcDbText
0
TEXT
5
1092
100
AcDbEntity
8
TopSilkLayer
7

461
1
100
AcDbText
10
25.90805181610358
20
68.96113792227584
30
0
40
1
1
3v3
50
0
71
1
100
AcDbText
0
TEXT
5
1093
100
AcDbEntity
8
TopSilkLayer
7

461
1
100
AcDbText
10
24.25704851409705
20
66.80213360426728
30
0
40
1
1
3v3
50
0
71
1
100
AcDbText
0
TEXT
5
1094
100
AcDbEntity
8
TopSilkLayer
7

461
1
100
AcDbText
10
22.098044196088495
20
64.64312928625861
30
0
40
1
1
GND
50
0
71
1
100
AcDbText
0
TEXT
5
1095
100
AcDbEntity
8
TopSilkLayer
7

461
1
100
AcDbText
10
20.320040640081288
20
62.86512573025152
30
0
40
1
1
GND
50
0
71
1
100
AcDbText
0
TEXT
5
1096
100
AcDbEntity
8
TopSilkLayer
7

461
1
100
AcDbText
10
18.54203708407408
20
61.34112268224544
30
0
40
1
1
GND
50
0
71
1
100
AcDbText
0
TEXT
5
1097
100
AcDbEntity
8
TopSilkLayer
7

461
1
100
AcDbText
10
16.637033274066653
20
59.94411988823981
30
0
40
1
1
GND
50
0
71
1
100
AcDbText
0
TEXT
5
1098
100
AcDbEntity
8
TopSilkLayer
7

461
1
100
AcDbText
10
36.830073660147264
20
64.51612903225816
30
0
40
1
1
on gpio8
50
0
71
1
100
AcDbText
0
TEXT
5
1099
100
AcDbEntity
8
TopSilkLayer
7

461
1
100
AcDbText
10
18.79603759207521
20
53.34010668021335
30
0
40
1
1
GPIO1
50
90
71
1
100
AcDbText
0
TEXT
5
109a
100
AcDbEntity
8
TopSilkLayer
7

461
1
100
AcDbText
10
21.33604267208534
20
53.2131064262129
30
0
40
1
1
GPIO2
50
90
71
1
100
AcDbText
0
TEXT
5
109b
100
AcDbEntity
8
TopSilkLayer
7

461
1
100
AcDbText
10
23.876047752095474
20
53.34010668021335
30
0
40
1
1
GPIO3
50
90
71
1
100
AcDbText
0
TEXT
5
109c
100
AcDbEntity
8
TopSilkLayer
7

461
1
100
AcDbText
10
26.416052832105606
20
53.467106934213916
30
0
40
1
1
GPIO48
50
90
71
1
100
AcDbText
0
TEXT
5
109d
100
AcDbEntity
8
TopSilkLayer
7

461
1
100
AcDbText
10
29.083058166116416
20
53.467106934213916
30
0
40
1
1
GPIO47
50
90
71
1
100
AcDbText
0
TEXT
5
109e
100
AcDbEntity
8
TopSilkLayer
7

461
1
100
AcDbText
10
31.4960629921261
20
53.467106934213916
30
0
40
1
1
GPIO46
50
90
71
1
100
AcDbText
0
TEXT
5
109f
100
AcDbEntity
8
TopSilkLayer
7

461
1
100
AcDbText
10
34.03606807213623
20
53.467106934213916
30
0
40
1
1
GPIO45
50
90
71
1
100
AcDbText
0
TEXT
5
10a0
100
AcDbEntity
8
TopSilkLayer
7

461
1
100
AcDbText
10
36.576073152146364
20
53.467106934213916
30
0
40
1
1
GPIO20
50
90
71
1
100
AcDbText
0
TEXT
5
10a1
100
AcDbEntity
8
TopSilkLayer
7

461
1
100
AcDbText
10
38.98907797815605
20
53.467106934213916
30
0
40
1
1
GPIO19
50
90
71
1
100
AcDbText
0
TEXT
5
10a2
100
AcDbEntity
8
TopSilkLayer
7

461
1
100
AcDbText
10
41.40208280416573
20
53.34010668021335
30
0
40
1
1
GPIO18
50
45.0
71
1
100
AcDbText
0
TEXT
5
10a3
100
AcDbEntity
8
TopSilkLayer
7

461
1
100
AcDbText
10
43.94208788417586
20
53.34010668021335
30
0
40
1
1
GPIO17
50
45.0
71
1
100
AcDbText
0
TEXT
5
10a4
100
AcDbEntity
8
TopSilkLayer
7

461
1
100
AcDbText
10
46.609093218186445
20
53.34010668021335
30
0
40
1
1
GND
50
45.0
71
1
100
AcDbText
0
TEXT
5
10a5
100
AcDbEntity
8
TopSilkLayer
7

461
2.5
100
AcDbText
10
65.78613157226323
20
92.3291846583694
30
0
40
2.5
1
goon32
50
0.0
71
1
100
AcDbText
0
TEXT
5
10a6
100
AcDbEntity
8
TopSilkLayer
7

461
1.143002286004572
100
AcDbText
10
81.1531623063247
20
84.0741681483363
30
0
40
1.143002286004572
1
C1
50
0
71
1
100
AcDbText
0
TEXT
5
10a7
100
AcDbEntity
8
TopSilkLayer
7

461
1.143002286004572
100
AcDbText
10
74.80314960629926
20
74.80314960629926
30
0
40
1.143002286004572
1
C2
50
0
71
1
100
AcDbText
0
TEXT
5
10a8
100
AcDbEntity
8
TopSilkLayer
7

461
1.143002286004572
100
AcDbText
10
81.28016256032515
20
70.61214122428248
30
0
40
1.143002286004572
1
C3
50
0
71
1
100
AcDbText
0
TEXT
5
10a9
100
AcDbEntity
8
TopSilkLayer
7

461
1.143002286004572
100
AcDbText
10
80.13716027432065
20
59.436118872237785
30
0
40
1.143002286004572
1
C4
50
0
71
1
100
AcDbText
0
TEXT
5
10aa
100
AcDbEntity
8
TopSilkLayer
7

461
1.143002286004572
100
AcDbText
10
77.97815595631187
20
69.59613919227843
30
0
40
1.143002286004572
1
C5
50
0
71
1
100
AcDbText
0
TEXT
5
10ab
100
AcDbEntity
8
TopSilkLayer
7

461
1.143002286004572
100
AcDbText
10
65.40513081026165
20
75.81915163830331
30
0
40
1.143002286004572
1
C6
50
0
71
1
100
AcDbText
0
TEXT
5
10ac
100
AcDbEntity
8
TopSilkLayer
7

461
1.143002286004572
100
AcDbText
10
35.94107188214389
20
87.75717551435105
30
0
40
1.143002286004572
1
C7
50
0
71
1
100
AcDbText
0
TEXT
5
10ad
100
AcDbEntity
8
TopSilkLayer
7

461
1.143002286004572
100
AcDbText
10
33.40106680213353
20
87.75717551435105
30
0
40
1.143002286004572
1
C8
50
0
71
1
100
AcDbText
0
TEXT
5
10ae
100
AcDbEntity
8
TopSilkLayer
7

461
1.143002286004572
100
AcDbText
10
30.861061722123395
20
87.75717551435105
30
0
40
1.143002286004572
1
C9
50
0
71
1
100
AcDbText
0
TEXT
5
10af
100
AcDbEntity
8
TopSilkLayer
7

461
1.143002286004572
100
AcDbText
10
28.82905765811529
20
81.02616205232414
30
0
40
1.143002286004572
1
C10
50
0
71
1
100
AcDbText
0
TEXT
5
10b0
100
AcDbEntity
8
TopSilkLayer
7

461
1.143002286004572
100
AcDbText
10
27.17805435610876
20
87.50317500635003
30
0
40
1.143002286004572
1
C11
50
0
71
1
100
AcDbText
0
TEXT
5
10b1
100
AcDbEntity
8
TopSilkLayer
7

461
1.143002286004572
100
AcDbText
10
38.73507747015492
20
90.17018034036073
30
0
40
1.143002286004572
1
C12
50
0
71
1
100
AcDbText
0
TEXT
5
10b2
100
AcDbEntity
8
TopSilkLayer
7

461
1.143002286004572
100
AcDbText
10
70.73914147828305
20
98.42519685039372
30
0
40
1.143002286004572
1
C13
50
0
71
1
100
AcDbText
0
TEXT
5
10b3
100
AcDbEntity
8
TopSilkLayer
7

461
1.143002286004572
100
AcDbText
10
68.83413766827539
20
103.37820675641353
30
0
40
1.143002286004572
1
C14
50
0
71
1
100
AcDbText
0
TEXT
5
10b4
100
AcDbEntity
8
TopSilkLayer
7

461
1.143002286004572
100
AcDbText
10
63.37312674625355
20
56.76911353822709
30
0
40
1.143002286004572
1
C15
50
90
71
1
100
AcDbText
0
TEXT
5
10b5
100
AcDbEntity
8
TopSilkLayer
7

461
1.143002286004572
100
AcDbText
10
34.29006858013713
20
60.071120142240375
30
0
40
1.143002286004572
1
C16
50
0
71
1
100
AcDbText
0
TEXT
5
10b6
100
AcDbEntity
8
TopSilkLayer
7

461
1.143002286004572
100
AcDbText
10
30.734061468122945
20
90.42418084836174
30
0
40
1.143002286004572
1
SDCARD
50
0
71
1
100
AcDbText
0
TEXT
5
10b7
100
AcDbEntity
8
TopSilkLayer
7

461
1.143002286004572
100
AcDbText
10
85.34417068834136
20
71.50114300228608
30
0
40
1.143002286004572
1
CN1
50
0
71
1
100
AcDbText
0
TEXT
5
10b8
100
AcDbEntity
8
TopSilkLayer
7

461
1.143002286004572
100
AcDbText
10
75.56515113030218
20
76.20015240030489
30
0
40
1.143002286004572
1
D1
50
0
71
1
100
AcDbText
0
TEXT
5
10b9
100
AcDbEntity
8
TopSilkLayer
7

461
1.143002286004572
100
AcDbText
10
60.07112014224026
20
104.39420878841759
30
0
40
1.143002286004572
1
FPC1
50
0
71
1
100
AcDbText
0
TEXT
5
10ba
100
AcDbEntity
8
TopSilkLayer
7

461
1.143002286004572
100
AcDbText
10
67.43713487426976
20
64.26212852425715
30
0
40
1.143002286004572
1
LED1
50
0
71
1
100
AcDbText
0
TEXT
5
10bb
100
AcDbEntity
8
TopSilkLayer
7

461
1.143002286004572
100
AcDbText
10
67.43713487426976
20
66.54813309626627
30
0
40
1.143002286004572
1
LED2
50
0
71
1
100
AcDbText
0
TEXT
5
10bc
100
AcDbEntity
8
TopSilkLayer
7

461
1.143002286004572
100
AcDbText
10
35.306070612141184
20
62.86512573025152
30
0
40
1.143002286004572
1
RGB
50
0
71
1
100
AcDbText
0
TEXT
5
10bd
100
AcDbEntity
8
TopSilkLayer
7

461
1.143002286004572
100
AcDbText
10
71.24714249428507
20
88.13817627635262
30
0
40
1.143002286004572
1
Q1
50
0
71
1
100
AcDbText
0
TEXT
5
10be
100
AcDbEntity
8
TopSilkLayer
7

461
1.143002286004572
100
AcDbText
10
70.8661417322835
20
84.9631699263399
30
0
40
1.143002286004572
1
Q2
50
0
71
1
100
AcDbText
0
TEXT
5
10bf
100
AcDbEntity
8
TopSilkLayer
7

461
1.143002286004572
100
AcDbText
10
71.7551435102871
20
60.5791211582424
30
0
40
1.143002286004572
1
Q3
50
0
71
1
100
AcDbText
0
TEXT
5
10c0
100
AcDbEntity
8
TopSilkLayer
7

461
1.143002286004572
100
AcDbText
10
79.1211582423166
20
73.53314706629419
30
0
40
1.143002286004572
1
R1
50
0
71
1
100
AcDbText
0
TEXT
5
10c1
100
AcDbEntity
8
TopSilkLayer
7

461
1.143002286004572
100
AcDbText
10
76.96215392430781
20
83.05816611633225
30
0
40
1.143002286004572
1
R2
50
0
71
1
100
AcDbText
0
TEXT
5
10c2
100
AcDbEntity
8
TopSilkLayer
7

461
1.143002286004572
100
AcDbText
10
59.81711963423936
20
73.02514605029216
30
0
40
1.143002286004572
1
R3
50
0
71
1
100
AcDbText
0
TEXT
5
10c3
100
AcDbEntity
8
TopSilkLayer
7

461
1.143002286004572
100
AcDbText
10
59.94411988823981
20
71.37414274828552
30
0
40
1.143002286004572
1
R4
50
0
71
1
100
AcDbText
0
TEXT
5
10c4
100
AcDbEntity
8
TopSilkLayer
7

461
1.143002286004572
100
AcDbText
10
59.94411988823981
20
69.59613919227843
30
0
40
1.143002286004572
1
R5
50
0
71
1
100
AcDbText
0
TEXT
5
10c5
100
AcDbEntity
8
TopSilkLayer
7

461
1.143002286004572
100
AcDbText
10
81.53416306832605
20
72.00914401828811
30
0
40
1.143002286004572
1
R6
50
0
71
1
100
AcDbText
0
TEXT
5
10c6
100
AcDbEntity
8
TopSilkLayer
7

461
1.143002286004572
100
AcDbText
10
74.29514859029723
20
83.56616713233427
30
0
40
1.143002286004572
1
R7
50
0
71
1
100
AcDbText
0
TEXT
5
10c7
100
AcDbEntity
8
TopSilkLayer
7

461
1.143002286004572
100
AcDbText
10
62.86512573025152
20
82.42316484632977
30
0
40
1.143002286004572
1
R8
50
0
71
1
100
AcDbText
0
TEXT
5
10c8
100
AcDbEntity
8
TopSilkLayer
7

461
1.143002286004572
100
AcDbText
10
34.16306832613668
20
79.50215900431806
30
0
40
1.143002286004572
1
R9
50
0
71
1
100
AcDbText
0
TEXT
5
10c9
100
AcDbEntity
8
TopSilkLayer
7

461
1.143002286004572
100
AcDbText
10
42.67208534417068
20
88.26517653035307
30
0
40
1.143002286004572
1
R10
50
0
71
1
100
AcDbText
0
TEXT
5
10ca
100
AcDbEntity
8
TopSilkLayer
7

461
1.143002286004572
100
AcDbText
10
50.927101854203784
20
64.13512827025659
30
0
40
1.143002286004572
1
BOOT
50
0
71
1
100
AcDbText
0
TEXT
5
10cb
100
AcDbEntity
8
TopSilkLayer
7

461
1.143002286004572
100
AcDbText
10
24.003048006095923
20
88.26517653035307
30
0
40
1.143002286004572
1
RST
50
0
71
1
100
AcDbText
0
TEXT
5
10cc
100
AcDbEntity
8
TopSilkLayer
7

461
1.143002286004572
100
AcDbText
10
59.05511811023621
20
59.94411988823981
30
0
40
1.143002286004572
1
SW3
50
0
71
1
100
AcDbText
0
TEXT
5
10cd
100
AcDbEntity
8
TopSilkLayer
7

461
1.143002286004572
100
AcDbText
10
72.13614427228867
20
74.80314960629926
30
0
40
1.143002286004572
1
U1
50
0
71
1
100
AcDbText
0
TEXT
5
10ce
100
AcDbEntity
8
TopSilkLayer
7

461
1.143002286004572
100
AcDbText
10
76.70815341630691
20
63.119126238252534
30
0
40
1.143002286004572
1
U2
50
0
71
1
100
AcDbText
0
TEXT
5
10cf
100
AcDbEntity
8
TopSilkLayer
7

461
1.143002286004572
100
AcDbText
10
80.77216154432313
20
65.53213106426222
30
0
40
1.143002286004572
1
U3
50
0
71
1
100
AcDbText
0
TEXT
5
10d0
100
AcDbEntity
8
TopSilkLayer
7

461
1.143002286004572
100
AcDbText
10
66.68849377698757
20
79.97259334518674
30
0
40
1.143002286004572
1
U4
50
90
71
1
100
AcDbText
0
TEXT
5
10d1
100
AcDbEntity
8
TopSilkLayer
7

461
1.143002286004572
100
AcDbText
10
46.355092710185545
20
86.99517399034801
30
0
40
1.143002286004572
1
U5
50
0
71
1
100
AcDbText
0
TEXT
5
10d2
100
AcDbEntity
8
TopSilkLayer
7

461
1.143002286004572
100
AcDbText
10
47.35217170434339
20
40.269367538735196
30
0
40
1.143002286004572
1
U6
50
180
71
1
100
AcDbText
0
TEXT
5
10d3
100
AcDbEntity
8
TopSilkLayer
7

461
1.143002286004572
100
AcDbText
10
68.49123698247399
20
59.97612395224803
30
0
40
1.143002286004572
1
U7
50
0
71
1
100
AcDbText
0
TEXT
5
10d4
100
AcDbEntity
8
TopSilkLayer
7

461
1.143002286004572
100
AcDbText
10
51.94310388620784
20
54.73710947421898
30
0
40
1.143002286004572
1
U8
50
0
71
1
100
AcDbText
0
TEXT
5
10d5
100
AcDbEntity
8
TopSilkLayer
7

461
1.143002286004572
100
AcDbText
10
86.61417322834654
20
54.864109728219546
30
0
40
1.143002286004572
1
U9
50
0
71
1
100
AcDbText
0
TEXT
5
10d6
100
AcDbEntity
8
TopSilkLayer
7

461
1.143002286004572
100
AcDbText
10
35.179070358140734
20
73.91414782829565
30
0
40
1.143002286004572
1
U11
50
0
71
1
100
AcDbText
0
TEXT
5
10d7
100
AcDbEntity
8
TopSilkLayer
7

461
1.143002286004572
100
AcDbText
10
42.291084582169105
20
48.26009652019309
30
0
40
1.143002286004572
1
U10
50
0
71
1
100
AcDbText
0
TEXT
5
10d8
100
AcDbEntity
8
TopSilkLayer
7

461
1.143002286004572
100
AcDbText
10
85.09017018034046
20
83.82016764033528
30
0
40
1.143002286004572
1
USBC
50
0
71
1
100
AcDbText
  0
CIRCLE
  5
63f
330
1F
100
AcDbEntity
  8
Document
100
AcDbCircle
 10
37.844551689103355
 20
103.9913639827281
 30
0.0
 40
0.19989839979679963
  0
CIRCLE
  5
640
330
1F
100
AcDbEntity
  8
Document
100
AcDbCircle
 10
45.844551689103355
 20
103.9913639827281
 30
0.0
 40
0.19989839979679963
  0
CIRCLE
  5
641
330
1F
100
AcDbEntity
  8
Document
100
AcDbCircle
 10
80.1661163322326
 20
77.8201676403354
 30
0.0
 40
0.10007620015240032
  0
CIRCLE
  5
642
330
1F
100
AcDbEntity
  8
TopSilkLayer
100
AcDbCircle
 10
79.78765557531119
 20
77.07188214376424
 30
0.0
 40
0.15011430022860048
  0
CIRCLE
  5
643
330
1F
100
AcDbEntity
  8
Document
100
AcDbCircle
 10
65.76327152654312
 20
98.78422656845316
 30
0.0
 40
0.15011430022860048
  0
CIRCLE
  5
644
330
1F
100
AcDbEntity
  8
TopSilkLayer
100
AcDbCircle
 10
65.86309372618734
 20
98.3841757683515
 30
0.0
 40
0.19989839979679963
  0
CIRCLE
  5
645
330
1F
100
AcDbEntity
  8
Document
100
AcDbCircle
 10
70.4211328422657
 20
86.91109982219962
 30
0.0
 40
0.10007620015240032
  0
CIRCLE
  5
646
330
1F
100
AcDbEntity
  8
Document
100
AcDbCircle
 10
70.4211328422657
 20
83.60909321818644
 30
0.0
 40
0.10007620015240032
  0
CIRCLE
  5
647
330
1F
100
AcDbEntity
  8
Document
100
AcDbCircle
 10
74.1711963423927
 20
62.804165608331346
 30
0.0
 40
0.10007620015240032
  0
CIRCLE
  5
648
330
1F
100
AcDbEntity
  8
TopSilkLayer
100
AcDbCircle
 10
74.16814833629678
 20
62.10312420624848
 30
0.0
 40
0.12700025400050802
  0
CIRCLE
  5
649
330
1F
100
AcDbEntity
  8
TopSilkLayer
100
AcDbCircle
 10
58.29311658623328
 20
64.64312928625861
 30
0.0
 40
0.8999237998475998
  0
CIRCLE
  5
64a
330
1F
100
AcDbEntity
  8
TopSilkLayer
100
AcDbCircle
 10
25.273050546101103
 20
84.83616967233945
 30
0.0
 40
0.8999237998475998
  0
CIRCLE
  5
64b
330
1F
100
AcDbEntity
  8
TopSilkLayer
100
AcDbCircle
 10
56.7691135382272
 20
59.6901193802388
 30
0.0
 40
0.8999237998475998
  0
CIRCLE
  5
64c
330
1F
100
AcDbEntity
  8
Document
100
AcDbCircle
 10
67.20523241046499
 20
73.96901193802387
 30
0.0
 40
0.15011430022860048
  0
CIRCLE
  5
64d
330
1F
100
AcDbEntity
  8
TopSilkLayer
100
AcDbCircle
 10
67.98501397002792
 20
75.03911607823227
 30
0.0
 40
0.17018034036068075
  0
CIRCLE
  5
64e
330
1F
100
AcDbEntity
  8
Document
100
AcDbCircle
 10
75.9171958343918
 20
67.34112268224533
 30
0.0
 40
0.10007620015240032
  0
CIRCLE
  5
64f
330
1F
100
AcDbEntity
  8
TopSilkLayer
100
AcDbCircle
 10
76.29565659131322
 20
68.08940817881648
 30
0.0
 40
0.15011430022860048
  0
CIRCLE
  5
650
330
1F
100
AcDbEntity
  8
Document
100
AcDbCircle
 10
80.64516129032268
 20
64.64300228600462
 30
0.0
 40
0.19989839979679963
  0
CIRCLE
  5
651
330
1F
100
AcDbEntity
  8
TopSilkLayer
100
AcDbCircle
 10
73.2752349504699
 20
77.49431038862087
 30
0.0
 40
0.17119634239268483
  0
CIRCLE
  5
652
330
1F
100
AcDbEntity
  8
Document
100
AcDbCircle
 10
73.83505207010421
 20
78.2339598679198
 30
0.0
 40
0.10007620015240032
  0
CIRCLE
  5
653
330
1F
100
AcDbEntity
  8
Document
100
AcDbCircle
 10
39.4445008890018
 20
85.34556769113544
 30
0.0
 40
0.24993649987299976
  0
CIRCLE
  5
654
330
1F
100
AcDbEntity
  8
TopSilkLayer
100
AcDbCircle
 10
39.039878079756136
 20
86.28155956311923
 30
0.0
 40
0.18338836677673356
  0
CIRCLE
  5
655
330
1F
100
AcDbEntity
  8
Document
100
AcDbCircle
 10
67.43713487426976
 20
54.73710947421898
 30
0.0
 40
0.12700025400050802
  0
CIRCLE
  5
656
330
1F
100
AcDbEntity
  8
Document
100
AcDbCircle
 10
84.56413512827021
 20
75.59613919227843
 30
0.0
 40
0.12496824993649988
  0
CIRCLE
  5
657
330
1F
100
AcDbEntity
  8
Document
100
AcDbCircle
 10
84.56413512827021
 20
81.37617475234958
 30
0.0
 40
0.12496824993649988
  0
CIRCLE
  5
7ed
330
1F
100
AcDbEntity
  8
TopSolderMaskLayer
100
AcDbCircle
 10
87.12217424434857
 20
67.07213614427235
 30
0.0
 40
0.4643006318270701
  0
CIRCLE
  5
7ee
330
1F
100
AcDbEntity
  8
TopSolderMaskLayer
100
AcDbCircle
 10
87.12217424434857
 20
67.07213614427235
 30
0.0
 40
0.8254000508001016
0
HATCH
5
7ef
100
AcDbEntity
8
TopSolderMaskLayer
100
AcDbHatch
10
0
20
0
30
0
210
0
220
0
230
1
2
SOLID
70
1
71
0
91
1
92
7
72
1
73
1
93
2
10
86.29677419354847
20
67.07213614427235
42
1
10
87.94757429514867
20
67.07213614427235
42
1
97
1
330

75
0
76
1
47
0.8681437583925616
98
1
10
3.629517071192367
20
33.92795499968543
450
0
451
0
460
0
461
0
452
1
462
1
453
2
463
0
63
5
421
255
463
1
63
7
421
16777215
470
LINEAR
1001
ACAD
1010
0
1020
0
1030
0
  0
CIRCLE
  5
7f0
330
1F
100
AcDbEntity
  8
BottomSolderMaskLayer
100
AcDbCircle
 10
87.12217424434857
 20
67.07213614427235
 30
0.0
 40
0.4643006318270701
  0
CIRCLE
  5
7f1
330
1F
100
AcDbEntity
  8
BottomSolderMaskLayer
100
AcDbCircle
 10
87.12217424434857
 20
67.07213614427235
 30
0.0
 40
0.8254000508001016
0
HATCH
5
7f2
100
AcDbEntity
8
BottomSolderMaskLayer
100
AcDbHatch
10
0
20
0
30
0
210
0
220
0
230
1
2
SOLID
70
1
71
0
91
1
92
7
72
1
73
1
93
2
10
86.29677419354847
20
67.07213614427235
42
1
10
87.94757429514867
20
67.07213614427235
42
1
97
1
330

75
0
76
1
47
0.8681437583925616
98
1
10
3.629517071192367
20
33.92795499968543
450
0
451
0
460
0
461
0
452
1
462
1
453
2
463
0
63
5
421
255
463
1
63
7
421
16777215
470
LINEAR
1001
ACAD
1010
0
1020
0
1030
0
  0
CIRCLE
  5
7f3
330
1F
100
AcDbEntity
  8
Multi-Layer
100
AcDbCircle
 10
87.12217424434857
 20
67.07213614427235
 30
0.0
 40
0.4500127000254001
  0
CIRCLE
  5
7f4
330
1F
100
AcDbEntity
  8
Multi-Layer
100
AcDbCircle
 10
87.12217424434857
 20
67.07213614427235
 30
0.0
 40
0.8
0
HATCH
5
7f5
100
AcDbEntity
8
Multi-Layer
100
AcDbHatch
10
0
20
0
30
0
210
0
220
0
230
1
2
SOLID
70
1
71
0
91
1
92
7
72
1
73
1
93
2
10
86.32217424434857
20
67.07213614427235
42
1
10
87.92217424434857
20
67.07213614427235
42
1
97
1
330

75
0
76
1
47
0.8681437583925616
98
1
10
3.629517071192367
20
33.92795499968543
450
0
451
0
460
0
461
0
452
1
462
1
453
2
463
0
63
5
421
255
463
1
63
7
421
16777215
470
LINEAR
1001
ACAD
1010
0
1020
0
1030
0
  0
CIRCLE
  5
7f6
330
1F
100
AcDbEntity
  8
TopSolderMaskLayer
100
AcDbCircle
 10
87.12217424434857
 20
69.07213614427235
 30
0.0
 40
0.4643006318270701
  0
CIRCLE
  5
7f7
330
1F
100
AcDbEntity
  8
TopSolderMaskLayer
100
AcDbCircle
 10
87.12217424434857
 20
69.07213614427235
 30
0.0
 40
0.8254000508001016
0
HATCH
5
7f8
100
AcDbEntity
8
TopSolderMaskLayer
100
AcDbHatch
10
0
20
0
30
0
210
0
220
0
230
1
2
SOLID
70
1
71
0
91
1
92
7
72
1
73
1
93
2
10
86.29677419354847
20
69.07213614427235
42
1
10
87.94757429514867
20
69.07213614427235
42
1
97
1
330

75
0
76
1
47
0.8681437583925616
98
1
10
3.629517071192367
20
33.92795499968543
450
0
451
0
460
0
461
0
452
1
462
1
453
2
463
0
63
5
421
255
463
1
63
7
421
16777215
470
LINEAR
1001
ACAD
1010
0
1020
0
1030
0
  0
CIRCLE
  5
7f9
330
1F
100
AcDbEntity
  8
BottomSolderMaskLayer
100
AcDbCircle
 10
87.12217424434857
 20
69.07213614427235
 30
0.0
 40
0.4643006318270701
  0
CIRCLE
  5
7fa
330
1F
100
AcDbEntity
  8
BottomSolderMaskLayer
100
AcDbCircle
 10
87.12217424434857
 20
69.07213614427235
 30
0.0
 40
0.8254000508001016
0
HATCH
5
7fb
100
AcDbEntity
8
BottomSolderMaskLayer
100
AcDbHatch
10
0
20
0
30
0
210
0
220
0
230
1
2
SOLID
70
1
71
0
91
1
92
7
72
1
73
1
93
2
10
86.29677419354847
20
69.07213614427235
42
1
10
87.94757429514867
20
69.07213614427235
42
1
97
1
330

75
0
76
1
47
0.8681437583925616
98
1
10
3.629517071192367
20
33.92795499968543
450
0
451
0
460
0
461
0
452
1
462
1
453
2
463
0
63
5
421
255
463
1
63
7
421
16777215
470
LINEAR
1001
ACAD
1010
0
1020
0
1030
0
  0
CIRCLE
  5
7fc
330
1F
100
AcDbEntity
  8
Multi-Layer
100
AcDbCircle
 10
87.12217424434857
 20
69.07213614427235
 30
0.0
 40
0.4500127000254001
  0
CIRCLE
  5
7fd
330
1F
100
AcDbEntity
  8
Multi-Layer
100
AcDbCircle
 10
87.12217424434857
 20
69.07213614427235
 30
0.0
 40
0.8
0
HATCH
5
7fe
100
AcDbEntity
8
Multi-Layer
100
AcDbHatch
10
0
20
0
30
0
210
0
220
0
230
1
2
SOLID
70
1
71
0
91
1
92
7
72
1
73
1
93
2
10
86.32217424434857
20
69.07213614427235
42
1
10
87.92217424434857
20
69.07213614427235
42
1
97
1
330

75
0
76
1
47
0.8681437583925616
98
1
10
3.629517071192367
20
33.92795499968543
450
0
451
0
460
0
461
0
452
1
462
1
453
2
463
0
63
5
421
255
463
1
63
7
421
16777215
470
LINEAR
1001
ACAD
1010
0
1020
0
1030
0
  0
CIRCLE
  5
e77
330
1F
100
AcDbEntity
  8
TopSolderMaskLayer
100
AcDbCircle
 10
51.94310388620784
 20
51.56210312420626
 30
0.0
 40
0.5169333672000678
  0
CIRCLE
  5
e78
330
1F
100
AcDbEntity
  8
TopSolderMaskLayer
100
AcDbCircle
 10
51.94310388620784
 20
51.56210312420626
 30
0.0
 40
0.7754000508001018
0
HATCH
5
e79
100
AcDbEntity
8
TopSolderMaskLayer
100
AcDbHatch
10
0
20
0
30
0
210
0
220
0
230
1
2
SOLID
70
1
71
0
91
1
92
7
72
1
73
1
93
2
10
51.167703835407735
20
51.56210312420626
42
1
10
52.71850393700794
20
51.56210312420626
42
1
97
1
330

75
0
76
1
47
0.8681437583925616
98
1
10
3.629517071192367
20
33.92795499968543
450
0
451
0
460
0
461
0
452
1
462
1
453
2
463
0
63
5
421
255
463
1
63
7
421
16777215
470
LINEAR
1001
ACAD
1010
0
1020
0
1030
0
  0
CIRCLE
  5
e7a
330
1F
100
AcDbEntity
  8
BottomSolderMaskLayer
100
AcDbCircle
 10
51.94310388620784
 20
51.56210312420626
 30
0.0
 40
0.5169333672000678
  0
CIRCLE
  5
e7b
330
1F
100
AcDbEntity
  8
BottomSolderMaskLayer
100
AcDbCircle
 10
51.94310388620784
 20
51.56210312420626
 30
0.0
 40
0.7754000508001018
0
HATCH
5
e7c
100
AcDbEntity
8
BottomSolderMaskLayer
100
AcDbHatch
10
0
20
0
30
0
210
0
220
0
230
1
2
SOLID
70
1
71
0
91
1
92
7
72
1
73
1
93
2
10
51.167703835407735
20
51.56210312420626
42
1
10
52.71850393700794
20
51.56210312420626
42
1
97
1
330

75
0
76
1
47
0.8681437583925616
98
1
10
3.629517071192367
20
33.92795499968543
450
0
451
0
460
0
461
0
452
1
462
1
453
2
463
0
63
5
421
255
463
1
63
7
421
16777215
470
LINEAR
1001
ACAD
1010
0
1020
0
1030
0
  0
CIRCLE
  5
e7d
330
1F
100
AcDbEntity
  8
Multi-Layer
100
AcDbCircle
 10
51.94310388620784
 20
51.56210312420626
 30
0.0
 40
0.5
  0
CIRCLE
  5
e7e
330
1F
100
AcDbEntity
  8
Multi-Layer
100
AcDbCircle
 10
51.94310388620784
 20
51.56210312420626
 30
0.0
 40
0.7500000000000001
0
HATCH
5
e7f
100
AcDbEntity
8
Multi-Layer
100
AcDbHatch
10
0
20
0
30
0
210
0
220
0
230
1
2
SOLID
70
1
71
0
91
1
92
7
72
1
73
1
93
2
10
51.19310388620784
20
51.56210312420626
42
1
10
52.69310388620784
20
51.56210312420626
42
1
97
1
330

75
0
76
1
47
0.8681437583925616
98
1
10
3.629517071192367
20
33.92795499968543
450
0
451
0
460
0
461
0
452
1
462
1
453
2
463
0
63
5
421
255
463
1
63
7
421
16777215
470
LINEAR
1001
ACAD
1010
0
1020
0
1030
0
  0
CIRCLE
  5
e80
330
1F
100
AcDbEntity
  8
TopSolderMaskLayer
100
AcDbCircle
 10
54.48310896621797
 20
51.56210312420626
 30
0.0
 40
0.5169333672000678
  0
CIRCLE
  5
e81
330
1F
100
AcDbEntity
  8
TopSolderMaskLayer
100
AcDbCircle
 10
54.48310896621797
 20
51.56210312420626
 30
0.0
 40
0.7754000508001018
0
HATCH
5
e82
100
AcDbEntity
8
TopSolderMaskLayer
100
AcDbHatch
10
0
20
0
30
0
210
0
220
0
230
1
2
SOLID
70
1
71
0
91
1
92
7
72
1
73
1
93
2
10
53.70770891541787
20
51.56210312420626
42
1
10
55.25850901701807
20
51.56210312420626
42
1
97
1
330

75
0
76
1
47
0.8681437583925616
98
1
10
3.629517071192367
20
33.92795499968543
450
0
451
0
460
0
461
0
452
1
462
1
453
2
463
0
63
5
421
255
463
1
63
7
421
16777215
470
LINEAR
1001
ACAD
1010
0
1020
0
1030
0
  0
CIRCLE
  5
e83
330
1F
100
AcDbEntity
  8
BottomSolderMaskLayer
100
AcDbCircle
 10
54.48310896621797
 20
51.56210312420626
 30
0.0
 40
0.5169333672000678
  0
CIRCLE
  5
e84
330
1F
100
AcDbEntity
  8
BottomSolderMaskLayer
100
AcDbCircle
 10
54.48310896621797
 20
51.56210312420626
 30
0.0
 40
0.7754000508001018
0
HATCH
5
e85
100
AcDbEntity
8
BottomSolderMaskLayer
100
AcDbHatch
10
0
20
0
30
0
210
0
220
0
230
1
2
SOLID
70
1
71
0
91
1
92
7
72
1
73
1
93
2
10
53.70770891541787
20
51.56210312420626
42
1
10
55.25850901701807
20
51.56210312420626
42
1
97
1
330

75
0
76
1
47
0.8681437583925616
98
1
10
3.629517071192367
20
33.92795499968543
450
0
451
0
460
0
461
0
452
1
462
1
453
2
463
0
63
5
421
255
463
1
63
7
421
16777215
470
LINEAR
1001
ACAD
1010
0
1020
0
1030
0
  0
CIRCLE
  5
e86
330
1F
100
AcDbEntity
  8
Multi-Layer
100
AcDbCircle
 10
54.48310896621797
 20
51.56210312420626
 30
0.0
 40
0.5
  0
CIRCLE
  5
e87
330
1F
100
AcDbEntity
  8
Multi-Layer
100
AcDbCircle
 10
54.48310896621797
 20
51.56210312420626
 30
0.0
 40
0.7500000000000001
0
HATCH
5
e88
100
AcDbEntity
8
Multi-Layer
100
AcDbHatch
10
0
20
0
30
0
210
0
220
0
230
1
2
SOLID
70
1
71
0
91
1
92
7
72
1
73
1
93
2
10
53.73310896621797
20
51.56210312420626
42
1
10
55.23310896621797
20
51.56210312420626
42
1
97
1
330

75
0
76
1
47
0.8681437583925616
98
1
10
3.629517071192367
20
33.92795499968543
450
0
451
0
460
0
461
0
452
1
462
1
453
2
463
0
63
5
421
255
463
1
63
7
421
16777215
470
LINEAR
1001
ACAD
1010
0
1020
0
1030
0
  0
CIRCLE
  5
e89
330
1F
100
AcDbEntity
  8
TopSolderMaskLayer
100
AcDbCircle
 10
57.0231140462281
 20
51.56210312420626
 30
0.0
 40
0.5169333672000678
  0
CIRCLE
  5
e8a
330
1F
100
AcDbEntity
  8
TopSolderMaskLayer
100
AcDbCircle
 10
57.0231140462281
 20
51.56210312420626
 30
0.0
 40
0.7754000508001018
0
HATCH
5
e8b
100
AcDbEntity
8
TopSolderMaskLayer
100
AcDbHatch
10
0
20
0
30
0
210
0
220
0
230
1
2
SOLID
70
1
71
0
91
1
92
7
72
1
73
1
93
2
10
56.247713995428
20
51.56210312420626
42
1
10
57.7985140970282
20
51.56210312420626
42
1
97
1
330

75
0
76
1
47
0.8681437583925616
98
1
10
3.629517071192367
20
33.92795499968543
450
0
451
0
460
0
461
0
452
1
462
1
453
2
463
0
63
5
421
255
463
1
63
7
421
16777215
470
LINEAR
1001
ACAD
1010
0
1020
0
1030
0
  0
CIRCLE
  5
e8c
330
1F
100
AcDbEntity
  8
BottomSolderMaskLayer
100
AcDbCircle
 10
57.0231140462281
 20
51.56210312420626
 30
0.0
 40
0.5169333672000678
  0
CIRCLE
  5
e8d
330
1F
100
AcDbEntity
  8
BottomSolderMaskLayer
100
AcDbCircle
 10
57.0231140462281
 20
51.56210312420626
 30
0.0
 40
0.7754000508001018
0
HATCH
5
e8e
100
AcDbEntity
8
BottomSolderMaskLayer
100
AcDbHatch
10
0
20
0
30
0
210
0
220
0
230
1
2
SOLID
70
1
71
0
91
1
92
7
72
1
73
1
93
2
10
56.247713995428
20
51.56210312420626
42
1
10
57.7985140970282
20
51.56210312420626
42
1
97
1
330

75
0
76
1
47
0.8681437583925616
98
1
10
3.629517071192367
20
33.92795499968543
450
0
451
0
460
0
461
0
452
1
462
1
453
2
463
0
63
5
421
255
463
1
63
7
421
16777215
470
LINEAR
1001
ACAD
1010
0
1020
0
1030
0
  0
CIRCLE
  5
e8f
330
1F
100
AcDbEntity
  8
Multi-Layer
100
AcDbCircle
 10
57.0231140462281
 20
51.56210312420626
 30
0.0
 40
0.5
  0
CIRCLE
  5
e90
330
1F
100
AcDbEntity
  8
Multi-Layer
100
AcDbCircle
 10
57.0231140462281
 20
51.56210312420626
 30
0.0
 40
0.7500000000000001
0
HATCH
5
e91
100
AcDbEntity
8
Multi-Layer
100
AcDbHatch
10
0
20
0
30
0
210
0
220
0
230
1
2
SOLID
70
1
71
0
91
1
92
7
72
1
73
1
93
2
10
56.2731140462281
20
51.56210312420626
42
1
10
57.7731140462281
20
51.56210312420626
42
1
97
1
330

75
0
76
1
47
0.8681437583925616
98
1
10
3.629517071192367
20
33.92795499968543
450
0
451
0
460
0
461
0
452
1
462
1
453
2
463
0
63
5
421
255
463
1
63
7
421
16777215
470
LINEAR
1001
ACAD
1010
0
1020
0
1030
0
  0
CIRCLE
  5
e92
330
1F
100
AcDbEntity
  8
TopSolderMaskLayer
100
AcDbCircle
 10
59.563119126238234
 20
51.56210312420626
 30
0.0
 40
0.5169333672000678
  0
CIRCLE
  5
e93
330
1F
100
AcDbEntity
  8
TopSolderMaskLayer
100
AcDbCircle
 10
59.563119126238234
 20
51.56210312420626
 30
0.0
 40
0.7754000508001018
0
HATCH
5
e94
100
AcDbEntity
8
TopSolderMaskLayer
100
AcDbHatch
10
0
20
0
30
0
210
0
220
0
230
1
2
SOLID
70
1
71
0
91
1
92
7
72
1
73
1
93
2
10
58.78771907543813
20
51.56210312420626
42
1
10
60.338519177038336
20
51.56210312420626
42
1
97
1
330

75
0
76
1
47
0.8681437583925616
98
1
10
3.629517071192367
20
33.92795499968543
450
0
451
0
460
0
461
0
452
1
462
1
453
2
463
0
63
5
421
255
463
1
63
7
421
16777215
470
LINEAR
1001
ACAD
1010
0
1020
0
1030
0
  0
CIRCLE
  5
e95
330
1F
100
AcDbEntity
  8
BottomSolderMaskLayer
100
AcDbCircle
 10
59.563119126238234
 20
51.56210312420626
 30
0.0
 40
0.5169333672000678
  0
CIRCLE
  5
e96
330
1F
100
AcDbEntity
  8
BottomSolderMaskLayer
100
AcDbCircle
 10
59.563119126238234
 20
51.56210312420626
 30
0.0
 40
0.7754000508001018
0
HATCH
5
e97
100
AcDbEntity
8
BottomSolderMaskLayer
100
AcDbHatch
10
0
20
0
30
0
210
0
220
0
230
1
2
SOLID
70
1
71
0
91
1
92
7
72
1
73
1
93
2
10
58.78771907543813
20
51.56210312420626
42
1
10
60.338519177038336
20
51.56210312420626
42
1
97
1
330

75
0
76
1
47
0.8681437583925616
98
1
10
3.629517071192367
20
33.92795499968543
450
0
451
0
460
0
461
0
452
1
462
1
453
2
463
0
63
5
421
255
463
1
63
7
421
16777215
470
LINEAR
1001
ACAD
1010
0
1020
0
1030
0
  0
CIRCLE
  5
e98
330
1F
100
AcDbEntity
  8
Multi-Layer
100
AcDbCircle
 10
59.563119126238234
 20
51.56210312420626
 30
0.0
 40
0.5
  0
CIRCLE
  5
e99
330
1F
100
AcDbEntity
  8
Multi-Layer
100
AcDbCircle
 10
59.563119126238234
 20
51.56210312420626
 30
0.0
 40
0.7500000000000001
0
HATCH
5
e9a
100
AcDbEntity
8
Multi-Layer
100
AcDbHatch
10
0
20
0
30
0
210
0
220
0
230
1
2
SOLID
70
1
71
0
91
1
92
7
72
1
73
1
93
2
10
58.813119126238234
20
51.56210312420626
42
1
10
60.313119126238234
20
51.56210312420626
42
1
97
1
330

75
0
76
1
47
0.8681437583925616
98
1
10
3.629517071192367
20
33.92795499968543
450
0
451
0
460
0
461
0
452
1
462
1
453
2
463
0
63
5
421
255
463
1
63
7
421
16777215
470
LINEAR
1001
ACAD
1010
0
1020
0
1030
0
  0
CIRCLE
  5
e9b
330
1F
100
AcDbEntity
  8
TopSolderMaskLayer
100
AcDbCircle
 10
62.10312420624837
 20
51.56210312420626
 30
0.0
 40
0.5169333672000678
  0
CIRCLE
  5
e9c
330
1F
100
AcDbEntity
  8
TopSolderMaskLayer
100
AcDbCircle
 10
62.10312420624837
 20
51.56210312420626
 30
0.0
 40
0.7754000508001018
0
HATCH
5
e9d
100
AcDbEntity
8
TopSolderMaskLayer
100
AcDbHatch
10
0
20
0
30
0
210
0
220
0
230
1
2
SOLID
70
1
71
0
91
1
92
7
72
1
73
1
93
2
10
61.327724155448266
20
51.56210312420626
42
1
10
62.87852425704847
20
51.56210312420626
42
1
97
1
330

75
0
76
1
47
0.8681437583925616
98
1
10
3.629517071192367
20
33.92795499968543
450
0
451
0
460
0
461
0
452
1
462
1
453
2
463
0
63
5
421
255
463
1
63
7
421
16777215
470
LINEAR
1001
ACAD
1010
0
1020
0
1030
0
  0
CIRCLE
  5
e9e
330
1F
100
AcDbEntity
  8
BottomSolderMaskLayer
100
AcDbCircle
 10
62.10312420624837
 20
51.56210312420626
 30
0.0
 40
0.5169333672000678
  0
CIRCLE
  5
e9f
330
1F
100
AcDbEntity
  8
BottomSolderMaskLayer
100
AcDbCircle
 10
62.10312420624837
 20
51.56210312420626
 30
0.0
 40
0.7754000508001018
0
HATCH
5
ea0
100
AcDbEntity
8
BottomSolderMaskLayer
100
AcDbHatch
10
0
20
0
30
0
210
0
220
0
230
1
2
SOLID
70
1
71
0
91
1
92
7
72
1
73
1
93
2
10
61.327724155448266
20
51.56210312420626
42
1
10
62.87852425704847
20
51.56210312420626
42
1
97
1
330

75
0
76
1
47
0.8681437583925616
98
1
10
3.629517071192367
20
33.92795499968543
450
0
451
0
460
0
461
0
452
1
462
1
453
2
463
0
63
5
421
255
463
1
63
7
421
16777215
470
LINEAR
1001
ACAD
1010
0
1020
0
1030
0
  0
CIRCLE
  5
ea1
330
1F
100
AcDbEntity
  8
Multi-Layer
100
AcDbCircle
 10
62.10312420624837
 20
51.56210312420626
 30
0.0
 40
0.5
  0
CIRCLE
  5
ea2
330
1F
100
AcDbEntity
  8
Multi-Layer
100
AcDbCircle
 10
62.10312420624837
 20
51.56210312420626
 30
0.0
 40
0.7500000000000001
0
HATCH
5
ea3
100
AcDbEntity
8
Multi-Layer
100
AcDbHatch
10
0
20
0
30
0
210
0
220
0
230
1
2
SOLID
70
1
71
0
91
1
92
7
72
1
73
1
93
2
10
61.35312420624837
20
51.56210312420626
42
1
10
62.85312420624837
20
51.56210312420626
42
1
97
1
330

75
0
76
1
47
0.8681437583925616
98
1
10
3.629517071192367
20
33.92795499968543
450
0
451
0
460
0
461
0
452
1
462
1
453
2
463
0
63
5
421
255
463
1
63
7
421
16777215
470
LINEAR
1001
ACAD
1010
0
1020
0
1030
0
  0
CIRCLE
  5
ea4
330
1F
100
AcDbEntity
  8
TopSolderMaskLayer
100
AcDbCircle
 10
64.6431292862585
 20
51.56210312420626
 30
0.0
 40
0.5169333672000678
  0
CIRCLE
  5
ea5
330
1F
100
AcDbEntity
  8
TopSolderMaskLayer
100
AcDbCircle
 10
64.6431292862585
 20
51.56210312420626
 30
0.0
 40
0.7754000508001018
0
HATCH
5
ea6
100
AcDbEntity
8
TopSolderMaskLayer
100
AcDbHatch
10
0
20
0
30
0
210
0
220
0
230
1
2
SOLID
70
1
71
0
91
1
92
7
72
1
73
1
93
2
10
63.8677292354584
20
51.56210312420626
42
1
10
65.4185293370586
20
51.56210312420626
42
1
97
1
330

75
0
76
1
47
0.8681437583925616
98
1
10
3.629517071192367
20
33.92795499968543
450
0
451
0
460
0
461
0
452
1
462
1
453
2
463
0
63
5
421
255
463
1
63
7
421
16777215
470
LINEAR
1001
ACAD
1010
0
1020
0
1030
0
  0
CIRCLE
  5
ea7
330
1F
100
AcDbEntity
  8
BottomSolderMaskLayer
100
AcDbCircle
 10
64.6431292862585
 20
51.56210312420626
 30
0.0
 40
0.5169333672000678
  0
CIRCLE
  5
ea8
330
1F
100
AcDbEntity
  8
BottomSolderMaskLayer
100
AcDbCircle
 10
64.6431292862585
 20
51.56210312420626
 30
0.0
 40
0.7754000508001018
0
HATCH
5
ea9
100
AcDbEntity
8
BottomSolderMaskLayer
100
AcDbHatch
10
0
20
0
30
0
210
0
220
0
230
1
2
SOLID
70
1
71
0
91
1
92
7
72
1
73
1
93
2
10
63.8677292354584
20
51.56210312420626
42
1
10
65.4185293370586
20
51.56210312420626
42
1
97
1
330

75
0
76
1
47
0.8681437583925616
98
1
10
3.629517071192367
20
33.92795499968543
450
0
451
0
460
0
461
0
452
1
462
1
453
2
463
0
63
5
421
255
463
1
63
7
421
16777215
470
LINEAR
1001
ACAD
1010
0
1020
0
1030
0
  0
CIRCLE
  5
eaa
330
1F
100
AcDbEntity
  8
Multi-Layer
100
AcDbCircle
 10
64.6431292862585
 20
51.56210312420626
 30
0.0
 40
0.5
  0
CIRCLE
  5
eab
330
1F
100
AcDbEntity
  8
Multi-Layer
100
AcDbCircle
 10
64.6431292862585
 20
51.56210312420626
 30
0.0
 40
0.7500000000000001
0
HATCH
5
eac
100
AcDbEntity
8
Multi-Layer
100
AcDbHatch
10
0
20
0
30
0
210
0
220
0
230
1
2
SOLID
70
1
71
0
91
1
92
7
72
1
73
1
93
2
10
63.8931292862585
20
51.56210312420626
42
1
10
65.3931292862585
20
51.56210312420626
42
1
97
1
330

75
0
76
1
47
0.8681437583925616
98
1
10
3.629517071192367
20
33.92795499968543
450
0
451
0
460
0
461
0
452
1
462
1
453
2
463
0
63
5
421
255
463
1
63
7
421
16777215
470
LINEAR
1001
ACAD
1010
0
1020
0
1030
0
  0
CIRCLE
  5
ead
330
1F
100
AcDbEntity
  8
TopSolderMaskLayer
100
AcDbCircle
 10
67.18313436626886
 20
51.56210312420626
 30
0.0
 40
0.5169333672000678
  0
CIRCLE
  5
eae
330
1F
100
AcDbEntity
  8
TopSolderMaskLayer
100
AcDbCircle
 10
67.18313436626886
 20
51.56210312420626
 30
0.0
 40
0.7754000508001018
0
HATCH
5
eaf
100
AcDbEntity
8
TopSolderMaskLayer
100
AcDbHatch
10
0
20
0
30
0
210
0
220
0
230
1
2
SOLID
70
1
71
0
91
1
92
7
72
1
73
1
93
2
10
66.40773431546876
20
51.56210312420626
42
1
10
67.95853441706896
20
51.56210312420626
42
1
97
1
330

75
0
76
1
47
0.8681437583925616
98
1
10
3.629517071192367
20
33.92795499968543
450
0
451
0
460
0
461
0
452
1
462
1
453
2
463
0
63
5
421
255
463
1
63
7
421
16777215
470
LINEAR
1001
ACAD
1010
0
1020
0
1030
0
  0
CIRCLE
  5
eb0
330
1F
100
AcDbEntity
  8
BottomSolderMaskLayer
100
AcDbCircle
 10
67.18313436626886
 20
51.56210312420626
 30
0.0
 40
0.5169333672000678
  0
CIRCLE
  5
eb1
330
1F
100
AcDbEntity
  8
BottomSolderMaskLayer
100
AcDbCircle
 10
67.18313436626886
 20
51.56210312420626
 30
0.0
 40
0.7754000508001018
0
HATCH
5
eb2
100
AcDbEntity
8
BottomSolderMaskLayer
100
AcDbHatch
10
0
20
0
30
0
210
0
220
0
230
1
2
SOLID
70
1
71
0
91
1
92
7
72
1
73
1
93
2
10
66.40773431546876
20
51.56210312420626
42
1
10
67.95853441706896
20
51.56210312420626
42
1
97
1
330

75
0
76
1
47
0.8681437583925616
98
1
10
3.629517071192367
20
33.92795499968543
450
0
451
0
460
0
461
0
452
1
462
1
453
2
463
0
63
5
421
255
463
1
63
7
421
16777215
470
LINEAR
1001
ACAD
1010
0
1020
0
1030
0
  0
CIRCLE
  5
eb3
330
1F
100
AcDbEntity
  8
Multi-Layer
100
AcDbCircle
 10
67.18313436626886
 20
51.56210312420626
 30
0.0
 40
0.5
  0
CIRCLE
  5
eb4
330
1F
100
AcDbEntity
  8
Multi-Layer
100
AcDbCircle
 10
67.18313436626886
 20
51.56210312420626
 30
0.0
 40
0.7500000000000001
0
HATCH
5
eb5
100
AcDbEntity
8
Multi-Layer
100
AcDbHatch
10
0
20
0
30
0
210
0
220
0
230
1
2
SOLID
70
1
71
0
91
1
92
7
72
1
73
1
93
2
10
66.43313436626886
20
51.56210312420626
42
1
10
67.93313436626886
20
51.56210312420626
42
1
97
1
330

75
0
76
1
47
0.8681437583925616
98
1
10
3.629517071192367
20
33.92795499968543
450
0
451
0
460
0
461
0
452
1
462
1
453
2
463
0
63
5
421
255
463
1
63
7
421
16777215
470
LINEAR
1001
ACAD
1010
0
1020
0
1030
0
  0
CIRCLE
  5
eb6
330
1F
100
AcDbEntity
  8
TopSolderMaskLayer
100
AcDbCircle
 10
88.13817627635262
 20
51.56210312420626
 30
0.0
 40
0.5664484065211015
  0
CIRCLE
  5
eb7
330
1F
100
AcDbEntity
  8
TopSolderMaskLayer
100
AcDbCircle
 10
88.13817627635262
 20
51.56210312420626
 30
0.0
 40
0.8754000508001016
0
HATCH
5
eb8
100
AcDbEntity
8
TopSolderMaskLayer
100
AcDbHatch
10
0
20
0
30
0
210
0
220
0
230
1
2
SOLID
70
1
71
0
91
1
92
7
72
1
73
1
93
2
10
87.26277622555253
20
51.56210312420626
42
1
10
89.01357632715272
20
51.56210312420626
42
1
97
1
330

75
0
76
1
47
0.8681437583925616
98
1
10
3.629517071192367
20
33.92795499968543
450
0
451
0
460
0
461
0
452
1
462
1
453
2
463
0
63
5
421
255
463
1
63
7
421
16777215
470
LINEAR
1001
ACAD
1010
0
1020
0
1030
0
  0
CIRCLE
  5
eb9
330
1F
100
AcDbEntity
  8
BottomSolderMaskLayer
100
AcDbCircle
 10
88.13817627635262
 20
51.56210312420626
 30
0.0
 40
0.5664484065211015
  0
CIRCLE
  5
eba
330
1F
100
AcDbEntity
  8
BottomSolderMaskLayer
100
AcDbCircle
 10
88.13817627635262
 20
51.56210312420626
 30
0.0
 40
0.8754000508001016
0
HATCH
5
ebb
100
AcDbEntity
8
BottomSolderMaskLayer
100
AcDbHatch
10
0
20
0
30
0
210
0
220
0
230
1
2
SOLID
70
1
71
0
91
1
92
7
72
1
73
1
93
2
10
87.26277622555253
20
51.56210312420626
42
1
10
89.01357632715272
20
51.56210312420626
42
1
97
1
330

75
0
76
1
47
0.8681437583925616
98
1
10
3.629517071192367
20
33.92795499968543
450
0
451
0
460
0
461
0
452
1
462
1
453
2
463
0
63
5
421
255
463
1
63
7
421
16777215
470
LINEAR
1001
ACAD
1010
0
1020
0
1030
0
  0
CIRCLE
  5
ebc
330
1F
100
AcDbEntity
  8
Multi-Layer
100
AcDbCircle
 10
88.13817627635262
 20
51.56210312420626
 30
0.0
 40
0.5500127000254001
  0
CIRCLE
  5
ebd
330
1F
100
AcDbEntity
  8
Multi-Layer
100
AcDbCircle
 10
88.13817627635262
 20
51.56210312420626
 30
0.0
 40
0.8500000000000001
0
HATCH
5
ebe
100
AcDbEntity
8
Multi-Layer
100
AcDbHatch
10
0
20
0
30
0
210
0
220
0
230
1
2
SOLID
70
1
71
0
91
1
92
7
72
1
73
1
93
2
10
87.28817627635263
20
51.56210312420626
42
1
10
88.98817627635262
20
51.56210312420626
42
1
97
1
330

75
0
76
1
47
0.8681437583925616
98
1
10
3.629517071192367
20
33.92795499968543
450
0
451
0
460
0
461
0
452
1
462
1
453
2
463
0
63
5
421
255
463
1
63
7
421
16777215
470
LINEAR
1001
ACAD
1010
0
1020
0
1030
0
  0
CIRCLE
  5
ebf
330
1F
100
AcDbEntity
  8
TopSolderMaskLayer
100
AcDbCircle
 10
85.59817119634249
 20
51.56210312420626
 30
0.0
 40
0.5664484065211015
  0
CIRCLE
  5
ec0
330
1F
100
AcDbEntity
  8
TopSolderMaskLayer
100
AcDbCircle
 10
85.59817119634249
 20
51.56210312420626
 30
0.0
 40
0.8754000508001016
0
HATCH
5
ec1
100
AcDbEntity
8
TopSolderMaskLayer
100
AcDbHatch
10
0
20
0
30
0
210
0
220
0
230
1
2
SOLID
70
1
71
0
91
1
92
7
72
1
73
1
93
2
10
84.7227711455424
20
51.56210312420626
42
1
10
86.47357124714259
20
51.56210312420626
42
1
97
1
330

75
0
76
1
47
0.8681437583925616
98
1
10
3.629517071192367
20
33.92795499968543
450
0
451
0
460
0
461
0
452
1
462
1
453
2
463
0
63
5
421
255
463
1
63
7
421
16777215
470
LINEAR
1001
ACAD
1010
0
1020
0
1030
0
  0
CIRCLE
  5
ec2
330
1F
100
AcDbEntity
  8
BottomSolderMaskLayer
100
AcDbCircle
 10
85.59817119634249
 20
51.56210312420626
 30
0.0
 40
0.5664484065211015
  0
CIRCLE
  5
ec3
330
1F
100
AcDbEntity
  8
BottomSolderMaskLayer
100
AcDbCircle
 10
85.59817119634249
 20
51.56210312420626
 30
0.0
 40
0.8754000508001016
0
HATCH
5
ec4
100
AcDbEntity
8
BottomSolderMaskLayer
100
AcDbHatch
10
0
20
0
30
0
210
0
220
0
230
1
2
SOLID
70
1
71
0
91
1
92
7
72
1
73
1
93
2
10
84.7227711455424
20
51.56210312420626
42
1
10
86.47357124714259
20
51.56210312420626
42
1
97
1
330

75
0
76
1
47
0.8681437583925616
98
1
10
3.629517071192367
20
33.92795499968543
450
0
451
0
460
0
461
0
452
1
462
1
453
2
463
0
63
5
421
255
463
1
63
7
421
16777215
470
LINEAR
1001
ACAD
1010
0
1020
0
1030
0
  0
CIRCLE
  5
ec5
330
1F
100
AcDbEntity
  8
Multi-Layer
100
AcDbCircle
 10
85.59817119634249
 20
51.56210312420626
 30
0.0
 40
0.5500127000254001
  0
CIRCLE
  5
ec6
330
1F
100
AcDbEntity
  8
Multi-Layer
100
AcDbCircle
 10
85.59817119634249
 20
51.56210312420626
 30
0.0
 40
0.8500000000000001
0
HATCH
5
ec7
100
AcDbEntity
8
Multi-Layer
100
AcDbHatch
10
0
20
0
30
0
210
0
220
0
230
1
2
SOLID
70
1
71
0
91
1
92
7
72
1
73
1
93
2
10
84.7481711963425
20
51.56210312420626
42
1
10
86.44817119634249
20
51.56210312420626
42
1
97
1
330

75
0
76
1
47
0.8681437583925616
98
1
10
3.629517071192367
20
33.92795499968543
450
0
451
0
460
0
461
0
452
1
462
1
453
2
463
0
63
5
421
255
463
1
63
7
421
16777215
470
LINEAR
1001
ACAD
1010
0
1020
0
1030
0
  0
CIRCLE
  5
ec8
330
1F
100
AcDbEntity
  8
TopSolderMaskLayer
100
AcDbCircle
 10
83.05816611633236
 20
51.56210312420626
 30
0.0
 40
0.5664484065211015
  0
CIRCLE
  5
ec9
330
1F
100
AcDbEntity
  8
TopSolderMaskLayer
100
AcDbCircle
 10
83.05816611633236
 20
51.56210312420626
 30
0.0
 40
0.8754000508001016
0
HATCH
5
eca
100
AcDbEntity
8
TopSolderMaskLayer
100
AcDbHatch
10
0
20
0
30
0
210
0
220
0
230
1
2
SOLID
70
1
71
0
91
1
92
7
72
1
73
1
93
2
10
82.18276606553226
20
51.56210312420626
42
1
10
83.93356616713245
20
51.56210312420626
42
1
97
1
330

75
0
76
1
47
0.8681437583925616
98
1
10
3.629517071192367
20
33.92795499968543
450
0
451
0
460
0
461
0
452
1
462
1
453
2
463
0
63
5
421
255
463
1
63
7
421
16777215
470
LINEAR
1001
ACAD
1010
0
1020
0
1030
0
  0
CIRCLE
  5
ecb
330
1F
100
AcDbEntity
  8
BottomSolderMaskLayer
100
AcDbCircle
 10
83.05816611633236
 20
51.56210312420626
 30
0.0
 40
0.5664484065211015
  0
CIRCLE
  5
ecc
330
1F
100
AcDbEntity
  8
BottomSolderMaskLayer
100
AcDbCircle
 10
83.05816611633236
 20
51.56210312420626
 30
0.0
 40
0.8754000508001016
0
HATCH
5
ecd
100
AcDbEntity
8
BottomSolderMaskLayer
100
AcDbHatch
10
0
20
0
30
0
210
0
220
0
230
1
2
SOLID
70
1
71
0
91
1
92
7
72
1
73
1
93
2
10
82.18276606553226
20
51.56210312420626
42
1
10
83.93356616713245
20
51.56210312420626
42
1
97
1
330

75
0
76
1
47
0.8681437583925616
98
1
10
3.629517071192367
20
33.92795499968543
450
0
451
0
460
0
461
0
452
1
462
1
453
2
463
0
63
5
421
255
463
1
63
7
421
16777215
470
LINEAR
1001
ACAD
1010
0
1020
0
1030
0
  0
CIRCLE
  5
ece
330
1F
100
AcDbEntity
  8
Multi-Layer
100
AcDbCircle
 10
83.05816611633236
 20
51.56210312420626
 30
0.0
 40
0.5500127000254001
  0
CIRCLE
  5
ecf
330
1F
100
AcDbEntity
  8
Multi-Layer
100
AcDbCircle
 10
83.05816611633236
 20
51.56210312420626
 30
0.0
 40
0.8500000000000001
0
HATCH
5
ed0
100
AcDbEntity
8
Multi-Layer
100
AcDbHatch
10
0
20
0
30
0
210
0
220
0
230
1
2
SOLID
70
1
71
0
91
1
92
7
72
1
73
1
93
2
10
82.20816611633236
20
51.56210312420626
42
1
10
83.90816611633235
20
51.56210312420626
42
1
97
1
330

75
0
76
1
47
0.8681437583925616
98
1
10
3.629517071192367
20
33.92795499968543
450
0
451
0
460
0
461
0
452
1
462
1
453
2
463
0
63
5
421
255
463
1
63
7
421
16777215
470
LINEAR
1001
ACAD
1010
0
1020
0
1030
0
  0
CIRCLE
  5
ed1
330
1F
100
AcDbEntity
  8
TopSolderMaskLayer
100
AcDbCircle
 10
80.518161036322
 20
51.56210312420626
 30
0.0
 40
0.5664484065211015
  0
CIRCLE
  5
ed2
330
1F
100
AcDbEntity
  8
TopSolderMaskLayer
100
AcDbCircle
 10
80.518161036322
 20
51.56210312420626
 30
0.0
 40
0.8754000508001016
0
HATCH
5
ed3
100
AcDbEntity
8
TopSolderMaskLayer
100
AcDbHatch
10
0
20
0
30
0
210
0
220
0
230
1
2
SOLID
70
1
71
0
91
1
92
7
72
1
73
1
93
2
10
79.6427609855219
20
51.56210312420626
42
1
10
81.3935610871221
20
51.56210312420626
42
1
97
1
330

75
0
76
1
47
0.8681437583925616
98
1
10
3.629517071192367
20
33.92795499968543
450
0
451
0
460
0
461
0
452
1
462
1
453
2
463
0
63
5
421
255
463
1
63
7
421
16777215
470
LINEAR
1001
ACAD
1010
0
1020
0
1030
0
  0
CIRCLE
  5
ed4
330
1F
100
AcDbEntity
  8
BottomSolderMaskLayer
100
AcDbCircle
 10
80.518161036322
 20
51.56210312420626
 30
0.0
 40
0.5664484065211015
  0
CIRCLE
  5
ed5
330
1F
100
AcDbEntity
  8
BottomSolderMaskLayer
100
AcDbCircle
 10
80.518161036322
 20
51.56210312420626
 30
0.0
 40
0.8754000508001016
0
HATCH
5
ed6
100
AcDbEntity
8
BottomSolderMaskLayer
100
AcDbHatch
10
0
20
0
30
0
210
0
220
0
230
1
2
SOLID
70
1
71
0
91
1
92
7
72
1
73
1
93
2
10
79.6427609855219
20
51.56210312420626
42
1
10
81.3935610871221
20
51.56210312420626
42
1
97
1
330

75
0
76
1
47
0.8681437583925616
98
1
10
3.629517071192367
20
33.92795499968543
450
0
451
0
460
0
461
0
452
1
462
1
453
2
463
0
63
5
421
255
463
1
63
7
421
16777215
470
LINEAR
1001
ACAD
1010
0
1020
0
1030
0
  0
CIRCLE
  5
ed7
330
1F
100
AcDbEntity
  8
Multi-Layer
100
AcDbCircle
 10
80.518161036322
 20
51.56210312420626
 30
0.0
 40
0.5500127000254001
  0
CIRCLE
  5
ed8
330
1F
100
AcDbEntity
  8
Multi-Layer
100
AcDbCircle
 10
80.518161036322
 20
51.56210312420626
 30
0.0
 40
0.8500000000000001
0
HATCH
5
ed9
100
AcDbEntity
8
Multi-Layer
100
AcDbHatch
10
0
20
0
30
0
210
0
220
0
230
1
2
SOLID
70
1
71
0
91
1
92
7
72
1
73
1
93
2
10
79.668161036322
20
51.56210312420626
42
1
10
81.368161036322
20
51.56210312420626
42
1
97
1
330

75
0
76
1
47
0.8681437583925616
98
1
10
3.629517071192367
20
33.92795499968543
450
0
451
0
460
0
461
0
452
1
462
1
453
2
463
0
63
5
421
255
463
1
63
7
421
16777215
470
LINEAR
1001
ACAD
1010
0
1020
0
1030
0
  0
CIRCLE
  5
eda
330
1F
100
AcDbEntity
  8
TopSolderMaskLayer
100
AcDbCircle
 10
77.97815595631187
 20
51.56210312420626
 30
0.0
 40
0.5664484065211015
  0
CIRCLE
  5
edb
330
1F
100
AcDbEntity
  8
TopSolderMaskLayer
100
AcDbCircle
 10
77.97815595631187
 20
51.56210312420626
 30
0.0
 40
0.8754000508001016
0
HATCH
5
edc
100
AcDbEntity
8
TopSolderMaskLayer
100
AcDbHatch
10
0
20
0
30
0
210
0
220
0
230
1
2
SOLID
70
1
71
0
91
1
92
7
72
1
73
1
93
2
10
77.10275590551177
20
51.56210312420626
42
1
10
78.85355600711196
20
51.56210312420626
42
1
97
1
330

75
0
76
1
47
0.8681437583925616
98
1
10
3.629517071192367
20
33.92795499968543
450
0
451
0
460
0
461
0
452
1
462
1
453
2
463
0
63
5
421
255
463
1
63
7
421
16777215
470
LINEAR
1001
ACAD
1010
0
1020
0
1030
0
  0
CIRCLE
  5
edd
330
1F
100
AcDbEntity
  8
BottomSolderMaskLayer
100
AcDbCircle
 10
77.97815595631187
 20
51.56210312420626
 30
0.0
 40
0.5664484065211015
  0
CIRCLE
  5
ede
330
1F
100
AcDbEntity
  8
BottomSolderMaskLayer
100
AcDbCircle
 10
77.97815595631187
 20
51.56210312420626
 30
0.0
 40
0.8754000508001016
0
HATCH
5
edf
100
AcDbEntity
8
BottomSolderMaskLayer
100
AcDbHatch
10
0
20
0
30
0
210
0
220
0
230
1
2
SOLID
70
1
71
0
91
1
92
7
72
1
73
1
93
2
10
77.10275590551177
20
51.56210312420626
42
1
10
78.85355600711196
20
51.56210312420626
42
1
97
1
330

75
0
76
1
47
0.8681437583925616
98
1
10
3.629517071192367
20
33.92795499968543
450
0
451
0
460
0
461
0
452
1
462
1
453
2
463
0
63
5
421
255
463
1
63
7
421
16777215
470
LINEAR
1001
ACAD
1010
0
1020
0
1030
0
  0
CIRCLE
  5
ee0
330
1F
100
AcDbEntity
  8
Multi-Layer
100
AcDbCircle
 10
77.97815595631187
 20
51.56210312420626
 30
0.0
 40
0.5500127000254001
  0
CIRCLE
  5
ee1
330
1F
100
AcDbEntity
  8
Multi-Layer
100
AcDbCircle
 10
77.97815595631187
 20
51.56210312420626
 30
0.0
 40
0.8500000000000001
0
HATCH
5
ee2
100
AcDbEntity
8
Multi-Layer
100
AcDbHatch
10
0
20
0
30
0
210
0
220
0
230
1
2
SOLID
70
1
71
0
91
1
92
7
72
1
73
1
93
2
10
77.12815595631187
20
51.56210312420626
42
1
10
78.82815595631186
20
51.56210312420626
42
1
97
1
330

75
0
76
1
47
0.8681437583925616
98
1
10
3.629517071192367
20
33.92795499968543
450
0
451
0
460
0
461
0
452
1
462
1
453
2
463
0
63
5
421
255
463
1
63
7
421
16777215
470
LINEAR
1001
ACAD
1010
0
1020
0
1030
0
  0
CIRCLE
  5
ee3
330
1F
100
AcDbEntity
  8
TopSolderMaskLayer
100
AcDbCircle
 10
75.43815087630173
 20
51.56210312420626
 30
0.0
 40
0.5664484065211015
  0
CIRCLE
  5
ee4
330
1F
100
AcDbEntity
  8
TopSolderMaskLayer
100
AcDbCircle
 10
75.43815087630173
 20
51.56210312420626
 30
0.0
 40
0.8754000508001016
0
HATCH
5
ee5
100
AcDbEntity
8
TopSolderMaskLayer
100
AcDbHatch
10
0
20
0
30
0
210
0
220
0
230
1
2
SOLID
70
1
71
0
91
1
92
7
72
1
73
1
93
2
10
74.56275082550164
20
51.56210312420626
42
1
10
76.31355092710183
20
51.56210312420626
42
1
97
1
330

75
0
76
1
47
0.8681437583925616
98
1
10
3.629517071192367
20
33.92795499968543
450
0
451
0
460
0
461
0
452
1
462
1
453
2
463
0
63
5
421
255
463
1
63
7
421
16777215
470
LINEAR
1001
ACAD
1010
0
1020
0
1030
0
  0
CIRCLE
  5
ee6
330
1F
100
AcDbEntity
  8
BottomSolderMaskLayer
100
AcDbCircle
 10
75.43815087630173
 20
51.56210312420626
 30
0.0
 40
0.5664484065211015
  0
CIRCLE
  5
ee7
330
1F
100
AcDbEntity
  8
BottomSolderMaskLayer
100
AcDbCircle
 10
75.43815087630173
 20
51.56210312420626
 30
0.0
 40
0.8754000508001016
0
HATCH
5
ee8
100
AcDbEntity
8
BottomSolderMaskLayer
100
AcDbHatch
10
0
20
0
30
0
210
0
220
0
230
1
2
SOLID
70
1
71
0
91
1
92
7
72
1
73
1
93
2
10
74.56275082550164
20
51.56210312420626
42
1
10
76.31355092710183
20
51.56210312420626
42
1
97
1
330

75
0
76
1
47
0.8681437583925616
98
1
10
3.629517071192367
20
33.92795499968543
450
0
451
0
460
0
461
0
452
1
462
1
453
2
463
0
63
5
421
255
463
1
63
7
421
16777215
470
LINEAR
1001
ACAD
1010
0
1020
0
1030
0
  0
CIRCLE
  5
ee9
330
1F
100
AcDbEntity
  8
Multi-Layer
100
AcDbCircle
 10
75.43815087630173
 20
51.56210312420626
 30
0.0
 40
0.5500127000254001
  0
CIRCLE
  5
eea
330
1F
100
AcDbEntity
  8
Multi-Layer
100
AcDbCircle
 10
75.43815087630173
 20
51.56210312420626
 30
0.0
 40
0.8500000000000001
0
HATCH
5
eeb
100
AcDbEntity
8
Multi-Layer
100
AcDbHatch
10
0
20
0
30
0
210
0
220
0
230
1
2
SOLID
70
1
71
0
91
1
92
7
72
1
73
1
93
2
10
74.58815087630174
20
51.56210312420626
42
1
10
76.28815087630173
20
51.56210312420626
42
1
97
1
330

75
0
76
1
47
0.8681437583925616
98
1
10
3.629517071192367
20
33.92795499968543
450
0
451
0
460
0
461
0
452
1
462
1
453
2
463
0
63
5
421
255
463
1
63
7
421
16777215
470
LINEAR
1001
ACAD
1010
0
1020
0
1030
0
  0
CIRCLE
  5
eec
330
1F
100
AcDbEntity
  8
TopSolderMaskLayer
100
AcDbCircle
 10
72.8981457962916
 20
51.56210312420626
 30
0.0
 40
0.5664484065211015
  0
CIRCLE
  5
eed
330
1F
100
AcDbEntity
  8
TopSolderMaskLayer
100
AcDbCircle
 10
72.8981457962916
 20
51.56210312420626
 30
0.0
 40
0.8754000508001016
0
HATCH
5
eee
100
AcDbEntity
8
TopSolderMaskLayer
100
AcDbHatch
10
0
20
0
30
0
210
0
220
0
230
1
2
SOLID
70
1
71
0
91
1
92
7
72
1
73
1
93
2
10
72.0227457454915
20
51.56210312420626
42
1
10
73.7735458470917
20
51.56210312420626
42
1
97
1
330

75
0
76
1
47
0.8681437583925616
98
1
10
3.629517071192367
20
33.92795499968543
450
0
451
0
460
0
461
0
452
1
462
1
453
2
463
0
63
5
421
255
463
1
63
7
421
16777215
470
LINEAR
1001
ACAD
1010
0
1020
0
1030
0
  0
CIRCLE
  5
eef
330
1F
100
AcDbEntity
  8
BottomSolderMaskLayer
100
AcDbCircle
 10
72.8981457962916
 20
51.56210312420626
 30
0.0
 40
0.5664484065211015
  0
CIRCLE
  5
ef0
330
1F
100
AcDbEntity
  8
BottomSolderMaskLayer
100
AcDbCircle
 10
72.8981457962916
 20
51.56210312420626
 30
0.0
 40
0.8754000508001016
0
HATCH
5
ef1
100
AcDbEntity
8
BottomSolderMaskLayer
100
AcDbHatch
10
0
20
0
30
0
210
0
220
0
230
1
2
SOLID
70
1
71
0
91
1
92
7
72
1
73
1
93
2
10
72.0227457454915
20
51.56210312420626
42
1
10
73.7735458470917
20
51.56210312420626
42
1
97
1
330

75
0
76
1
47
0.8681437583925616
98
1
10
3.629517071192367
20
33.92795499968543
450
0
451
0
460
0
461
0
452
1
462
1
453
2
463
0
63
5
421
255
463
1
63
7
421
16777215
470
LINEAR
1001
ACAD
1010
0
1020
0
1030
0
  0
CIRCLE
  5
ef2
330
1F
100
AcDbEntity
  8
Multi-Layer
100
AcDbCircle
 10
72.8981457962916
 20
51.56210312420626
 30
0.0
 40
0.5500127000254001
  0
CIRCLE
  5
ef3
330
1F
100
AcDbEntity
  8
Multi-Layer
100
AcDbCircle
 10
72.8981457962916
 20
51.56210312420626
 30
0.0
 40
0.8500000000000001
0
HATCH
5
ef4
100
AcDbEntity
8
Multi-Layer
100
AcDbHatch
10
0
20
0
30
0
210
0
220
0
230
1
2
SOLID
70
1
71
0
91
1
92
7
72
1
73
1
93
2
10
72.0481457962916
20
51.56210312420626
42
1
10
73.7481457962916
20
51.56210312420626
42
1
97
1
330

75
0
76
1
47
0.8681437583925616
98
1
10
3.629517071192367
20
33.92795499968543
450
0
451
0
460
0
461
0
452
1
462
1
453
2
463
0
63
5
421
255
463
1
63
7
421
16777215
470
LINEAR
1001
ACAD
1010
0
1020
0
1030
0
  0
CIRCLE
  5
efe
330
1F
100
AcDbEntity
  8
TopSolderMaskLayer
100
AcDbCircle
 10
33.46423672847345
 20
71.5643129286259
 30
0.0
 40
0.5664484065211015
  0
CIRCLE
  5
eff
330
1F
100
AcDbEntity
  8
TopSolderMaskLayer
100
AcDbCircle
 10
33.46423672847345
 20
71.5643129286259
 30
0.0
 40
0.8754000508001016
0
HATCH
5
f00
100
AcDbEntity
8
TopSolderMaskLayer
100
AcDbHatch
10
0
20
0
30
0
210
0
220
0
230
1
2
SOLID
70
1
71
0
91
1
92
7
72
1
73
1
93
2
10
32.58883667767335
20
71.5643129286259
42
1
10
34.339636779273555
20
71.5643129286259
42
1
97
1
330

75
0
76
1
47
0.8681437583925616
98
1
10
3.629517071192367
20
33.92795499968543
450
0
451
0
460
0
461
0
452
1
462
1
453
2
463
0
63
5
421
255
463
1
63
7
421
16777215
470
LINEAR
1001
ACAD
1010
0
1020
0
1030
0
  0
CIRCLE
  5
f01
330
1F
100
AcDbEntity
  8
BottomSolderMaskLayer
100
AcDbCircle
 10
33.46423672847345
 20
71.5643129286259
 30
0.0
 40
0.5664484065211015
  0
CIRCLE
  5
f02
330
1F
100
AcDbEntity
  8
BottomSolderMaskLayer
100
AcDbCircle
 10
33.46423672847345
 20
71.5643129286259
 30
0.0
 40
0.8754000508001016
0
HATCH
5
f03
100
AcDbEntity
8
BottomSolderMaskLayer
100
AcDbHatch
10
0
20
0
30
0
210
0
220
0
230
1
2
SOLID
70
1
71
0
91
1
92
7
72
1
73
1
93
2
10
32.58883667767335
20
71.5643129286259
42
1
10
34.339636779273555
20
71.5643129286259
42
1
97
1
330

75
0
76
1
47
0.8681437583925616
98
1
10
3.629517071192367
20
33.92795499968543
450
0
451
0
460
0
461
0
452
1
462
1
453
2
463
0
63
5
421
255
463
1
63
7
421
16777215
470
LINEAR
1001
ACAD
1010
0
1020
0
1030
0
  0
CIRCLE
  5
f04
330
1F
100
AcDbEntity
  8
Multi-Layer
100
AcDbCircle
 10
33.46423672847345
 20
71.5643129286259
 30
0.0
 40
0.5500127000254001
  0
CIRCLE
  5
f05
330
1F
100
AcDbEntity
  8
Multi-Layer
100
AcDbCircle
 10
33.46423672847345
 20
71.5643129286259
 30
0.0
 40
0.8500000000000001
0
HATCH
5
f06
100
AcDbEntity
8
Multi-Layer
100
AcDbHatch
10
0
20
0
30
0
210
0
220
0
230
1
2
SOLID
70
1
71
0
91
1
92
7
72
1
73
1
93
2
10
32.61423672847345
20
71.5643129286259
42
1
10
34.31423672847345
20
71.5643129286259
42
1
97
1
330

75
0
76
1
47
0.8681437583925616
98
1
10
3.629517071192367
20
33.92795499968543
450
0
451
0
460
0
461
0
452
1
462
1
453
2
463
0
63
5
421
255
463
1
63
7
421
16777215
470
LINEAR
1001
ACAD
1010
0
1020
0
1030
0
  0
CIRCLE
  5
f07
330
1F
100
AcDbEntity
  8
TopSolderMaskLayer
100
AcDbCircle
 10
31.668199136398243
 20
69.7682753365508
 30
0.0
 40
0.5664484065211015
  0
CIRCLE
  5
f08
330
1F
100
AcDbEntity
  8
TopSolderMaskLayer
100
AcDbCircle
 10
31.668199136398243
 20
69.7682753365508
 30
0.0
 40
0.8754000508001016
0
HATCH
5
f09
100
AcDbEntity
8
TopSolderMaskLayer
100
AcDbHatch
10
0
20
0
30
0
210
0
220
0
230
1
2
SOLID
70
1
71
0
91
1
92
7
72
1
73
1
93
2
10
30.79279908559814
20
69.7682753365508
42
1
10
32.543599187198346
20
69.7682753365508
42
1
97
1
330

75
0
76
1
47
0.8681437583925616
98
1
10
3.629517071192367
20
33.92795499968543
450
0
451
0
460
0
461
0
452
1
462
1
453
2
463
0
63
5
421
255
463
1
63
7
421
16777215
470
LINEAR
1001
ACAD
1010
0
1020
0
1030
0
  0
CIRCLE
  5
f0a
330
1F
100
AcDbEntity
  8
BottomSolderMaskLayer
100
AcDbCircle
 10
31.668199136398243
 20
69.7682753365508
 30
0.0
 40
0.5664484065211015
  0
CIRCLE
  5
f0b
330
1F
100
AcDbEntity
  8
BottomSolderMaskLayer
100
AcDbCircle
 10
31.668199136398243
 20
69.7682753365508
 30
0.0
 40
0.8754000508001016
0
HATCH
5
f0c
100
AcDbEntity
8
BottomSolderMaskLayer
100
AcDbHatch
10
0
20
0
30
0
210
0
220
0
230
1
2
SOLID
70
1
71
0
91
1
92
7
72
1
73
1
93
2
10
30.79279908559814
20
69.7682753365508
42
1
10
32.543599187198346
20
69.7682753365508
42
1
97
1
330

75
0
76
1
47
0.8681437583925616
98
1
10
3.629517071192367
20
33.92795499968543
450
0
451
0
460
0
461
0
452
1
462
1
453
2
463
0
63
5
421
255
463
1
63
7
421
16777215
470
LINEAR
1001
ACAD
1010
0
1020
0
1030
0
  0
CIRCLE
  5
f0d
330
1F
100
AcDbEntity
  8
Multi-Layer
100
AcDbCircle
 10
31.668199136398243
 20
69.7682753365508
 30
0.0
 40
0.5500127000254001
  0
CIRCLE
  5
f0e
330
1F
100
AcDbEntity
  8
Multi-Layer
100
AcDbCircle
 10
31.668199136398243
 20
69.7682753365508
 30
0.0
 40
0.8500000000000001
0
HATCH
5
f0f
100
AcDbEntity
8
Multi-Layer
100
AcDbHatch
10
0
20
0
30
0
210
0
220
0
230
1
2
SOLID
70
1
71
0
91
1
92
7
72
1
73
1
93
2
10
30.818199136398242
20
69.7682753365508
42
1
10
32.518199136398245
20
69.7682753365508
42
1
97
1
330

75
0
76
1
47
0.8681437583925616
98
1
10
3.629517071192367
20
33.92795499968543
450
0
451
0
460
0
461
0
452
1
462
1
453
2
463
0
63
5
421
255
463
1
63
7
421
16777215
470
LINEAR
1001
ACAD
1010
0
1020
0
1030
0
  0
CIRCLE
  5
f10
330
1F
100
AcDbEntity
  8
TopSolderMaskLayer
100
AcDbCircle
 10
29.872136144272417
 20
67.97221234442475
 30
0.0
 40
0.5664484065211015
  0
CIRCLE
  5
f11
330
1F
100
AcDbEntity
  8
TopSolderMaskLayer
100
AcDbCircle
 10
29.872136144272417
 20
67.97221234442475
 30
0.0
 40
0.8754000508001016
0
HATCH
5
f12
100
AcDbEntity
8
TopSolderMaskLayer
100
AcDbHatch
10
0
20
0
30
0
210
0
220
0
230
1
2
SOLID
70
1
71
0
91
1
92
7
72
1
73
1
93
2
10
28.996736093472315
20
67.97221234442475
42
1
10
30.74753619507252
20
67.97221234442475
42
1
97
1
330

75
0
76
1
47
0.8681437583925616
98
1
10
3.629517071192367
20
33.92795499968543
450
0
451
0
460
0
461
0
452
1
462
1
453
2
463
0
63
5
421
255
463
1
63
7
421
16777215
470
LINEAR
1001
ACAD
1010
0
1020
0
1030
0
  0
CIRCLE
  5
f13
330
1F
100
AcDbEntity
  8
BottomSolderMaskLayer
100
AcDbCircle
 10
29.872136144272417
 20
67.97221234442475
 30
0.0
 40
0.5664484065211015
  0
CIRCLE
  5
f14
330
1F
100
AcDbEntity
  8
BottomSolderMaskLayer
100
AcDbCircle
 10
29.872136144272417
 20
67.97221234442475
 30
0.0
 40
0.8754000508001016
0
HATCH
5
f15
100
AcDbEntity
8
BottomSolderMaskLayer
100
AcDbHatch
10
0
20
0
30
0
210
0
220
0
230
1
2
SOLID
70
1
71
0
91
1
92
7
72
1
73
1
93
2
10
28.996736093472315
20
67.97221234442475
42
1
10
30.74753619507252
20
67.97221234442475
42
1
97
1
330

75
0
76
1
47
0.8681437583925616
98
1
10
3.629517071192367
20
33.92795499968543
450
0
451
0
460
0
461
0
452
1
462
1
453
2
463
0
63
5
421
255
463
1
63
7
421
16777215
470
LINEAR
1001
ACAD
1010
0
1020
0
1030
0
  0
CIRCLE
  5
f16
330
1F
100
AcDbEntity
  8
Multi-Layer
100
AcDbCircle
 10
29.872136144272417
 20
67.97221234442475
 30
0.0
 40
0.5500127000254001
  0
CIRCLE
  5
f17
330
1F
100
AcDbEntity
  8
Multi-Layer
100
AcDbCircle
 10
29.872136144272417
 20
67.97221234442475
 30
0.0
 40
0.8500000000000001
0
HATCH
5
f18
100
AcDbEntity
8
Multi-Layer
100
AcDbHatch
10
0
20
0
30
0
210
0
220
0
230
1
2
SOLID
70
1
71
0
91
1
92
7
72
1
73
1
93
2
10
29.022136144272416
20
67.97221234442475
42
1
10
30.72213614427242
20
67.97221234442475
42
1
97
1
330

75
0
76
1
47
0.8681437583925616
98
1
10
3.629517071192367
20
33.92795499968543
450
0
451
0
460
0
461
0
452
1
462
1
453
2
463
0
63
5
421
255
463
1
63
7
421
16777215
470
LINEAR
1001
ACAD
1010
0
1020
0
1030
0
  0
CIRCLE
  5
f19
330
1F
100
AcDbEntity
  8
TopSolderMaskLayer
100
AcDbCircle
 10
28.076073152146364
 20
66.1761493522987
 30
0.0
 40
0.5664484065211015
  0
CIRCLE
  5
f1a
330
1F
100
AcDbEntity
  8
TopSolderMaskLayer
100
AcDbCircle
 10
28.076073152146364
 20
66.1761493522987
 30
0.0
 40
0.8754000508001016
0
HATCH
5
f1b
100
AcDbEntity
8
TopSolderMaskLayer
100
AcDbHatch
10
0
20
0
30
0
210
0
220
0
230
1
2
SOLID
70
1
71
0
91
1
92
7
72
1
73
1
93
2
10
27.20067310134626
20
66.1761493522987
42
1
10
28.951473202946467
20
66.1761493522987
42
1
97
1
330

75
0
76
1
47
0.8681437583925616
98
1
10
3.629517071192367
20
33.92795499968543
450
0
451
0
460
0
461
0
452
1
462
1
453
2
463
0
63
5
421
255
463
1
63
7
421
16777215
470
LINEAR
1001
ACAD
1010
0
1020
0
1030
0
  0
CIRCLE
  5
f1c
330
1F
100
AcDbEntity
  8
BottomSolderMaskLayer
100
AcDbCircle
 10
28.076073152146364
 20
66.1761493522987
 30
0.0
 40
0.5664484065211015
  0
CIRCLE
  5
f1d
330
1F
100
AcDbEntity
  8
BottomSolderMaskLayer
100
AcDbCircle
 10
28.076073152146364
 20
66.1761493522987
 30
0.0
 40
0.8754000508001016
0
HATCH
5
f1e
100
AcDbEntity
8
BottomSolderMaskLayer
100
AcDbHatch
10
0
20
0
30
0
210
0
220
0
230
1
2
SOLID
70
1
71
0
91
1
92
7
72
1
73
1
93
2
10
27.20067310134626
20
66.1761493522987
42
1
10
28.951473202946467
20
66.1761493522987
42
1
97
1
330

75
0
76
1
47
0.8681437583925616
98
1
10
3.629517071192367
20
33.92795499968543
450
0
451
0
460
0
461
0
452
1
462
1
453
2
463
0
63
5
421
255
463
1
63
7
421
16777215
470
LINEAR
1001
ACAD
1010
0
1020
0
1030
0
  0
CIRCLE
  5
f1f
330
1F
100
AcDbEntity
  8
Multi-Layer
100
AcDbCircle
 10
28.076073152146364
 20
66.1761493522987
 30
0.0
 40
0.5500127000254001
  0
CIRCLE
  5
f20
330
1F
100
AcDbEntity
  8
Multi-Layer
100
AcDbCircle
 10
28.076073152146364
 20
66.1761493522987
 30
0.0
 40
0.8500000000000001
0
HATCH
5
f21
100
AcDbEntity
8
Multi-Layer
100
AcDbHatch
10
0
20
0
30
0
210
0
220
0
230
1
2
SOLID
70
1
71
0
91
1
92
7
72
1
73
1
93
2
10
27.226073152146363
20
66.1761493522987
42
1
10
28.926073152146365
20
66.1761493522987
42
1
97
1
330

75
0
76
1
47
0.8681437583925616
98
1
10
3.629517071192367
20
33.92795499968543
450
0
451
0
460
0
461
0
452
1
462
1
453
2
463
0
63
5
421
255
463
1
63
7
421
16777215
470
LINEAR
1001
ACAD
1010
0
1020
0
1030
0
  0
CIRCLE
  5
f22
330
1F
100
AcDbEntity
  8
TopSolderMaskLayer
100
AcDbCircle
 10
26.280035560071155
 20
64.3801117602236
 30
0.0
 40
0.5664484065211015
  0
CIRCLE
  5
f23
330
1F
100
AcDbEntity
  8
TopSolderMaskLayer
100
AcDbCircle
 10
26.280035560071155
 20
64.3801117602236
 30
0.0
 40
0.8754000508001016
0
HATCH
5
f24
100
AcDbEntity
8
TopSolderMaskLayer
100
AcDbHatch
10
0
20
0
30
0
210
0
220
0
230
1
2
SOLID
70
1
71
0
91
1
92
7
72
1
73
1
93
2
10
25.404635509271053
20
64.3801117602236
42
1
10
27.15543561087126
20
64.3801117602236
42
1
97
1
330

75
0
76
1
47
0.8681437583925616
98
1
10
3.629517071192367
20
33.92795499968543
450
0
451
0
460
0
461
0
452
1
462
1
453
2
463
0
63
5
421
255
463
1
63
7
421
16777215
470
LINEAR
1001
ACAD
1010
0
1020
0
1030
0
  0
CIRCLE
  5
f25
330
1F
100
AcDbEntity
  8
BottomSolderMaskLayer
100
AcDbCircle
 10
26.280035560071155
 20
64.3801117602236
 30
0.0
 40
0.5664484065211015
  0
CIRCLE
  5
f26
330
1F
100
AcDbEntity
  8
BottomSolderMaskLayer
100
AcDbCircle
 10
26.280035560071155
 20
64.3801117602236
 30
0.0
 40
0.8754000508001016
0
HATCH
5
f27
100
AcDbEntity
8
BottomSolderMaskLayer
100
AcDbHatch
10
0
20
0
30
0
210
0
220
0
230
1
2
SOLID
70
1
71
0
91
1
92
7
72
1
73
1
93
2
10
25.404635509271053
20
64.3801117602236
42
1
10
27.15543561087126
20
64.3801117602236
42
1
97
1
330

75
0
76
1
47
0.8681437583925616
98
1
10
3.629517071192367
20
33.92795499968543
450
0
451
0
460
0
461
0
452
1
462
1
453
2
463
0
63
5
421
255
463
1
63
7
421
16777215
470
LINEAR
1001
ACAD
1010
0
1020
0
1030
0
  0
CIRCLE
  5
f28
330
1F
100
AcDbEntity
  8
Multi-Layer
100
AcDbCircle
 10
26.280035560071155
 20
64.3801117602236
 30
0.0
 40
0.5500127000254001
  0
CIRCLE
  5
f29
330
1F
100
AcDbEntity
  8
Multi-Layer
100
AcDbCircle
 10
26.280035560071155
 20
64.3801117602236
 30
0.0
 40
0.8500000000000001
0
HATCH
5
f2a
100
AcDbEntity
8
Multi-Layer
100
AcDbHatch
10
0
20
0
30
0
210
0
220
0
230
1
2
SOLID
70
1
71
0
91
1
92
7
72
1
73
1
93
2
10
25.430035560071154
20
64.3801117602236
42
1
10
27.130035560071157
20
64.3801117602236
42
1
97
1
330

75
0
76
1
47
0.8681437583925616
98
1
10
3.629517071192367
20
33.92795499968543
450
0
451
0
460
0
461
0
452
1
462
1
453
2
463
0
63
5
421
255
463
1
63
7
421
16777215
470
LINEAR
1001
ACAD
1010
0
1020
0
1030
0
  0
CIRCLE
  5
f2b
330
1F
100
AcDbEntity
  8
TopSolderMaskLayer
100
AcDbCircle
 10
24.483972567945102
 20
62.584048768097546
 30
0.0
 40
0.5664484065211015
  0
CIRCLE
  5
f2c
330
1F
100
AcDbEntity
  8
TopSolderMaskLayer
100
AcDbCircle
 10
24.483972567945102
 20
62.584048768097546
 30
0.0
 40
0.8754000508001016
0
HATCH
5
f2d
100
AcDbEntity
8
TopSolderMaskLayer
100
AcDbHatch
10
0
20
0
30
0
210
0
220
0
230
1
2
SOLID
70
1
71
0
91
1
92
7
72
1
73
1
93
2
10
23.608572517145
20
62.584048768097546
42
1
10
25.359372618745205
20
62.584048768097546
42
1
97
1
330

75
0
76
1
47
0.8681437583925616
98
1
10
3.629517071192367
20
33.92795499968543
450
0
451
0
460
0
461
0
452
1
462
1
453
2
463
0
63
5
421
255
463
1
63
7
421
16777215
470
LINEAR
1001
ACAD
1010
0
1020
0
1030
0
  0
CIRCLE
  5
f2e
330
1F
100
AcDbEntity
  8
BottomSolderMaskLayer
100
AcDbCircle
 10
24.483972567945102
 20
62.584048768097546
 30
0.0
 40
0.5664484065211015
  0
CIRCLE
  5
f2f
330
1F
100
AcDbEntity
  8
BottomSolderMaskLayer
100
AcDbCircle
 10
24.483972567945102
 20
62.584048768097546
 30
0.0
 40
0.8754000508001016
0
HATCH
5
f30
100
AcDbEntity
8
BottomSolderMaskLayer
100
AcDbHatch
10
0
20
0
30
0
210
0
220
0
230
1
2
SOLID
70
1
71
0
91
1
92
7
72
1
73
1
93
2
10
23.608572517145
20
62.584048768097546
42
1
10
25.359372618745205
20
62.584048768097546
42
1
97
1
330

75
0
76
1
47
0.8681437583925616
98
1
10
3.629517071192367
20
33.92795499968543
450
0
451
0
460
0
461
0
452
1
462
1
453
2
463
0
63
5
421
255
463
1
63
7
421
16777215
470
LINEAR
1001
ACAD
1010
0
1020
0
1030
0
  0
CIRCLE
  5
f31
330
1F
100
AcDbEntity
  8
Multi-Layer
100
AcDbCircle
 10
24.483972567945102
 20
62.584048768097546
 30
0.0
 40
0.5500127000254001
  0
CIRCLE
  5
f32
330
1F
100
AcDbEntity
  8
Multi-Layer
100
AcDbCircle
 10
24.483972567945102
 20
62.584048768097546
 30
0.0
 40
0.8500000000000001
0
HATCH
5
f33
100
AcDbEntity
8
Multi-Layer
100
AcDbHatch
10
0
20
0
30
0
210
0
220
0
230
1
2
SOLID
70
1
71
0
91
1
92
7
72
1
73
1
93
2
10
23.6339725679451
20
62.584048768097546
42
1
10
25.333972567945104
20
62.584048768097546
42
1
97
1
330

75
0
76
1
47
0.8681437583925616
98
1
10
3.629517071192367
20
33.92795499968543
450
0
451
0
460
0
461
0
452
1
462
1
453
2
463
0
63
5
421
255
463
1
63
7
421
16777215
470
LINEAR
1001
ACAD
1010
0
1020
0
1030
0
  0
CIRCLE
  5
f34
330
1F
100
AcDbEntity
  8
TopSolderMaskLayer
100
AcDbCircle
 10
22.68790957581905
 20
60.787985775971606
 30
0.0
 40
0.5664484065211015
  0
CIRCLE
  5
f35
330
1F
100
AcDbEntity
  8
TopSolderMaskLayer
100
AcDbCircle
 10
22.68790957581905
 20
60.787985775971606
 30
0.0
 40
0.8754000508001016
0
HATCH
5
f36
100
AcDbEntity
8
TopSolderMaskLayer
100
AcDbHatch
10
0
20
0
30
0
210
0
220
0
230
1
2
SOLID
70
1
71
0
91
1
92
7
72
1
73
1
93
2
10
21.812509525018946
20
60.787985775971606
42
1
10
23.56330962661915
20
60.787985775971606
42
1
97
1
330

75
0
76
1
47
0.8681437583925616
98
1
10
3.629517071192367
20
33.92795499968543
450
0
451
0
460
0
461
0
452
1
462
1
453
2
463
0
63
5
421
255
463
1
63
7
421
16777215
470
LINEAR
1001
ACAD
1010
0
1020
0
1030
0
  0
CIRCLE
  5
f37
330
1F
100
AcDbEntity
  8
BottomSolderMaskLayer
100
AcDbCircle
 10
22.68790957581905
 20
60.787985775971606
 30
0.0
 40
0.5664484065211015
  0
CIRCLE
  5
f38
330
1F
100
AcDbEntity
  8
BottomSolderMaskLayer
100
AcDbCircle
 10
22.68790957581905
 20
60.787985775971606
 30
0.0
 40
0.8754000508001016
0
HATCH
5
f39
100
AcDbEntity
8
BottomSolderMaskLayer
100
AcDbHatch
10
0
20
0
30
0
210
0
220
0
230
1
2
SOLID
70
1
71
0
91
1
92
7
72
1
73
1
93
2
10
21.812509525018946
20
60.787985775971606
42
1
10
23.56330962661915
20
60.787985775971606
42
1
97
1
330

75
0
76
1
47
0.8681437583925616
98
1
10
3.629517071192367
20
33.92795499968543
450
0
451
0
460
0
461
0
452
1
462
1
453
2
463
0
63
5
421
255
463
1
63
7
421
16777215
470
LINEAR
1001
ACAD
1010
0
1020
0
1030
0
  0
CIRCLE
  5
f3a
330
1F
100
AcDbEntity
  8
Multi-Layer
100
AcDbCircle
 10
22.68790957581905
 20
60.787985775971606
 30
0.0
 40
0.5500127000254001
  0
CIRCLE
  5
f3b
330
1F
100
AcDbEntity
  8
Multi-Layer
100
AcDbCircle
 10
22.68790957581905
 20
60.787985775971606
 30
0.0
 40
0.8500000000000001
0
HATCH
5
f3c
100
AcDbEntity
8
Multi-Layer
100
AcDbHatch
10
0
20
0
30
0
210
0
220
0
230
1
2
SOLID
70
1
71
0
91
1
92
7
72
1
73
1
93
2
10
21.837909575819047
20
60.787985775971606
42
1
10
23.53790957581905
20
60.787985775971606
42
1
97
1
330

75
0
76
1
47
0.8681437583925616
98
1
10
3.629517071192367
20
33.92795499968543
450
0
451
0
460
0
461
0
452
1
462
1
453
2
463
0
63
5
421
255
463
1
63
7
421
16777215
470
LINEAR
1001
ACAD
1010
0
1020
0
1030
0
  0
CIRCLE
  5
f46
330
1F
100
AcDbEntity
  8
TopSolderMaskLayer
100
AcDbCircle
 10
18.288036576073182
 20
51.56210312420626
 30
0.0
 40
0.5398101670755312
  0
CIRCLE
  5
f47
330
1F
100
AcDbEntity
  8
TopSolderMaskLayer
100
AcDbCircle
 10
18.288036576073182
 20
51.56210312420626
 30
0.0
 40
0.9254000508001016
0
HATCH
5
f48
100
AcDbEntity
8
TopSolderMaskLayer
100
AcDbHatch
10
0
20
0
30
0
210
0
220
0
230
1
2
SOLID
70
1
71
0
91
1
92
7
72
1
73
1
93
2
10
17.362636525273082
20
51.56210312420626
42
1
10
19.213436626873282
20
51.56210312420626
42
1
97
1
330

75
0
76
1
47
0.8681437583925616
98
1
10
3.629517071192367
20
33.92795499968543
450
0
451
0
460
0
461
0
452
1
462
1
453
2
463
0
63
5
421
255
463
1
63
7
421
16777215
470
LINEAR
1001
ACAD
1010
0
1020
0
1030
0
  0
CIRCLE
  5
f49
330
1F
100
AcDbEntity
  8
BottomSolderMaskLayer
100
AcDbCircle
 10
18.288036576073182
 20
51.56210312420626
 30
0.0
 40
0.5398101670755312
  0
CIRCLE
  5
f4a
330
1F
100
AcDbEntity
  8
BottomSolderMaskLayer
100
AcDbCircle
 10
18.288036576073182
 20
51.56210312420626
 30
0.0
 40
0.9254000508001016
0
HATCH
5
f4b
100
AcDbEntity
8
BottomSolderMaskLayer
100
AcDbHatch
10
0
20
0
30
0
210
0
220
0
230
1
2
SOLID
70
1
71
0
91
1
92
7
72
1
73
1
93
2
10
17.362636525273082
20
51.56210312420626
42
1
10
19.213436626873282
20
51.56210312420626
42
1
97
1
330

75
0
76
1
47
0.8681437583925616
98
1
10
3.629517071192367
20
33.92795499968543
450
0
451
0
460
0
461
0
452
1
462
1
453
2
463
0
63
5
421
255
463
1
63
7
421
16777215
470
LINEAR
1001
ACAD
1010
0
1020
0
1030
0
  0
CIRCLE
  5
f4c
330
1F
100
AcDbEntity
  8
Multi-Layer
100
AcDbCircle
 10
18.288036576073182
 20
51.56210312420626
 30
0.0
 40
0.5249936499873
  0
CIRCLE
  5
f4d
330
1F
100
AcDbEntity
  8
Multi-Layer
100
AcDbCircle
 10
18.288036576073182
 20
51.56210312420626
 30
0.0
 40
0.9000000000000001
0
HATCH
5
f4e
100
AcDbEntity
8
Multi-Layer
100
AcDbHatch
10
0
20
0
30
0
210
0
220
0
230
1
2
SOLID
70
1
71
0
91
1
92
7
72
1
73
1
93
2
10
17.388036576073183
20
51.56210312420626
42
1
10
19.18803657607318
20
51.56210312420626
42
1
97
1
330

75
0
76
1
47
0.8681437583925616
98
1
10
3.629517071192367
20
33.92795499968543
450
0
451
0
460
0
461
0
452
1
462
1
453
2
463
0
63
5
421
255
463
1
63
7
421
16777215
470
LINEAR
1001
ACAD
1010
0
1020
0
1030
0
  0
CIRCLE
  5
f4f
330
1F
100
AcDbEntity
  8
TopSolderMaskLayer
100
AcDbCircle
 10
20.828041656083315
 20
51.56210312420626
 30
0.0
 40
0.5398101670755312
  0
CIRCLE
  5
f50
330
1F
100
AcDbEntity
  8
TopSolderMaskLayer
100
AcDbCircle
 10
20.828041656083315
 20
51.56210312420626
 30
0.0
 40
0.9254000508001016
0
HATCH
5
f51
100
AcDbEntity
8
TopSolderMaskLayer
100
AcDbHatch
10
0
20
0
30
0
210
0
220
0
230
1
2
SOLID
70
1
71
0
91
1
92
7
72
1
73
1
93
2
10
19.902641605283215
20
51.56210312420626
42
1
10
21.753441706883414
20
51.56210312420626
42
1
97
1
330

75
0
76
1
47
0.8681437583925616
98
1
10
3.629517071192367
20
33.92795499968543
450
0
451
0
460
0
461
0
452
1
462
1
453
2
463
0
63
5
421
255
463
1
63
7
421
16777215
470
LINEAR
1001
ACAD
1010
0
1020
0
1030
0
  0
CIRCLE
  5
f52
330
1F
100
AcDbEntity
  8
BottomSolderMaskLayer
100
AcDbCircle
 10
20.828041656083315
 20
51.56210312420626
 30
0.0
 40
0.5398101670755312
  0
CIRCLE
  5
f53
330
1F
100
AcDbEntity
  8
BottomSolderMaskLayer
100
AcDbCircle
 10
20.828041656083315
 20
51.56210312420626
 30
0.0
 40
0.9254000508001016
0
HATCH
5
f54
100
AcDbEntity
8
BottomSolderMaskLayer
100
AcDbHatch
10
0
20
0
30
0
210
0
220
0
230
1
2
SOLID
70
1
71
0
91
1
92
7
72
1
73
1
93
2
10
19.902641605283215
20
51.56210312420626
42
1
10
21.753441706883414
20
51.56210312420626
42
1
97
1
330

75
0
76
1
47
0.8681437583925616
98
1
10
3.629517071192367
20
33.92795499968543
450
0
451
0
460
0
461
0
452
1
462
1
453
2
463
0
63
5
421
255
463
1
63
7
421
16777215
470
LINEAR
1001
ACAD
1010
0
1020
0
1030
0
  0
CIRCLE
  5
f55
330
1F
100
AcDbEntity
  8
Multi-Layer
100
AcDbCircle
 10
20.828041656083315
 20
51.56210312420626
 30
0.0
 40
0.5249936499873
  0
CIRCLE
  5
f56
330
1F
100
AcDbEntity
  8
Multi-Layer
100
AcDbCircle
 10
20.828041656083315
 20
51.56210312420626
 30
0.0
 40
0.9000000000000001
0
HATCH
5
f57
100
AcDbEntity
8
Multi-Layer
100
AcDbHatch
10
0
20
0
30
0
210
0
220
0
230
1
2
SOLID
70
1
71
0
91
1
92
7
72
1
73
1
93
2
10
19.928041656083316
20
51.56210312420626
42
1
10
21.728041656083313
20
51.56210312420626
42
1
97
1
330

75
0
76
1
47
0.8681437583925616
98
1
10
3.629517071192367
20
33.92795499968543
450
0
451
0
460
0
461
0
452
1
462
1
453
2
463
0
63
5
421
255
463
1
63
7
421
16777215
470
LINEAR
1001
ACAD
1010
0
1020
0
1030
0
  0
CIRCLE
  5
f58
330
1F
100
AcDbEntity
  8
TopSolderMaskLayer
100
AcDbCircle
 10
23.368046736093447
 20
51.56210312420626
 30
0.0
 40
0.5398101670755312
  0
CIRCLE
  5
f59
330
1F
100
AcDbEntity
  8
TopSolderMaskLayer
100
AcDbCircle
 10
23.368046736093447
 20
51.56210312420626
 30
0.0
 40
0.9254000508001016
0
HATCH
5
f5a
100
AcDbEntity
8
TopSolderMaskLayer
100
AcDbHatch
10
0
20
0
30
0
210
0
220
0
230
1
2
SOLID
70
1
71
0
91
1
92
7
72
1
73
1
93
2
10
22.442646685293347
20
51.56210312420626
42
1
10
24.293446786893547
20
51.56210312420626
42
1
97
1
330

75
0
76
1
47
0.8681437583925616
98
1
10
3.629517071192367
20
33.92795499968543
450
0
451
0
460
0
461
0
452
1
462
1
453
2
463
0
63
5
421
255
463
1
63
7
421
16777215
470
LINEAR
1001
ACAD
1010
0
1020
0
1030
0
  0
CIRCLE
  5
f5b
330
1F
100
AcDbEntity
  8
BottomSolderMaskLayer
100
AcDbCircle
 10
23.368046736093447
 20
51.56210312420626
 30
0.0
 40
0.5398101670755312
  0
CIRCLE
  5
f5c
330
1F
100
AcDbEntity
  8
BottomSolderMaskLayer
100
AcDbCircle
 10
23.368046736093447
 20
51.56210312420626
 30
0.0
 40
0.9254000508001016
0
HATCH
5
f5d
100
AcDbEntity
8
BottomSolderMaskLayer
100
AcDbHatch
10
0
20
0
30
0
210
0
220
0
230
1
2
SOLID
70
1
71
0
91
1
92
7
72
1
73
1
93
2
10
22.442646685293347
20
51.56210312420626
42
1
10
24.293446786893547
20
51.56210312420626
42
1
97
1
330

75
0
76
1
47
0.8681437583925616
98
1
10
3.629517071192367
20
33.92795499968543
450
0
451
0
460
0
461
0
452
1
462
1
453
2
463
0
63
5
421
255
463
1
63
7
421
16777215
470
LINEAR
1001
ACAD
1010
0
1020
0
1030
0
  0
CIRCLE
  5
f5e
330
1F
100
AcDbEntity
  8
Multi-Layer
100
AcDbCircle
 10
23.368046736093447
 20
51.56210312420626
 30
0.0
 40
0.5249936499873
  0
CIRCLE
  5
f5f
330
1F
100
AcDbEntity
  8
Multi-Layer
100
AcDbCircle
 10
23.368046736093447
 20
51.56210312420626
 30
0.0
 40
0.9000000000000001
0
HATCH
5
f60
100
AcDbEntity
8
Multi-Layer
100
AcDbHatch
10
0
20
0
30
0
210
0
220
0
230
1
2
SOLID
70
1
71
0
91
1
92
7
72
1
73
1
93
2
10
22.46804673609345
20
51.56210312420626
42
1
10
24.268046736093446
20
51.56210312420626
42
1
97
1
330

75
0
76
1
47
0.8681437583925616
98
1
10
3.629517071192367
20
33.92795499968543
450
0
451
0
460
0
461
0
452
1
462
1
453
2
463
0
63
5
421
255
463
1
63
7
421
16777215
470
LINEAR
1001
ACAD
1010
0
1020
0
1030
0
  0
CIRCLE
  5
f61
330
1F
100
AcDbEntity
  8
TopSolderMaskLayer
100
AcDbCircle
 10
25.90805181610358
 20
51.56210312420626
 30
0.0
 40
0.5398101670755312
  0
CIRCLE
  5
f62
330
1F
100
AcDbEntity
  8
TopSolderMaskLayer
100
AcDbCircle
 10
25.90805181610358
 20
51.56210312420626
 30
0.0
 40
0.9254000508001016
0
HATCH
5
f63
100
AcDbEntity
8
TopSolderMaskLayer
100
AcDbHatch
10
0
20
0
30
0
210
0
220
0
230
1
2
SOLID
70
1
71
0
91
1
92
7
72
1
73
1
93
2
10
24.98265176530348
20
51.56210312420626
42
1
10
26.83345186690368
20
51.56210312420626
42
1
97
1
330

75
0
76
1
47
0.8681437583925616
98
1
10
3.629517071192367
20
33.92795499968543
450
0
451
0
460
0
461
0
452
1
462
1
453
2
463
0
63
5
421
255
463
1
63
7
421
16777215
470
LINEAR
1001
ACAD
1010
0
1020
0
1030
0
  0
CIRCLE
  5
f64
330
1F
100
AcDbEntity
  8
BottomSolderMaskLayer
100
AcDbCircle
 10
25.90805181610358
 20
51.56210312420626
 30
0.0
 40
0.5398101670755312
  0
CIRCLE
  5
f65
330
1F
100
AcDbEntity
  8
BottomSolderMaskLayer
100
AcDbCircle
 10
25.90805181610358
 20
51.56210312420626
 30
0.0
 40
0.9254000508001016
0
HATCH
5
f66
100
AcDbEntity
8
BottomSolderMaskLayer
100
AcDbHatch
10
0
20
0
30
0
210
0
220
0
230
1
2
SOLID
70
1
71
0
91
1
92
7
72
1
73
1
93
2
10
24.98265176530348
20
51.56210312420626
42
1
10
26.83345186690368
20
51.56210312420626
42
1
97
1
330

75
0
76
1
47
0.8681437583925616
98
1
10
3.629517071192367
20
33.92795499968543
450
0
451
0
460
0
461
0
452
1
462
1
453
2
463
0
63
5
421
255
463
1
63
7
421
16777215
470
LINEAR
1001
ACAD
1010
0
1020
0
1030
0
  0
CIRCLE
  5
f67
330
1F
100
AcDbEntity
  8
Multi-Layer
100
AcDbCircle
 10
25.90805181610358
 20
51.56210312420626
 30
0.0
 40
0.5249936499873
  0
CIRCLE
  5
f68
330
1F
100
AcDbEntity
  8
Multi-Layer
100
AcDbCircle
 10
25.90805181610358
 20
51.56210312420626
 30
0.0
 40
0.9000000000000001
0
HATCH
5
f69
100
AcDbEntity
8
Multi-Layer
100
AcDbHatch
10
0
20
0
30
0
210
0
220
0
230
1
2
SOLID
70
1
71
0
91
1
92
7
72
1
73
1
93
2
10
25.00805181610358
20
51.56210312420626
42
1
10
26.80805181610358
20
51.56210312420626
42
1
97
1
330

75
0
76
1
47
0.8681437583925616
98
1
10
3.629517071192367
20
33.92795499968543
450
0
451
0
460
0
461
0
452
1
462
1
453
2
463
0
63
5
421
255
463
1
63
7
421
16777215
470
LINEAR
1001
ACAD
1010
0
1020
0
1030
0
  0
CIRCLE
  5
f6a
330
1F
100
AcDbEntity
  8
TopSolderMaskLayer
100
AcDbCircle
 10
28.448056896113712
 20
51.56210312420626
 30
0.0
 40
0.5398101670755312
  0
CIRCLE
  5
f6b
330
1F
100
AcDbEntity
  8
TopSolderMaskLayer
100
AcDbCircle
 10
28.448056896113712
 20
51.56210312420626
 30
0.0
 40
0.9254000508001016
0
HATCH
5
f6c
100
AcDbEntity
8
TopSolderMaskLayer
100
AcDbHatch
10
0
20
0
30
0
210
0
220
0
230
1
2
SOLID
70
1
71
0
91
1
92
7
72
1
73
1
93
2
10
27.522656845313612
20
51.56210312420626
42
1
10
29.373456946913812
20
51.56210312420626
42
1
97
1
330

75
0
76
1
47
0.8681437583925616
98
1
10
3.629517071192367
20
33.92795499968543
450
0
451
0
460
0
461
0
452
1
462
1
453
2
463
0
63
5
421
255
463
1
63
7
421
16777215
470
LINEAR
1001
ACAD
1010
0
1020
0
1030
0
  0
CIRCLE
  5
f6d
330
1F
100
AcDbEntity
  8
BottomSolderMaskLayer
100
AcDbCircle
 10
28.448056896113712
 20
51.56210312420626
 30
0.0
 40
0.5398101670755312
  0
CIRCLE
  5
f6e
330
1F
100
AcDbEntity
  8
BottomSolderMaskLayer
100
AcDbCircle
 10
28.448056896113712
 20
51.56210312420626
 30
0.0
 40
0.9254000508001016
0
HATCH
5
f6f
100
AcDbEntity
8
BottomSolderMaskLayer
100
AcDbHatch
10
0
20
0
30
0
210
0
220
0
230
1
2
SOLID
70
1
71
0
91
1
92
7
72
1
73
1
93
2
10
27.522656845313612
20
51.56210312420626
42
1
10
29.373456946913812
20
51.56210312420626
42
1
97
1
330

75
0
76
1
47
0.8681437583925616
98
1
10
3.629517071192367
20
33.92795499968543
450
0
451
0
460
0
461
0
452
1
462
1
453
2
463
0
63
5
421
255
463
1
63
7
421
16777215
470
LINEAR
1001
ACAD
1010
0
1020
0
1030
0
  0
CIRCLE
  5
f70
330
1F
100
AcDbEntity
  8
Multi-Layer
100
AcDbCircle
 10
28.448056896113712
 20
51.56210312420626
 30
0.0
 40
0.5249936499873
  0
CIRCLE
  5
f71
330
1F
100
AcDbEntity
  8
Multi-Layer
100
AcDbCircle
 10
28.448056896113712
 20
51.56210312420626
 30
0.0
 40
0.9000000000000001
0
HATCH
5
f72
100
AcDbEntity
8
Multi-Layer
100
AcDbHatch
10
0
20
0
30
0
210
0
220
0
230
1
2
SOLID
70
1
71
0
91
1
92
7
72
1
73
1
93
2
10
27.548056896113714
20
51.56210312420626
42
1
10
29.34805689611371
20
51.56210312420626
42
1
97
1
330

75
0
76
1
47
0.8681437583925616
98
1
10
3.629517071192367
20
33.92795499968543
450
0
451
0
460
0
461
0
452
1
462
1
453
2
463
0
63
5
421
255
463
1
63
7
421
16777215
470
LINEAR
1001
ACAD
1010
0
1020
0
1030
0
  0
CIRCLE
  5
f73
330
1F
100
AcDbEntity
  8
TopSolderMaskLayer
100
AcDbCircle
 10
30.988061976124072
 20
51.56210312420626
 30
0.0
 40
0.5398101670755312
  0
CIRCLE
  5
f74
330
1F
100
AcDbEntity
  8
TopSolderMaskLayer
100
AcDbCircle
 10
30.988061976124072
 20
51.56210312420626
 30
0.0
 40
0.9254000508001016
0
HATCH
5
f75
100
AcDbEntity
8
TopSolderMaskLayer
100
AcDbHatch
10
0
20
0
30
0
210
0
220
0
230
1
2
SOLID
70
1
71
0
91
1
92
7
72
1
73
1
93
2
10
30.062661925323972
20
51.56210312420626
42
1
10
31.913462026924172
20
51.56210312420626
42
1
97
1
330

75
0
76
1
47
0.8681437583925616
98
1
10
3.629517071192367
20
33.92795499968543
450
0
451
0
460
0
461
0
452
1
462
1
453
2
463
0
63
5
421
255
463
1
63
7
421
16777215
470
LINEAR
1001
ACAD
1010
0
1020
0
1030
0
  0
CIRCLE
  5
f76
330
1F
100
AcDbEntity
  8
BottomSolderMaskLayer
100
AcDbCircle
 10
30.988061976124072
 20
51.56210312420626
 30
0.0
 40
0.5398101670755312
  0
CIRCLE
  5
f77
330
1F
100
AcDbEntity
  8
BottomSolderMaskLayer
100
AcDbCircle
 10
30.988061976124072
 20
51.56210312420626
 30
0.0
 40
0.9254000508001016
0
HATCH
5
f78
100
AcDbEntity
8
BottomSolderMaskLayer
100
AcDbHatch
10
0
20
0
30
0
210
0
220
0
230
1
2
SOLID
70
1
71
0
91
1
92
7
72
1
73
1
93
2
10
30.062661925323972
20
51.56210312420626
42
1
10
31.913462026924172
20
51.56210312420626
42
1
97
1
330

75
0
76
1
47
0.8681437583925616
98
1
10
3.629517071192367
20
33.92795499968543
450
0
451
0
460
0
461
0
452
1
462
1
453
2
463
0
63
5
421
255
463
1
63
7
421
16777215
470
LINEAR
1001
ACAD
1010
0
1020
0
1030
0
  0
CIRCLE
  5
f79
330
1F
100
AcDbEntity
  8
Multi-Layer
100
AcDbCircle
 10
30.988061976124072
 20
51.56210312420626
 30
0.0
 40
0.5249936499873
  0
CIRCLE
  5
f7a
330
1F
100
AcDbEntity
  8
Multi-Layer
100
AcDbCircle
 10
30.988061976124072
 20
51.56210312420626
 30
0.0
 40
0.9000000000000001
0
HATCH
5
f7b
100
AcDbEntity
8
Multi-Layer
100
AcDbHatch
10
0
20
0
30
0
210
0
220
0
230
1
2
SOLID
70
1
71
0
91
1
92
7
72
1
73
1
93
2
10
30.088061976124074
20
51.56210312420626
42
1
10
31.88806197612407
20
51.56210312420626
42
1
97
1
330

75
0
76
1
47
0.8681437583925616
98
1
10
3.629517071192367
20
33.92795499968543
450
0
451
0
460
0
461
0
452
1
462
1
453
2
463
0
63
5
421
255
463
1
63
7
421
16777215
470
LINEAR
1001
ACAD
1010
0
1020
0
1030
0
  0
CIRCLE
  5
f7c
330
1F
100
AcDbEntity
  8
TopSolderMaskLayer
100
AcDbCircle
 10
33.528067056134205
 20
51.56210312420626
 30
0.0
 40
0.5398101670755312
  0
CIRCLE
  5
f7d
330
1F
100
AcDbEntity
  8
TopSolderMaskLayer
100
AcDbCircle
 10
33.528067056134205
 20
51.56210312420626
 30
0.0
 40
0.9254000508001016
0
HATCH
5
f7e
100
AcDbEntity
8
TopSolderMaskLayer
100
AcDbHatch
10
0
20
0
30
0
210
0
220
0
230
1
2
SOLID
70
1
71
0
91
1
92
7
72
1
73
1
93
2
10
32.602667005334105
20
51.56210312420626
42
1
10
34.453467106934305
20
51.56210312420626
42
1
97
1
330

75
0
76
1
47
0.8681437583925616
98
1
10
3.629517071192367
20
33.92795499968543
450
0
451
0
460
0
461
0
452
1
462
1
453
2
463
0
63
5
421
255
463
1
63
7
421
16777215
470
LINEAR
1001
ACAD
1010
0
1020
0
1030
0
  0
CIRCLE
  5
f7f
330
1F
100
AcDbEntity
  8
BottomSolderMaskLayer
100
AcDbCircle
 10
33.528067056134205
 20
51.56210312420626
 30
0.0
 40
0.5398101670755312
  0
CIRCLE
  5
f80
330
1F
100
AcDbEntity
  8
BottomSolderMaskLayer
100
AcDbCircle
 10
33.528067056134205
 20
51.56210312420626
 30
0.0
 40
0.9254000508001016
0
HATCH
5
f81
100
AcDbEntity
8
BottomSolderMaskLayer
100
AcDbHatch
10
0
20
0
30
0
210
0
220
0
230
1
2
SOLID
70
1
71
0
91
1
92
7
72
1
73
1
93
2
10
32.602667005334105
20
51.56210312420626
42
1
10
34.453467106934305
20
51.56210312420626
42
1
97
1
330

75
0
76
1
47
0.8681437583925616
98
1
10
3.629517071192367
20
33.92795499968543
450
0
451
0
460
0
461
0
452
1
462
1
453
2
463
0
63
5
421
255
463
1
63
7
421
16777215
470
LINEAR
1001
ACAD
1010
0
1020
0
1030
0
  0
CIRCLE
  5
f82
330
1F
100
AcDbEntity
  8
Multi-Layer
100
AcDbCircle
 10
33.528067056134205
 20
51.56210312420626
 30
0.0
 40
0.5249936499873
  0
CIRCLE
  5
f83
330
1F
100
AcDbEntity
  8
Multi-Layer
100
AcDbCircle
 10
33.528067056134205
 20
51.56210312420626
 30
0.0
 40
0.9000000000000001
0
HATCH
5
f84
100
AcDbEntity
8
Multi-Layer
100
AcDbHatch
10
0
20
0
30
0
210
0
220
0
230
1
2
SOLID
70
1
71
0
91
1
92
7
72
1
73
1
93
2
10
32.628067056134206
20
51.56210312420626
42
1
10
34.4280670561342
20
51.56210312420626
42
1
97
1
330

75
0
76
1
47
0.8681437583925616
98
1
10
3.629517071192367
20
33.92795499968543
450
0
451
0
460
0
461
0
452
1
462
1
453
2
463
0
63
5
421
255
463
1
63
7
421
16777215
470
LINEAR
1001
ACAD
1010
0
1020
0
1030
0
  0
CIRCLE
  5
f85
330
1F
100
AcDbEntity
  8
TopSolderMaskLayer
100
AcDbCircle
 10
36.06807213614434
 20
51.56210312420626
 30
0.0
 40
0.5398101670755312
  0
CIRCLE
  5
f86
330
1F
100
AcDbEntity
  8
TopSolderMaskLayer
100
AcDbCircle
 10
36.06807213614434
 20
51.56210312420626
 30
0.0
 40
0.9254000508001016
0
HATCH
5
f87
100
AcDbEntity
8
TopSolderMaskLayer
100
AcDbHatch
10
0
20
0
30
0
210
0
220
0
230
1
2
SOLID
70
1
71
0
91
1
92
7
72
1
73
1
93
2
10
35.14267208534424
20
51.56210312420626
42
1
10
36.99347218694444
20
51.56210312420626
42
1
97
1
330

75
0
76
1
47
0.8681437583925616
98
1
10
3.629517071192367
20
33.92795499968543
450
0
451
0
460
0
461
0
452
1
462
1
453
2
463
0
63
5
421
255
463
1
63
7
421
16777215
470
LINEAR
1001
ACAD
1010
0
1020
0
1030
0
  0
CIRCLE
  5
f88
330
1F
100
AcDbEntity
  8
BottomSolderMaskLayer
100
AcDbCircle
 10
36.06807213614434
 20
51.56210312420626
 30
0.0
 40
0.5398101670755312
  0
CIRCLE
  5
f89
330
1F
100
AcDbEntity
  8
BottomSolderMaskLayer
100
AcDbCircle
 10
36.06807213614434
 20
51.56210312420626
 30
0.0
 40
0.9254000508001016
0
HATCH
5
f8a
100
AcDbEntity
8
BottomSolderMaskLayer
100
AcDbHatch
10
0
20
0
30
0
210
0
220
0
230
1
2
SOLID
70
1
71
0
91
1
92
7
72
1
73
1
93
2
10
35.14267208534424
20
51.56210312420626
42
1
10
36.99347218694444
20
51.56210312420626
42
1
97
1
330

75
0
76
1
47
0.8681437583925616
98
1
10
3.629517071192367
20
33.92795499968543
450
0
451
0
460
0
461
0
452
1
462
1
453
2
463
0
63
5
421
255
463
1
63
7
421
16777215
470
LINEAR
1001
ACAD
1010
0
1020
0
1030
0
  0
CIRCLE
  5
f8b
330
1F
100
AcDbEntity
  8
Multi-Layer
100
AcDbCircle
 10
36.06807213614434
 20
51.56210312420626
 30
0.0
 40
0.5249936499873
  0
CIRCLE
  5
f8c
330
1F
100
AcDbEntity
  8
Multi-Layer
100
AcDbCircle
 10
36.06807213614434
 20
51.56210312420626
 30
0.0
 40
0.9000000000000001
0
HATCH
5
f8d
100
AcDbEntity
8
Multi-Layer
100
AcDbHatch
10
0
20
0
30
0
210
0
220
0
230
1
2
SOLID
70
1
71
0
91
1
92
7
72
1
73
1
93
2
10
35.16807213614434
20
51.56210312420626
42
1
10
36.968072136144336
20
51.56210312420626
42
1
97
1
330

75
0
76
1
47
0.8681437583925616
98
1
10
3.629517071192367
20
33.92795499968543
450
0
451
0
460
0
461
0
452
1
462
1
453
2
463
0
63
5
421
255
463
1
63
7
421
16777215
470
LINEAR
1001
ACAD
1010
0
1020
0
1030
0
  0
CIRCLE
  5
f8e
330
1F
100
AcDbEntity
  8
TopSolderMaskLayer
100
AcDbCircle
 10
38.60807721615447
 20
51.56210312420626
 30
0.0
 40
0.5398101670755312
  0
CIRCLE
  5
f8f
330
1F
100
AcDbEntity
  8
TopSolderMaskLayer
100
AcDbCircle
 10
38.60807721615447
 20
51.56210312420626
 30
0.0
 40
0.9254000508001016
0
HATCH
5
f90
100
AcDbEntity
8
TopSolderMaskLayer
100
AcDbHatch
10
0
20
0
30
0
210
0
220
0
230
1
2
SOLID
70
1
71
0
91
1
92
7
72
1
73
1
93
2
10
37.68267716535437
20
51.56210312420626
42
1
10
39.53347726695457
20
51.56210312420626
42
1
97
1
330

75
0
76
1
47
0.8681437583925616
98
1
10
3.629517071192367
20
33.92795499968543
450
0
451
0
460
0
461
0
452
1
462
1
453
2
463
0
63
5
421
255
463
1
63
7
421
16777215
470
LINEAR
1001
ACAD
1010
0
1020
0
1030
0
  0
CIRCLE
  5
f91
330
1F
100
AcDbEntity
  8
BottomSolderMaskLayer
100
AcDbCircle
 10
38.60807721615447
 20
51.56210312420626
 30
0.0
 40
0.5398101670755312
  0
CIRCLE
  5
f92
330
1F
100
AcDbEntity
  8
BottomSolderMaskLayer
100
AcDbCircle
 10
38.60807721615447
 20
51.56210312420626
 30
0.0
 40
0.9254000508001016
0
HATCH
5
f93
100
AcDbEntity
8
BottomSolderMaskLayer
100
AcDbHatch
10
0
20
0
30
0
210
0
220
0
230
1
2
SOLID
70
1
71
0
91
1
92
7
72
1
73
1
93
2
10
37.68267716535437
20
51.56210312420626
42
1
10
39.53347726695457
20
51.56210312420626
42
1
97
1
330

75
0
76
1
47
0.8681437583925616
98
1
10
3.629517071192367
20
33.92795499968543
450
0
451
0
460
0
461
0
452
1
462
1
453
2
463
0
63
5
421
255
463
1
63
7
421
16777215
470
LINEAR
1001
ACAD
1010
0
1020
0
1030
0
  0
CIRCLE
  5
f94
330
1F
100
AcDbEntity
  8
Multi-Layer
100
AcDbCircle
 10
38.60807721615447
 20
51.56210312420626
 30
0.0
 40
0.5249936499873
  0
CIRCLE
  5
f95
330
1F
100
AcDbEntity
  8
Multi-Layer
100
AcDbCircle
 10
38.60807721615447
 20
51.56210312420626
 30
0.0
 40
0.9000000000000001
0
HATCH
5
f96
100
AcDbEntity
8
Multi-Layer
100
AcDbHatch
10
0
20
0
30
0
210
0
220
0
230
1
2
SOLID
70
1
71
0
91
1
92
7
72
1
73
1
93
2
10
37.70807721615447
20
51.56210312420626
42
1
10
39.50807721615447
20
51.56210312420626
42
1
97
1
330

75
0
76
1
47
0.8681437583925616
98
1
10
3.629517071192367
20
33.92795499968543
450
0
451
0
460
0
461
0
452
1
462
1
453
2
463
0
63
5
421
255
463
1
63
7
421
16777215
470
LINEAR
1001
ACAD
1010
0
1020
0
1030
0
  0
CIRCLE
  5
f97
330
1F
100
AcDbEntity
  8
TopSolderMaskLayer
100
AcDbCircle
 10
41.1480822961646
 20
51.56210312420626
 30
0.0
 40
0.5398101670755312
  0
CIRCLE
  5
f98
330
1F
100
AcDbEntity
  8
TopSolderMaskLayer
100
AcDbCircle
 10
41.1480822961646
 20
51.56210312420626
 30
0.0
 40
0.9254000508001016
0
HATCH
5
f99
100
AcDbEntity
8
TopSolderMaskLayer
100
AcDbHatch
10
0
20
0
30
0
210
0
220
0
230
1
2
SOLID
70
1
71
0
91
1
92
7
72
1
73
1
93
2
10
40.2226822453645
20
51.56210312420626
42
1
10
42.0734823469647
20
51.56210312420626
42
1
97
1
330

75
0
76
1
47
0.8681437583925616
98
1
10
3.629517071192367
20
33.92795499968543
450
0
451
0
460
0
461
0
452
1
462
1
453
2
463
0
63
5
421
255
463
1
63
7
421
16777215
470
LINEAR
1001
ACAD
1010
0
1020
0
1030
0
  0
CIRCLE
  5
f9a
330
1F
100
AcDbEntity
  8
BottomSolderMaskLayer
100
AcDbCircle
 10
41.1480822961646
 20
51.56210312420626
 30
0.0
 40
0.5398101670755312
  0
CIRCLE
  5
f9b
330
1F
100
AcDbEntity
  8
BottomSolderMaskLayer
100
AcDbCircle
 10
41.1480822961646
 20
51.56210312420626
 30
0.0
 40
0.9254000508001016
0
HATCH
5
f9c
100
AcDbEntity
8
BottomSolderMaskLayer
100
AcDbHatch
10
0
20
0
30
0
210
0
220
0
230
1
2
SOLID
70
1
71
0
91
1
92
7
72
1
73
1
93
2
10
40.2226822453645
20
51.56210312420626
42
1
10
42.0734823469647
20
51.56210312420626
42
1
97
1
330

75
0
76
1
47
0.8681437583925616
98
1
10
3.629517071192367
20
33.92795499968543
450
0
451
0
460
0
461
0
452
1
462
1
453
2
463
0
63
5
421
255
463
1
63
7
421
16777215
470
LINEAR
1001
ACAD
1010
0
1020
0
1030
0
  0
CIRCLE
  5
f9d
330
1F
100
AcDbEntity
  8
Multi-Layer
100
AcDbCircle
 10
41.1480822961646
 20
51.56210312420626
 30
0.0
 40
0.5249936499873
  0
CIRCLE
  5
f9e
330
1F
100
AcDbEntity
  8
Multi-Layer
100
AcDbCircle
 10
41.1480822961646
 20
51.56210312420626
 30
0.0
 40
0.9000000000000001
0
HATCH
5
f9f
100
AcDbEntity
8
Multi-Layer
100
AcDbHatch
10
0
20
0
30
0
210
0
220
0
230
1
2
SOLID
70
1
71
0
91
1
92
7
72
1
73
1
93
2
10
40.248082296164604
20
51.56210312420626
42
1
10
42.0480822961646
20
51.56210312420626
42
1
97
1
330

75
0
76
1
47
0.8681437583925616
98
1
10
3.629517071192367
20
33.92795499968543
450
0
451
0
460
0
461
0
452
1
462
1
453
2
463
0
63
5
421
255
463
1
63
7
421
16777215
470
LINEAR
1001
ACAD
1010
0
1020
0
1030
0
  0
CIRCLE
  5
fa0
330
1F
100
AcDbEntity
  8
TopSolderMaskLayer
100
AcDbCircle
 10
43.688087376174735
 20
51.56210312420626
 30
0.0
 40
0.5398101670755312
  0
CIRCLE
  5
fa1
330
1F
100
AcDbEntity
  8
TopSolderMaskLayer
100
AcDbCircle
 10
43.688087376174735
 20
51.56210312420626
 30
0.0
 40
0.9254000508001016
0
HATCH
5
fa2
100
AcDbEntity
8
TopSolderMaskLayer
100
AcDbHatch
10
0
20
0
30
0
210
0
220
0
230
1
2
SOLID
70
1
71
0
91
1
92
7
72
1
73
1
93
2
10
42.762687325374635
20
51.56210312420626
42
1
10
44.613487426974835
20
51.56210312420626
42
1
97
1
330

75
0
76
1
47
0.8681437583925616
98
1
10
3.629517071192367
20
33.92795499968543
450
0
451
0
460
0
461
0
452
1
462
1
453
2
463
0
63
5
421
255
463
1
63
7
421
16777215
470
LINEAR
1001
ACAD
1010
0
1020
0
1030
0
  0
CIRCLE
  5
fa3
330
1F
100
AcDbEntity
  8
BottomSolderMaskLayer
100
AcDbCircle
 10
43.688087376174735
 20
51.56210312420626
 30
0.0
 40
0.5398101670755312
  0
CIRCLE
  5
fa4
330
1F
100
AcDbEntity
  8
BottomSolderMaskLayer
100
AcDbCircle
 10
43.688087376174735
 20
51.56210312420626
 30
0.0
 40
0.9254000508001016
0
HATCH
5
fa5
100
AcDbEntity
8
BottomSolderMaskLayer
100
AcDbHatch
10
0
20
0
30
0
210
0
220
0
230
1
2
SOLID
70
1
71
0
91
1
92
7
72
1
73
1
93
2
10
42.762687325374635
20
51.56210312420626
42
1
10
44.613487426974835
20
51.56210312420626
42
1
97
1
330

75
0
76
1
47
0.8681437583925616
98
1
10
3.629517071192367
20
33.92795499968543
450
0
451
0
460
0
461
0
452
1
462
1
453
2
463
0
63
5
421
255
463
1
63
7
421
16777215
470
LINEAR
1001
ACAD
1010
0
1020
0
1030
0
  0
CIRCLE
  5
fa6
330
1F
100
AcDbEntity
  8
Multi-Layer
100
AcDbCircle
 10
43.688087376174735
 20
51.56210312420626
 30
0.0
 40
0.5249936499873
  0
CIRCLE
  5
fa7
330
1F
100
AcDbEntity
  8
Multi-Layer
100
AcDbCircle
 10
43.688087376174735
 20
51.56210312420626
 30
0.0
 40
0.9000000000000001
0
HATCH
5
fa8
100
AcDbEntity
8
Multi-Layer
100
AcDbHatch
10
0
20
0
30
0
210
0
220
0
230
1
2
SOLID
70
1
71
0
91
1
92
7
72
1
73
1
93
2
10
42.78808737617474
20
51.56210312420626
42
1
10
44.588087376174734
20
51.56210312420626
42
1
97
1
330

75
0
76
1
47
0.8681437583925616
98
1
10
3.629517071192367
20
33.92795499968543
450
0
451
0
460
0
461
0
452
1
462
1
453
2
463
0
63
5
421
255
463
1
63
7
421
16777215
470
LINEAR
1001
ACAD
1010
0
1020
0
1030
0
  0
CIRCLE
  5
fa9
330
1F
100
AcDbEntity
  8
TopSolderMaskLayer
100
AcDbCircle
 10
46.22809245618487
 20
51.56210312420626
 30
0.0
 40
0.5398101670755312
  0
CIRCLE
  5
faa
330
1F
100
AcDbEntity
  8
TopSolderMaskLayer
100
AcDbCircle
 10
46.22809245618487
 20
51.56210312420626
 30
0.0
 40
0.9254000508001016
0
HATCH
5
fab
100
AcDbEntity
8
TopSolderMaskLayer
100
AcDbHatch
10
0
20
0
30
0
210
0
220
0
230
1
2
SOLID
70
1
71
0
91
1
92
7
72
1
73
1
93
2
10
45.30269240538477
20
51.56210312420626
42
1
10
47.15349250698497
20
51.56210312420626
42
1
97
1
330

75
0
76
1
47
0.8681437583925616
98
1
10
3.629517071192367
20
33.92795499968543
450
0
451
0
460
0
461
0
452
1
462
1
453
2
463
0
63
5
421
255
463
1
63
7
421
16777215
470
LINEAR
1001
ACAD
1010
0
1020
0
1030
0
  0
CIRCLE
  5
fac
330
1F
100
AcDbEntity
  8
BottomSolderMaskLayer
100
AcDbCircle
 10
46.22809245618487
 20
51.56210312420626
 30
0.0
 40
0.5398101670755312
  0
CIRCLE
  5
fad
330
1F
100
AcDbEntity
  8
BottomSolderMaskLayer
100
AcDbCircle
 10
46.22809245618487
 20
51.56210312420626
 30
0.0
 40
0.9254000508001016
0
HATCH
5
fae
100
AcDbEntity
8
BottomSolderMaskLayer
100
AcDbHatch
10
0
20
0
30
0
210
0
220
0
230
1
2
SOLID
70
1
71
0
91
1
92
7
72
1
73
1
93
2
10
45.30269240538477
20
51.56210312420626
42
1
10
47.15349250698497
20
51.56210312420626
42
1
97
1
330

75
0
76
1
47
0.8681437583925616
98
1
10
3.629517071192367
20
33.92795499968543
450
0
451
0
460
0
461
0
452
1
462
1
453
2
463
0
63
5
421
255
463
1
63
7
421
16777215
470
LINEAR
1001
ACAD
1010
0
1020
0
1030
0
  0
CIRCLE
  5
faf
330
1F
100
AcDbEntity
  8
Multi-Layer
100
AcDbCircle
 10
46.22809245618487
 20
51.56210312420626
 30
0.0
 40
0.5249936499873
  0
CIRCLE
  5
fb0
330
1F
100
AcDbEntity
  8
Multi-Layer
100
AcDbCircle
 10
46.22809245618487
 20
51.56210312420626
 30
0.0
 40
0.9000000000000001
0
HATCH
5
fb1
100
AcDbEntity
8
Multi-Layer
100
AcDbHatch
10
0
20
0
30
0
210
0
220
0
230
1
2
SOLID
70
1
71
0
91
1
92
7
72
1
73
1
93
2
10
45.32809245618487
20
51.56210312420626
42
1
10
47.128092456184866
20
51.56210312420626
42
1
97
1
330

75
0
76
1
47
0.8681437583925616
98
1
10
3.629517071192367
20
33.92795499968543
450
0
451
0
460
0
461
0
452
1
462
1
453
2
463
0
63
5
421
255
463
1
63
7
421
16777215
470
LINEAR
1001
ACAD
1010
0
1020
0
1030
0
0
HATCH
5
65a
100
AcDbEntity
8
TopSolderMaskLayer
100
AcDbHatch
10
0
20
0
30
0
210
0
220
0
230
1
2
SOLID
70
1
71
0
91
1
92
7
72
0
73
1
93
4
10
81.43657526669904
20
82.44658508170062
10
81.43657526669904
20
83.29174072756746
10
82.39375239395645
20
83.29174072756746
10
82.39375239395645
20
82.44658508170062
97
1
330

75
0
76
1
47
0.4128176842155181
98
1
10
34.90568961886538
20
22.81183545379326
450
0
451
0
460
0
461
0
452
1
462
1
453
2
463
0
63
5
421
255
463
1
63
7
421
16777215
470
LINEAR
1001
ACAD
1010
0
1020
0
1030
0
0
HATCH
5
65d
100
AcDbEntity
8
TopPasteMaskLayer
100
AcDbHatch
10
0
20
0
30
0
210
0
220
0
230
1
2
SOLID
70
1
71
0
91
1
92
7
72
0
73
1
93
4
10
81.46515113030227
20
82.46916433832871
10
81.46515113030227
20
83.26916433832878
10
82.36517653035321
20
83.26916433832878
10
82.36517653035321
20
82.46916433832871
97
1
330

75
0
76
1
47
0.4128176842155181
98
1
10
34.90568961886538
20
22.81183545379326
450
0
451
0
460
0
461
0
452
1
462
1
453
2
463
0
63
5
421
255
463
1
63
7
421
16777215
470
LINEAR
1001
ACAD
1010
0
1020
0
1030
0
0
HATCH
5
660
100
AcDbEntity
8
TopLayer
100
AcDbHatch
10
0
20
0
30
0
210
0
220
0
230
1
2
SOLID
70
1
71
0
91
1
92
7
72
0
73
1
93
4
10
81.46515113030227
20
82.46916433832871
10
81.46515113030227
20
83.26916433832878
10
82.36517653035321
20
83.26916433832878
10
82.36517653035321
20
82.46916433832871
97
1
330

75
0
76
1
47
0.4128176842155181
98
1
10
34.90568961886538
20
22.81183545379326
450
0
451
0
460
0
461
0
452
1
462
1
453
2
463
0
63
5
421
255
463
1
63
7
421
16777215
470
LINEAR
1001
ACAD
1010
0
1020
0
1030
0
0
HATCH
5
663
100
AcDbEntity
8
TopSolderMaskLayer
100
AcDbHatch
10
0
20
0
30
0
210
0
220
0
230
1
2
SOLID
70
1
71
0
91
1
92
7
72
0
73
1
93
4
10
81.43657526669904
20
81.04658794908994
10
81.43657526669904
20
81.89174359495678
10
82.39375239395645
20
81.89174359495678
10
82.39375239395645
20
81.04658794908994
97
1
330

75
0
76
1
47
0.4128176842155181
98
1
10
34.90568961886538
20
22.81183545379326
450
0
451
0
460
0
461
0
452
1
462
1
453
2
463
0
63
5
421
255
463
1
63
7
421
16777215
470
LINEAR
1001
ACAD
1010
0
1020
0
1030
0
0
HATCH
5
666
100
AcDbEntity
8
TopPasteMaskLayer
100
AcDbHatch
10
0
20
0
30
0
210
0
220
0
230
1
2
SOLID
70
1
71
0
91
1
92
7
72
0
73
1
93
4
10
81.46515113030227
20
81.06916433832873
10
81.46515113030227
20
81.8691643383288
10
82.36517653035321
20
81.8691643383288
10
82.36517653035321
20
81.06916433832873
97
1
330

75
0
76
1
47
0.4128176842155181
98
1
10
34.90568961886538
20
22.81183545379326
450
0
451
0
460
0
461
0
452
1
462
1
453
2
463
0
63
5
421
255
463
1
63
7
421
16777215
470
LINEAR
1001
ACAD
1010
0
1020
0
1030
0
0
HATCH
5
669
100
AcDbEntity
8
TopLayer
100
AcDbHatch
10
0
20
0
30
0
210
0
220
0
230
1
2
SOLID
70
1
71
0
91
1
92
7
72
0
73
1
93
4
10
81.46515113030227
20
81.06916433832873
10
81.46515113030227
20
81.8691643383288
10
82.36517653035321
20
81.8691643383288
10
82.36517653035321
20
81.06916433832873
97
1
330

75
0
76
1
47
0.4128176842155181
98
1
10
34.90568961886538
20
22.81183545379326
450
0
451
0
460
0
461
0
452
1
462
1
453
2
463
0
63
5
421
255
463
1
63
7
421
16777215
470
LINEAR
1001
ACAD
1010
0
1020
0
1030
0
0
HATCH
5
66c
100
AcDbEntity
8
TopSolderMaskLayer
100
AcDbHatch
10
0
20
0
30
0
210
0
220
0
230
1
2
SOLID
70
1
71
0
91
1
92
7
72
0
73
1
93
4
10
77.1867419799355
20
72.87472556092075
10
77.1867419799355
20
72.02956991505391
10
76.2295648526781
20
72.02956991505391
10
76.2295648526781
20
72.87472556092075
97
1
330

75
0
76
1
47
0.4128176842155181
98
1
10
34.90568961886538
20
22.81183545379326
450
0
451
0
460
0
461
0
452
1
462
1
453
2
463
0
63
5
421
255
463
1
63
7
421
16777215
470
LINEAR
1001
ACAD
1010
0
1020
0
1030
0
0
HATCH
5
66f
100
AcDbEntity
8
TopPasteMaskLayer
100
AcDbHatch
10
0
20
0
30
0
210
0
220
0
230
1
2
SOLID
70
1
71
0
91
1
92
7
72
0
73
1
93
4
10
77.15816611633227
20
72.85214630429266
10
77.15816611633227
20
72.0521463042927
10
76.25814071628133
20
72.0521463042927
10
76.25814071628133
20
72.85214630429266
97
1
330

75
0
76
1
47
0.4128176842155181
98
1
10
34.90568961886538
20
22.81183545379326
450
0
451
0
460
0
461
0
452
1
462
1
453
2
463
0
63
5
421
255
463
1
63
7
421
16777215
470
LINEAR
1001
ACAD
1010
0
1020
0
1030
0
0
HATCH
5
672
100
AcDbEntity
8
TopLayer
100
AcDbHatch
10
0
20
0
30
0
210
0
220
0
230
1
2
SOLID
70
1
71
0
91
1
92
7
72
0
73
1
93
4
10
77.15816611633227
20
72.85214630429266
10
77.15816611633227
20
72.0521463042927
10
76.25814071628133
20
72.0521463042927
10
76.25814071628133
20
72.85214630429266
97
1
330

75
0
76
1
47
0.4128176842155181
98
1
10
34.90568961886538
20
22.81183545379326
450
0
451
0
460
0
461
0
452
1
462
1
453
2
463
0
63
5
421
255
463
1
63
7
421
16777215
470
LINEAR
1001
ACAD
1010
0
1020
0
1030
0
0
HATCH
5
675
100
AcDbEntity
8
TopSolderMaskLayer
100
AcDbHatch
10
0
20
0
30
0
210
0
220
0
230
1
2
SOLID
70
1
71
0
91
1
92
7
72
0
73
1
93
4
10
77.1867419799355
20
74.27472269353143
10
77.1867419799355
20
73.42956704766459
10
76.2295648526781
20
73.42956704766459
10
76.2295648526781
20
74.27472269353143
97
1
330

75
0
76
1
47
0.4128176842155181
98
1
10
34.90568961886538
20
22.81183545379326
450
0
451
0
460
0
461
0
452
1
462
1
453
2
463
0
63
5
421
255
463
1
63
7
421
16777215
470
LINEAR
1001
ACAD
1010
0
1020
0
1030
0
0
HATCH
5
678
100
AcDbEntity
8
TopPasteMaskLayer
100
AcDbHatch
10
0
20
0
30
0
210
0
220
0
230
1
2
SOLID
70
1
71
0
91
1
92
7
72
0
73
1
93
4
10
77.15816611633227
20
74.25214630429264
10
77.15816611633227
20
73.45214630429257
10
76.25814071628133
20
73.45214630429257
10
76.25814071628133
20
74.25214630429264
97
1
330

75
0
76
1
47
0.4128176842155181
98
1
10
34.90568961886538
20
22.81183545379326
450
0
451
0
460
0
461
0
452
1
462
1
453
2
463
0
63
5
421
255
463
1
63
7
421
16777215
470
LINEAR
1001
ACAD
1010
0
1020
0
1030
0
0
HATCH
5
67b
100
AcDbEntity
8
TopLayer
100
AcDbHatch
10
0
20
0
30
0
210
0
220
0
230
1
2
SOLID
70
1
71
0
91
1
92
7
72
0
73
1
93
4
10
77.15816611633227
20
74.25214630429264
10
77.15816611633227
20
73.45214630429257
10
76.25814071628133
20
73.45214630429257
10
76.25814071628133
20
74.25214630429264
97
1
330

75
0
76
1
47
0.4128176842155181
98
1
10
34.90568961886538
20
22.81183545379326
450
0
451
0
460
0
461
0
452
1
462
1
453
2
463
0
63
5
421
255
463
1
63
7
421
16777215
470
LINEAR
1001
ACAD
1010
0
1020
0
1030
0
0
HATCH
5
67e
100
AcDbEntity
8
TopSolderMaskLayer
100
AcDbHatch
10
0
20
0
30
0
210
0
220
0
230
1
2
SOLID
70
1
71
0
91
1
92
7
72
0
73
1
93
4
10
81.25956473203269
20
69.24772597860613
10
80.40876463043242
20
69.24772597860613
10
80.40876463043242
20
70.19855291395174
10
81.25956473203269
20
70.19855291395174
97
1
330

75
0
76
1
47
0.4128176842155181
98
1
10
34.90568961886538
20
22.81183545379326
450
0
451
0
460
0
461
0
452
1
462
1
453
2
463
0
63
5
421
255
463
1
63
7
421
16777215
470
LINEAR
1001
ACAD
1010
0
1020
0
1030
0
0
HATCH
5
681
100
AcDbEntity
8
TopPasteMaskLayer
100
AcDbHatch
10
0
20
0
30
0
210
0
220
0
230
1
2
SOLID
70
1
71
0
91
1
92
7
72
0
73
1
93
4
10
81.23416306832632
20
69.27312674625364
10
80.43416306832614
20
69.27312674625364
10
80.43416306832614
20
70.17315214630423
10
81.23416306832632
20
70.17315214630423
97
1
330

75
0
76
1
47
0.4128176842155181
98
1
10
34.90568961886538
20
22.81183545379326
450
0
451
0
460
0
461
0
452
1
462
1
453
2
463
0
63
5
421
255
463
1
63
7
421
16777215
470
LINEAR
1001
ACAD
1010
0
1020
0
1030
0
0
HATCH
5
684
100
AcDbEntity
8
TopLayer
100
AcDbHatch
10
0
20
0
30
0
210
0
220
0
230
1
2
SOLID
70
1
71
0
91
1
92
7
72
0
73
1
93
4
10
81.23416306832632
20
69.27312674625364
10
80.43416306832614
20
69.27312674625364
10
80.43416306832614
20
70.17315214630423
10
81.23416306832632
20
70.17315214630423
97
1
330

75
0
76
1
47
0.4128176842155181
98
1
10
34.90568961886538
20
22.81183545379326
450
0
451
0
460
0
461
0
452
1
462
1
453
2
463
0
63
5
421
255
463
1
63
7
421
16777215
470
LINEAR
1001
ACAD
1010
0
1020
0
1030
0
0
HATCH
5
687
100
AcDbEntity
8
TopSolderMaskLayer
100
AcDbHatch
10
0
20
0
30
0
210
0
220
0
230
1
2
SOLID
70
1
71
0
91
1
92
7
72
0
73
1
93
4
10
82.65956150621992
20
69.24772597860613
10
81.80876140461964
20
69.24772597860613
10
81.80876140461964
20
70.19855291395174
10
82.65956150621992
20
70.19855291395174
97
1
330

75
0
76
1
47
0.4128176842155181
98
1
10
34.90568961886538
20
22.81183545379326
450
0
451
0
460
0
461
0
452
1
462
1
453
2
463
0
63
5
421
255
463
1
63
7
421
16777215
470
LINEAR
1001
ACAD
1010
0
1020
0
1030
0
0
HATCH
5
68a
100
AcDbEntity
8
TopPasteMaskLayer
100
AcDbHatch
10
0
20
0
30
0
210
0
220
0
230
1
2
SOLID
70
1
71
0
91
1
92
7
72
0
73
1
93
4
10
82.63416306832619
20
69.27312674625364
10
81.834163068326
20
69.27312674625364
10
81.834163068326
20
70.17315214630423
10
82.63416306832619
20
70.17315214630423
97
1
330

75
0
76
1
47
0.4128176842155181
98
1
10
34.90568961886538
20
22.81183545379326
450
0
451
0
460
0
461
0
452
1
462
1
453
2
463
0
63
5
421
255
463
1
63
7
421
16777215
470
LINEAR
1001
ACAD
1010
0
1020
0
1030
0
0
HATCH
5
68d
100
AcDbEntity
8
TopLayer
100
AcDbHatch
10
0
20
0
30
0
210
0
220
0
230
1
2
SOLID
70
1
71
0
91
1
92
7
72
0
73
1
93
4
10
82.63416306832619
20
69.27312674625364
10
81.834163068326
20
69.27312674625364
10
81.834163068326
20
70.17315214630423
10
82.63416306832619
20
70.17315214630423
97
1
330

75
0
76
1
47
0.4128176842155181
98
1
10
34.90568961886538
20
22.81183545379326
450
0
451
0
460
0
461
0
452
1
462
1
453
2
463
0
63
5
421
255
463
1
63
7
421
16777215
470
LINEAR
1001
ACAD
1010
0
1020
0
1030
0
0
HATCH
5
690
100
AcDbEntity
8
TopSolderMaskLayer
100
AcDbHatch
10
0
20
0
30
0
210
0
220
0
230
1
2
SOLID
70
1
71
0
91
1
92
7
72
0
73
1
93
4
10
80.87856397003111
20
60.99270946857314
10
80.02776386843084
20
60.99270946857314
10
80.02776386843084
20
61.94353640391864
10
80.87856397003111
20
61.94353640391864
97
1
330

75
0
76
1
47
0.4128176842155181
98
1
10
34.90568961886538
20
22.81183545379326
450
0
451
0
460
0
461
0
452
1
462
1
453
2
463
0
63
5
421
255
463
1
63
7
421
16777215
470
LINEAR
1001
ACAD
1010
0
1020
0
1030
0
0
HATCH
5
693
100
AcDbEntity
8
TopPasteMaskLayer
100
AcDbHatch
10
0
20
0
30
0
210
0
220
0
230
1
2
SOLID
70
1
71
0
91
1
92
7
72
0
73
1
93
4
10
80.85316230632475
20
61.01811023622054
10
80.05316230632457
20
61.01811023622054
10
80.05316230632457
20
61.918135636271245
10
80.85316230632475
20
61.918135636271245
97
1
330

75
0
76
1
47
0.4128176842155181
98
1
10
34.90568961886538
20
22.81183545379326
450
0
451
0
460
0
461
0
452
1
462
1
453
2
463
0
63
5
421
255
463
1
63
7
421
16777215
470
LINEAR
1001
ACAD
1010
0
1020
0
1030
0
0
HATCH
5
696
100
AcDbEntity
8
TopLayer
100
AcDbHatch
10
0
20
0
30
0
210
0
220
0
230
1
2
SOLID
70
1
71
0
91
1
92
7
72
0
73
1
93
4
10
80.85316230632475
20
61.01811023622054
10
80.05316230632457
20
61.01811023622054
10
80.05316230632457
20
61.918135636271245
10
80.85316230632475
20
61.918135636271245
97
1
330

75
0
76
1
47
0.4128176842155181
98
1
10
34.90568961886538
20
22.81183545379326
450
0
451
0
460
0
461
0
452
1
462
1
453
2
463
0
63
5
421
255
463
1
63
7
421
16777215
470
LINEAR
1001
ACAD
1010
0
1020
0
1030
0
0
HATCH
5
699
100
AcDbEntity
8
TopSolderMaskLayer
100
AcDbHatch
10
0
20
0
30
0
210
0
220
0
230
1
2
SOLID
70
1
71
0
91
1
92
7
72
0
73
1
93
4
10
82.27856074421834
20
60.99270946857314
10
81.42776064261807
20
60.99270946857314
10
81.42776064261807
20
61.94353640391864
10
82.27856074421834
20
61.94353640391864
97
1
330

75
0
76
1
47
0.4128176842155181
98
1
10
34.90568961886538
20
22.81183545379326
450
0
451
0
460
0
461
0
452
1
462
1
453
2
463
0
63
5
421
255
463
1
63
7
421
16777215
470
LINEAR
1001
ACAD
1010
0
1020
0
1030
0
0
HATCH
5
69c
100
AcDbEntity
8
TopPasteMaskLayer
100
AcDbHatch
10
0
20
0
30
0
210
0
220
0
230
1
2
SOLID
70
1
71
0
91
1
92
7
72
0
73
1
93
4
10
82.25316230632484
20
61.01811023622054
10
81.45316230632466
20
61.01811023622054
10
81.45316230632466
20
61.918135636271245
10
82.25316230632484
20
61.918135636271245
97
1
330

75
0
76
1
47
0.4128176842155181
98
1
10
34.90568961886538
20
22.81183545379326
450
0
451
0
460
0
461
0
452
1
462
1
453
2
463
0
63
5
421
255
463
1
63
7
421
16777215
470
LINEAR
1001
ACAD
1010
0
1020
0
1030
0
0
HATCH
5
69f
100
AcDbEntity
8
TopLayer
100
AcDbHatch
10
0
20
0
30
0
210
0
220
0
230
1
2
SOLID
70
1
71
0
91
1
92
7
72
0
73
1
93
4
10
82.25316230632484
20
61.01811023622054
10
81.45316230632466
20
61.01811023622054
10
81.45316230632466
20
61.918135636271245
10
82.25316230632484
20
61.918135636271245
97
1
330

75
0
76
1
47
0.4128176842155181
98
1
10
34.90568961886538
20
22.81183545379326
450
0
451
0
460
0
461
0
452
1
462
1
453
2
463
0
63
5
421
255
463
1
63
7
421
16777215
470
LINEAR
1001
ACAD
1010
0
1020
0
1030
0
0
HATCH
5
6a2
100
AcDbEntity
8
TopSolderMaskLayer
100
AcDbHatch
10
0
20
0
30
0
210
0
220
0
230
1
2
SOLID
70
1
71
0
91
1
92
7
72
0
73
1
93
4
10
78.08455838202008
20
68.23172394660207
10
77.23375828041958
20
68.23172394660207
10
77.23375828041958
20
69.18255088194769
10
78.08455838202008
20
69.18255088194769
97
1
330

75
0
76
1
47
0.4128176842155181
98
1
10
34.90568961886538
20
22.81183545379326
450
0
451
0
460
0
461
0
452
1
462
1
453
2
463
0
63
5
421
255
463
1
63
7
421
16777215
470
LINEAR
1001
ACAD
1010
0
1020
0
1030
0
0
HATCH
5
6a5
100
AcDbEntity
8
TopPasteMaskLayer
100
AcDbHatch
10
0
20
0
30
0
210
0
220
0
230
1
2
SOLID
70
1
71
0
91
1
92
7
72
0
73
1
93
4
10
78.05915671831349
20
68.25712471424958
10
77.2591567183133
20
68.25712471424958
10
77.2591567183133
20
69.15715011430018
10
78.05915671831349
20
69.15715011430018
97
1
330

75
0
76
1
47
0.4128176842155181
98
1
10
34.90568961886538
20
22.81183545379326
450
0
451
0
460
0
461
0
452
1
462
1
453
2
463
0
63
5
421
255
463
1
63
7
421
16777215
470
LINEAR
1001
ACAD
1010
0
1020
0
1030
0
0
HATCH
5
6a8
100
AcDbEntity
8
TopLayer
100
AcDbHatch
10
0
20
0
30
0
210
0
220
0
230
1
2
SOLID
70
1
71
0
91
1
92
7
72
0
73
1
93
4
10
78.05915671831349
20
68.25712471424958
10
77.2591567183133
20
68.25712471424958
10
77.2591567183133
20
69.15715011430018
10
78.05915671831349
20
69.15715011430018
97
1
330

75
0
76
1
47
0.4128176842155181
98
1
10
34.90568961886538
20
22.81183545379326
450
0
451
0
460
0
461
0
452
1
462
1
453
2
463
0
63
5
421
255
463
1
63
7
421
16777215
470
LINEAR
1001
ACAD
1010
0
1020
0
1030
0
0
HATCH
5
6ab
100
AcDbEntity
8
TopSolderMaskLayer
100
AcDbHatch
10
0
20
0
30
0
210
0
220
0
230
1
2
SOLID
70
1
71
0
91
1
92
7
72
0
73
1
93
4
10
79.4845551562073
20
68.23172394660207
10
78.63375505460704
20
68.23172394660207
10
78.63375505460704
20
69.18255088194769
10
79.4845551562073
20
69.18255088194769
97
1
330

75
0
76
1
47
0.4128176842155181
98
1
10
34.90568961886538
20
22.81183545379326
450
0
451
0
460
0
461
0
452
1
462
1
453
2
463
0
63
5
421
255
463
1
63
7
421
16777215
470
LINEAR
1001
ACAD
1010
0
1020
0
1030
0
0
HATCH
5
6ae
100
AcDbEntity
8
TopPasteMaskLayer
100
AcDbHatch
10
0
20
0
30
0
210
0
220
0
230
1
2
SOLID
70
1
71
0
91
1
92
7
72
0
73
1
93
4
10
79.45915671831358
20
68.25712471424958
10
78.6591567183134
20
68.25712471424958
10
78.6591567183134
20
69.15715011430018
10
79.45915671831358
20
69.15715011430018
97
1
330

75
0
76
1
47
0.4128176842155181
98
1
10
34.90568961886538
20
22.81183545379326
450
0
451
0
460
0
461
0
452
1
462
1
453
2
463
0
63
5
421
255
463
1
63
7
421
16777215
470
LINEAR
1001
ACAD
1010
0
1020
0
1030
0
0
HATCH
5
6b1
100
AcDbEntity
8
TopLayer
100
AcDbHatch
10
0
20
0
30
0
210
0
220
0
230
1
2
SOLID
70
1
71
0
91
1
92
7
72
0
73
1
93
4
10
79.45915671831358
20
68.25712471424958
10
78.6591567183134
20
68.25712471424958
10
78.6591567183134
20
69.15715011430018
10
79.45915671831358
20
69.15715011430018
97
1
330

75
0
76
1
47
0.4128176842155181
98
1
10
34.90568961886538
20
22.81183545379326
450
0
451
0
460
0
461
0
452
1
462
1
453
2
463
0
63
5
421
255
463
1
63
7
421
16777215
470
LINEAR
1001
ACAD
1010
0
1020
0
1030
0
0
HATCH
5
6b4
100
AcDbEntity
8
TopSolderMaskLayer
100
AcDbHatch
10
0
20
0
30
0
210
0
220
0
230
1
2
SOLID
70
1
71
0
91
1
92
7
72
0
73
1
93
4
10
68.94054009398337
20
75.97873944063315
10
68.0897399923831
20
75.97873944063315
10
68.0897399923831
20
76.92956637597865
10
68.94054009398337
20
76.92956637597865
97
1
330

75
0
76
1
47
0.4128176842155181
98
1
10
34.90568961886538
20
22.81183545379326
450
0
451
0
460
0
461
0
452
1
462
1
453
2
463
0
63
5
421
255
463
1
63
7
421
16777215
470
LINEAR
1001
ACAD
1010
0
1020
0
1030
0
0
HATCH
5
6b7
100
AcDbEntity
8
TopPasteMaskLayer
100
AcDbHatch
10
0
20
0
30
0
210
0
220
0
230
1
2
SOLID
70
1
71
0
91
1
92
7
72
0
73
1
93
4
10
68.91513843027701
20
76.00414020828055
10
68.11513843027683
20
76.00414020828055
10
68.11513843027683
20
76.90416560833125
10
68.91513843027701
20
76.90416560833125
97
1
330

75
0
76
1
47
0.4128176842155181
98
1
10
34.90568961886538
20
22.81183545379326
450
0
451
0
460
0
461
0
452
1
462
1
453
2
463
0
63
5
421
255
463
1
63
7
421
16777215
470
LINEAR
1001
ACAD
1010
0
1020
0
1030
0
0
HATCH
5
6ba
100
AcDbEntity
8
TopLayer
100
AcDbHatch
10
0
20
0
30
0
210
0
220
0
230
1
2
SOLID
70
1
71
0
91
1
92
7
72
0
73
1
93
4
10
68.91513843027701
20
76.00414020828055
10
68.11513843027683
20
76.00414020828055
10
68.11513843027683
20
76.90416560833125
10
68.91513843027701
20
76.90416560833125
97
1
330

75
0
76
1
47
0.4128176842155181
98
1
10
34.90568961886538
20
22.81183545379326
450
0
451
0
460
0
461
0
452
1
462
1
453
2
463
0
63
5
421
255
463
1
63
7
421
16777215
470
LINEAR
1001
ACAD
1010
0
1020
0
1030
0
0
HATCH
5
6bd
100
AcDbEntity
8
TopSolderMaskLayer
100
AcDbHatch
10
0
20
0
30
0
210
0
220
0
230
1
2
SOLID
70
1
71
0
91
1
92
7
72
0
73
1
93
4
10
70.3405368681706
20
75.97873944063315
10
69.48973676657033
20
75.97873944063315
10
69.48973676657033
20
76.92956637597865
10
70.3405368681706
20
76.92956637597865
97
1
330

75
0
76
1
47
0.4128176842155181
98
1
10
34.90568961886538
20
22.81183545379326
450
0
451
0
460
0
461
0
452
1
462
1
453
2
463
0
63
5
421
255
463
1
63
7
421
16777215
470
LINEAR
1001
ACAD
1010
0
1020
0
1030
0
0
HATCH
5
6c0
100
AcDbEntity
8
TopPasteMaskLayer
100
AcDbHatch
10
0
20
0
30
0
210
0
220
0
230
1
2
SOLID
70
1
71
0
91
1
92
7
72
0
73
1
93
4
10
70.3151384302771
20
76.00414020828055
10
69.51513843027692
20
76.00414020828055
10
69.51513843027692
20
76.90416560833125
10
70.3151384302771
20
76.90416560833125
97
1
330

75
0
76
1
47
0.4128176842155181
98
1
10
34.90568961886538
20
22.81183545379326
450
0
451
0
460
0
461
0
452
1
462
1
453
2
463
0
63
5
421
255
463
1
63
7
421
16777215
470
LINEAR
1001
ACAD
1010
0
1020
0
1030
0
0
HATCH
5
6c3
100
AcDbEntity
8
TopLayer
100
AcDbHatch
10
0
20
0
30
0
210
0
220
0
230
1
2
SOLID
70
1
71
0
91
1
92
7
72
0
73
1
93
4
10
70.3151384302771
20
76.00414020828055
10
69.51513843027692
20
76.00414020828055
10
69.51513843027692
20
76.90416560833125
10
70.3151384302771
20
76.90416560833125
97
1
330

75
0
76
1
47
0.4128176842155181
98
1
10
34.90568961886538
20
22.81183545379326
450
0
451
0
460
0
461
0
452
1
462
1
453
2
463
0
63
5
421
255
463
1
63
7
421
16777215
470
LINEAR
1001
ACAD
1010
0
1020
0
1030
0
0
HATCH
5
6c6
100
AcDbEntity
8
TopSolderMaskLayer
100
AcDbHatch
10
0
20
0
30
0
210
0
220
0
230
1
2
SOLID
70
1
71
0
91
1
92
7
72
0
73
1
93
4
10
35.843484080516646
20
85.24059066971188
10
35.843484080516646
20
86.0857463155786
10
36.800661207774056
20
86.0857463155786
10
36.800661207774056
20
85.24059066971188
97
1
330

75
0
76
1
47
0.4128176842155181
98
1
10
34.90568961886538
20
22.81183545379326
450
0
451
0
460
0
461
0
452
1
462
1
453
2
463
0
63
5
421
255
463
1
63
7
421
16777215
470
LINEAR
1001
ACAD
1010
0
1020
0
1030
0
0
HATCH
5
6c9
100
AcDbEntity
8
TopPasteMaskLayer
100
AcDbHatch
10
0
20
0
30
0
210
0
220
0
230
1
2
SOLID
70
1
71
0
91
1
92
7
72
0
73
1
93
4
10
35.87205994411988
20
85.26316992633986
10
35.87205994411988
20
86.06316992633992
10
36.77208534417082
20
86.06316992633992
10
36.77208534417082
20
85.26316992633986
97
1
330

75
0
76
1
47
0.4128176842155181
98
1
10
34.90568961886538
20
22.81183545379326
450
0
451
0
460
0
461
0
452
1
462
1
453
2
463
0
63
5
421
255
463
1
63
7
421
16777215
470
LINEAR
1001
ACAD
1010
0
1020
0
1030
0
0
HATCH
5
6cc
100
AcDbEntity
8
TopLayer
100
AcDbHatch
10
0
20
0
30
0
210
0
220
0
230
1
2
SOLID
70
1
71
0
91
1
92
7
72
0
73
1
93
4
10
35.87205994411988
20
85.26316992633986
10
35.87205994411988
20
86.06316992633992
10
36.77208534417082
20
86.06316992633992
10
36.77208534417082
20
85.26316992633986
97
1
330

75
0
76
1
47
0.4128176842155181
98
1
10
34.90568961886538
20
22.81183545379326
450
0
451
0
460
0
461
0
452
1
462
1
453
2
463
0
63
5
421
255
463
1
63
7
421
16777215
470
LINEAR
1001
ACAD
1010
0
1020
0
1030
0
0
HATCH
5
6cf
100
AcDbEntity
8
TopSolderMaskLayer
100
AcDbHatch
10
0
20
0
30
0
210
0
220
0
230
1
2
SOLID
70
1
71
0
91
1
92
7
72
0
73
1
93
4
10
35.843484080516646
20
83.8405935371012
10
35.843484080516646
20
84.68574918296792
10
36.800661207774056
20
84.68574918296792
10
36.800661207774056
20
83.8405935371012
97
1
330

75
0
76
1
47
0.4128176842155181
98
1
10
34.90568961886538
20
22.81183545379326
450
0
451
0
460
0
461
0
452
1
462
1
453
2
463
0
63
5
421
255
463
1
63
7
421
16777215
470
LINEAR
1001
ACAD
1010
0
1020
0
1030
0
0
HATCH
5
6d2
100
AcDbEntity
8
TopPasteMaskLayer
100
AcDbHatch
10
0
20
0
30
0
210
0
220
0
230
1
2
SOLID
70
1
71
0
91
1
92
7
72
0
73
1
93
4
10
35.87205994411988
20
83.86316992633988
10
35.87205994411988
20
84.66316992633995
10
36.77208534417082
20
84.66316992633995
10
36.77208534417082
20
83.86316992633988
97
1
330

75
0
76
1
47
0.4128176842155181
98
1
10
34.90568961886538
20
22.81183545379326
450
0
451
0
460
0
461
0
452
1
462
1
453
2
463
0
63
5
421
255
463
1
63
7
421
16777215
470
LINEAR
1001
ACAD
1010
0
1020
0
1030
0
0
HATCH
5
6d5
100
AcDbEntity
8
TopLayer
100
AcDbHatch
10
0
20
0
30
0
210
0
220
0
230
1
2
SOLID
70
1
71
0
91
1
92
7
72
0
73
1
93
4
10
35.87205994411988
20
83.86316992633988
10
35.87205994411988
20
84.66316992633995
10
36.77208534417082
20
84.66316992633995
10
36.77208534417082
20
83.86316992633988
97
1
330

75
0
76
1
47
0.4128176842155181
98
1
10
34.90568961886538
20
22.81183545379326
450
0
451
0
460
0
461
0
452
1
462
1
453
2
463
0
63
5
421
255
463
1
63
7
421
16777215
470
LINEAR
1001
ACAD
1010
0
1020
0
1030
0
0
HATCH
5
6d8
100
AcDbEntity
8
TopSolderMaskLayer
100
AcDbHatch
10
0
20
0
30
0
210
0
220
0
230
1
2
SOLID
70
1
71
0
91
1
92
7
72
0
73
1
93
4
10
33.81148001650854
20
85.24059066971188
10
33.81148001650854
20
86.0857463155786
10
34.76865714376595
20
86.0857463155786
10
34.76865714376595
20
85.24059066971188
97
1
330

75
0
76
1
47
0.4128176842155181
98
1
10
34.90568961886538
20
22.81183545379326
450
0
451
0
460
0
461
0
452
1
462
1
453
2
463
0
63
5
421
255
463
1
63
7
421
16777215
470
LINEAR
1001
ACAD
1010
0
1020
0
1030
0
0
HATCH
5
6db
100
AcDbEntity
8
TopPasteMaskLayer
100
AcDbHatch
10
0
20
0
30
0
210
0
220
0
230
1
2
SOLID
70
1
71
0
91
1
92
7
72
0
73
1
93
4
10
33.84005588011178
20
85.26316992633986
10
33.84005588011178
20
86.06316992633992
10
34.74008128016271
20
86.06316992633992
10
34.74008128016271
20
85.26316992633986
97
1
330

75
0
76
1
47
0.4128176842155181
98
1
10
34.90568961886538
20
22.81183545379326
450
0
451
0
460
0
461
0
452
1
462
1
453
2
463
0
63
5
421
255
463
1
63
7
421
16777215
470
LINEAR
1001
ACAD
1010
0
1020
0
1030
0
0
HATCH
5
6de
100
AcDbEntity
8
TopLayer
100
AcDbHatch
10
0
20
0
30
0
210
0
220
0
230
1
2
SOLID
70
1
71
0
91
1
92
7
72
0
73
1
93
4
10
33.84005588011178
20
85.26316992633986
10
33.84005588011178
20
86.06316992633992
10
34.74008128016271
20
86.06316992633992
10
34.74008128016271
20
85.26316992633986
97
1
330

75
0
76
1
47
0.4128176842155181
98
1
10
34.90568961886538
20
22.81183545379326
450
0
451
0
460
0
461
0
452
1
462
1
453
2
463
0
63
5
421
255
463
1
63
7
421
16777215
470
LINEAR
1001
ACAD
1010
0
1020
0
1030
0
0
HATCH
5
6e1
100
AcDbEntity
8
TopSolderMaskLayer
100
AcDbHatch
10
0
20
0
30
0
210
0
220
0
230
1
2
SOLID
70
1
71
0
91
1
92
7
72
0
73
1
93
4
10
33.81148001650854
20
83.8405935371012
10
33.81148001650854
20
84.68574918296792
10
34.76865714376595
20
84.68574918296792
10
34.76865714376595
20
83.8405935371012
97
1
330

75
0
76
1
47
0.4128176842155181
98
1
10
34.90568961886538
20
22.81183545379326
450
0
451
0
460
0
461
0
452
1
462
1
453
2
463
0
63
5
421
255
463
1
63
7
421
16777215
470
LINEAR
1001
ACAD
1010
0
1020
0
1030
0
0
HATCH
5
6e4
100
AcDbEntity
8
TopPasteMaskLayer
100
AcDbHatch
10
0
20
0
30
0
210
0
220
0
230
1
2
SOLID
70
1
71
0
91
1
92
7
72
0
73
1
93
4
10
33.84005588011178
20
83.86316992633988
10
33.84005588011178
20
84.66316992633995
10
34.74008128016271
20
84.66316992633995
10
34.74008128016271
20
83.86316992633988
97
1
330

75
0
76
1
47
0.4128176842155181
98
1
10
34.90568961886538
20
22.81183545379326
450
0
451
0
460
0
461
0
452
1
462
1
453
2
463
0
63
5
421
255
463
1
63
7
421
16777215
470
LINEAR
1001
ACAD
1010
0
1020
0
1030
0
0
HATCH
5
6e7
100
AcDbEntity
8
TopLayer
100
AcDbHatch
10
0
20
0
30
0
210
0
220
0
230
1
2
SOLID
70
1
71
0
91
1
92
7
72
0
73
1
93
4
10
33.84005588011178
20
83.86316992633988
10
33.84005588011178
20
84.66316992633995
10
34.74008128016271
20
84.66316992633995
10
34.74008128016271
20
83.86316992633988
97
1
330

75
0
76
1
47
0.4128176842155181
98
1
10
34.90568961886538
20
22.81183545379326
450
0
451
0
460
0
461
0
452
1
462
1
453
2
463
0
63
5
421
255
463
1
63
7
421
16777215
470
LINEAR
1001
ACAD
1010
0
1020
0
1030
0
0
HATCH
5
6ea
100
AcDbEntity
8
TopSolderMaskLayer
100
AcDbHatch
10
0
20
0
30
0
210
0
220
0
230
1
2
SOLID
70
1
71
0
91
1
92
7
72
0
73
1
93
4
10
31.779475952500206
20
85.24059066971188
10
31.779475952500206
20
86.0857463155786
10
32.73665307975784
20
86.0857463155786
10
32.73665307975784
20
85.24059066971188
97
1
330

75
0
76
1
47
0.4128176842155181
98
1
10
34.90568961886538
20
22.81183545379326
450
0
451
0
460
0
461
0
452
1
462
1
453
2
463
0
63
5
421
255
463
1
63
7
421
16777215
470
LINEAR
1001
ACAD
1010
0
1020
0
1030
0
0
HATCH
5
6ed
100
AcDbEntity
8
TopPasteMaskLayer
100
AcDbHatch
10
0
20
0
30
0
210
0
220
0
230
1
2
SOLID
70
1
71
0
91
1
92
7
72
0
73
1
93
4
10
31.80805181610367
20
85.26316992633986
10
31.80805181610367
20
86.06316992633992
10
32.70807721615461
20
86.06316992633992
10
32.70807721615461
20
85.26316992633986
97
1
330

75
0
76
1
47
0.4128176842155181
98
1
10
34.90568961886538
20
22.81183545379326
450
0
451
0
460
0
461
0
452
1
462
1
453
2
463
0
63
5
421
255
463
1
63
7
421
16777215
470
LINEAR
1001
ACAD
1010
0
1020
0
1030
0
0
HATCH
5
6f0
100
AcDbEntity
8
TopLayer
100
AcDbHatch
10
0
20
0
30
0
210
0
220
0
230
1
2
SOLID
70
1
71
0
91
1
92
7
72
0
73
1
93
4
10
31.80805181610367
20
85.26316992633986
10
31.80805181610367
20
86.06316992633992
10
32.70807721615461
20
86.06316992633992
10
32.70807721615461
20
85.26316992633986
97
1
330

75
0
76
1
47
0.4128176842155181
98
1
10
34.90568961886538
20
22.81183545379326
450
0
451
0
460
0
461
0
452
1
462
1
453
2
463
0
63
5
421
255
463
1
63
7
421
16777215
470
LINEAR
1001
ACAD
1010
0
1020
0
1030
0
0
HATCH
5
6f3
100
AcDbEntity
8
TopSolderMaskLayer
100
AcDbHatch
10
0
20
0
30
0
210
0
220
0
230
1
2
SOLID
70
1
71
0
91
1
92
7
72
0
73
1
93
4
10
31.779475952500206
20
83.8405935371012
10
31.779475952500206
20
84.68574918296792
10
32.73665307975784
20
84.68574918296792
10
32.73665307975784
20
83.8405935371012
97
1
330

75
0
76
1
47
0.4128176842155181
98
1
10
34.90568961886538
20
22.81183545379326
450
0
451
0
460
0
461
0
452
1
462
1
453
2
463
0
63
5
421
255
463
1
63
7
421
16777215
470
LINEAR
1001
ACAD
1010
0
1020
0
1030
0
0
HATCH
5
6f6
100
AcDbEntity
8
TopPasteMaskLayer
100
AcDbHatch
10
0
20
0
30
0
210
0
220
0
230
1
2
SOLID
70
1
71
0
91
1
92
7
72
0
73
1
93
4
10
31.80805181610367
20
83.86316992633988
10
31.80805181610367
20
84.66316992633995
10
32.70807721615461
20
84.66316992633995
10
32.70807721615461
20
83.86316992633988
97
1
330

75
0
76
1
47
0.4128176842155181
98
1
10
34.90568961886538
20
22.81183545379326
450
0
451
0
460
0
461
0
452
1
462
1
453
2
463
0
63
5
421
255
463
1
63
7
421
16777215
470
LINEAR
1001
ACAD
1010
0
1020
0
1030
0
0
HATCH
5
6f9
100
AcDbEntity
8
TopLayer
100
AcDbHatch
10
0
20
0
30
0
210
0
220
0
230
1
2
SOLID
70
1
71
0
91
1
92
7
72
0
73
1
93
4
10
31.80805181610367
20
83.86316992633988
10
31.80805181610367
20
84.66316992633995
10
32.70807721615461
20
84.66316992633995
10
32.70807721615461
20
83.86316992633988
97
1
330

75
0
76
1
47
0.4128176842155181
98
1
10
34.90568961886538
20
22.81183545379326
450
0
451
0
460
0
461
0
452
1
462
1
453
2
463
0
63
5
421
255
463
1
63
7
421
16777215
470
LINEAR
1001
ACAD
1010
0
1020
0
1030
0
0
HATCH
5
6fc
100
AcDbEntity
8
TopSolderMaskLayer
100
AcDbHatch
10
0
20
0
30
0
210
0
220
0
230
1
2
SOLID
70
1
71
0
91
1
92
7
72
0
73
1
93
4
10
29.62047163449165
20
85.24059066971188
10
29.62047163449165
20
86.0857463155786
10
30.57764876174906
20
86.0857463155786
10
30.57764876174906
20
85.24059066971188
97
1
330

75
0
76
1
47
0.4128176842155181
98
1
10
34.90568961886538
20
22.81183545379326
450
0
451
0
460
0
461
0
452
1
462
1
453
2
463
0
63
5
421
255
463
1
63
7
421
16777215
470
LINEAR
1001
ACAD
1010
0
1020
0
1030
0
0
HATCH
5
6ff
100
AcDbEntity
8
TopPasteMaskLayer
100
AcDbHatch
10
0
20
0
30
0
210
0
220
0
230
1
2
SOLID
70
1
71
0
91
1
92
7
72
0
73
1
93
4
10
29.649047498094887
20
85.26316992633986
10
29.649047498094887
20
86.06316992633992
10
30.549072898145823
20
86.06316992633992
10
30.549072898145823
20
85.26316992633986
97
1
330

75
0
76
1
47
0.4128176842155181
98
1
10
34.90568961886538
20
22.81183545379326
450
0
451
0
460
0
461
0
452
1
462
1
453
2
463
0
63
5
421
255
463
1
63
7
421
16777215
470
LINEAR
1001
ACAD
1010
0
1020
0
1030
0
0
HATCH
5
702
100
AcDbEntity
8
TopLayer
100
AcDbHatch
10
0
20
0
30
0
210
0
220
0
230
1
2
SOLID
70
1
71
0
91
1
92
7
72
0
73
1
93
4
10
29.649047498094887
20
85.26316992633986
10
29.649047498094887
20
86.06316992633992
10
30.549072898145823
20
86.06316992633992
10
30.549072898145823
20
85.26316992633986
97
1
330

75
0
76
1
47
0.4128176842155181
98
1
10
34.90568961886538
20
22.81183545379326
450
0
451
0
460
0
461
0
452
1
462
1
453
2
463
0
63
5
421
255
463
1
63
7
421
16777215
470
LINEAR
1001
ACAD
1010
0
1020
0
1030
0
0
HATCH
5
705
100
AcDbEntity
8
TopSolderMaskLayer
100
AcDbHatch
10
0
20
0
30
0
210
0
220
0
230
1
2
SOLID
70
1
71
0
91
1
92
7
72
0
73
1
93
4
10
29.62047163449165
20
83.8405935371012
10
29.62047163449165
20
84.68574918296792
10
30.57764876174906
20
84.68574918296792
10
30.57764876174906
20
83.8405935371012
97
1
330

75
0
76
1
47
0.4128176842155181
98
1
10
34.90568961886538
20
22.81183545379326
450
0
451
0
460
0
461
0
452
1
462
1
453
2
463
0
63
5
421
255
463
1
63
7
421
16777215
470
LINEAR
1001
ACAD
1010
0
1020
0
1030
0
0
HATCH
5
708
100
AcDbEntity
8
TopPasteMaskLayer
100
AcDbHatch
10
0
20
0
30
0
210
0
220
0
230
1
2
SOLID
70
1
71
0
91
1
92
7
72
0
73
1
93
4
10
29.649047498094887
20
83.86316992633988
10
29.649047498094887
20
84.66316992633995
10
30.549072898145823
20
84.66316992633995
10
30.549072898145823
20
83.86316992633988
97
1
330

75
0
76
1
47
0.4128176842155181
98
1
10
34.90568961886538
20
22.81183545379326
450
0
451
0
460
0
461
0
452
1
462
1
453
2
463
0
63
5
421
255
463
1
63
7
421
16777215
470
LINEAR
1001
ACAD
1010
0
1020
0
1030
0
0
HATCH
5
70b
100
AcDbEntity
8
TopLayer
100
AcDbHatch
10
0
20
0
30
0
210
0
220
0
230
1
2
SOLID
70
1
71
0
91
1
92
7
72
0
73
1
93
4
10
29.649047498094887
20
83.86316992633988
10
29.649047498094887
20
84.66316992633995
10
30.549072898145823
20
84.66316992633995
10
30.549072898145823
20
83.86316992633988
97
1
330

75
0
76
1
47
0.4128176842155181
98
1
10
34.90568961886538
20
22.81183545379326
450
0
451
0
460
0
461
0
452
1
462
1
453
2
463
0
63
5
421
255
463
1
63
7
421
16777215
470
LINEAR
1001
ACAD
1010
0
1020
0
1030
0
0
HATCH
5
70e
100
AcDbEntity
8
TopSolderMaskLayer
100
AcDbHatch
10
0
20
0
30
0
210
0
220
0
230
1
2
SOLID
70
1
71
0
91
1
92
7
72
0
73
1
93
4
10
28.545644697740954
20
84.68574918296792
10
28.545644697740954
20
83.8405935371012
10
27.588467570483544
20
83.8405935371012
10
27.588467570483544
20
84.68574918296792
97
1
330

75
0
76
1
47
0.4128176842155181
98
1
10
34.90568961886538
20
22.81183545379326
450
0
451
0
460
0
461
0
452
1
462
1
453
2
463
0
63
5
421
255
463
1
63
7
421
16777215
470
LINEAR
1001
ACAD
1010
0
1020
0
1030
0
0
HATCH
5
711
100
AcDbEntity
8
TopPasteMaskLayer
100
AcDbHatch
10
0
20
0
30
0
210
0
220
0
230
1
2
SOLID
70
1
71
0
91
1
92
7
72
0
73
1
93
4
10
28.517068834137717
20
84.66316992633995
10
28.517068834137717
20
83.86316992633988
10
27.61704343408678
20
83.86316992633988
10
27.61704343408678
20
84.66316992633995
97
1
330

75
0
76
1
47
0.4128176842155181
98
1
10
34.90568961886538
20
22.81183545379326
450
0
451
0
460
0
461
0
452
1
462
1
453
2
463
0
63
5
421
255
463
1
63
7
421
16777215
470
LINEAR
1001
ACAD
1010
0
1020
0
1030
0
0
HATCH
5
714
100
AcDbEntity
8
TopLayer
100
AcDbHatch
10
0
20
0
30
0
210
0
220
0
230
1
2
SOLID
70
1
71
0
91
1
92
7
72
0
73
1
93
4
10
28.517068834137717
20
84.66316992633995
10
28.517068834137717
20
83.86316992633988
10
27.61704343408678
20
83.86316992633988
10
27.61704343408678
20
84.66316992633995
97
1
330

75
0
76
1
47
0.4128176842155181
98
1
10
34.90568961886538
20
22.81183545379326
450
0
451
0
460
0
461
0
452
1
462
1
453
2
463
0
63
5
421
255
463
1
63
7
421
16777215
470
LINEAR
1001
ACAD
1010
0
1020
0
1030
0
0
HATCH
5
717
100
AcDbEntity
8
TopSolderMaskLayer
100
AcDbHatch
10
0
20
0
30
0
210
0
220
0
230
1
2
SOLID
70
1
71
0
91
1
92
7
72
0
73
1
93
4
10
28.545644697740954
20
86.0857463155786
10
28.545644697740954
20
85.24059066971188
10
27.588467570483544
20
85.24059066971188
10
27.588467570483544
20
86.0857463155786
97
1
330

75
0
76
1
47
0.4128176842155181
98
1
10
34.90568961886538
20
22.81183545379326
450
0
451
0
460
0
461
0
452
1
462
1
453
2
463
0
63
5
421
255
463
1
63
7
421
16777215
470
LINEAR
1001
ACAD
1010
0
1020
0
1030
0
0
HATCH
5
71a
100
AcDbEntity
8
TopPasteMaskLayer
100
AcDbHatch
10
0
20
0
30
0
210
0
220
0
230
1
2
SOLID
70
1
71
0
91
1
92
7
72
0
73
1
93
4
10
28.517068834137717
20
86.06316992633992
10
28.517068834137717
20
85.26316992633986
10
27.61704343408678
20
85.26316992633986
10
27.61704343408678
20
86.06316992633992
97
1
330

75
0
76
1
47
0.4128176842155181
98
1
10
34.90568961886538
20
22.81183545379326
450
0
451
0
460
0
461
0
452
1
462
1
453
2
463
0
63
5
421
255
463
1
63
7
421
16777215
470
LINEAR
1001
ACAD
1010
0
1020
0
1030
0
0
HATCH
5
71d
100
AcDbEntity
8
TopLayer
100
AcDbHatch
10
0
20
0
30
0
210
0
220
0
230
1
2
SOLID
70
1
71
0
91
1
92
7
72
0
73
1
93
4
10
28.517068834137717
20
86.06316992633992
10
28.517068834137717
20
85.26316992633986
10
27.61704343408678
20
85.26316992633986
10
27.61704343408678
20
86.06316992633992
97
1
330

75
0
76
1
47
0.4128176842155181
98
1
10
34.90568961886538
20
22.81183545379326
450
0
451
0
460
0
461
0
452
1
462
1
453
2
463
0
63
5
421
255
463
1
63
7
421
16777215
470
LINEAR
1001
ACAD
1010
0
1020
0
1030
0
0
HATCH
5
720
100
AcDbEntity
8
TopSolderMaskLayer
100
AcDbHatch
10
0
20
0
30
0
210
0
220
0
230
1
2
SOLID
70
1
71
0
91
1
92
7
72
0
73
1
93
4
10
42.778487769878666
20
90.32976814269045
10
41.927687668278395
20
90.32976814269045
10
41.927687668278395
20
91.28059507803607
10
42.778487769878666
20
91.28059507803607
97
1
330

75
0
76
1
47
0.4128176842155181
98
1
10
34.90568961886538
20
22.81183545379326
450
0
451
0
460
0
461
0
452
1
462
1
453
2
463
0
63
5
421
255
463
1
63
7
421
16777215
470
LINEAR
1001
ACAD
1010
0
1020
0
1030
0
0
HATCH
5
723
100
AcDbEntity
8
TopPasteMaskLayer
100
AcDbHatch
10
0
20
0
30
0
210
0
220
0
230
1
2
SOLID
70
1
71
0
91
1
92
7
72
0
73
1
93
4
10
42.753086106172304
20
90.35516891033797
10
41.95308610617212
20
90.35516891033797
10
41.95308610617212
20
91.25519431038867
10
42.753086106172304
20
91.25519431038867
97
1
330

75
0
76
1
47
0.4128176842155181
98
1
10
34.90568961886538
20
22.81183545379326
450
0
451
0
460
0
461
0
452
1
462
1
453
2
463
0
63
5
421
255
463
1
63
7
421
16777215
470
LINEAR
1001
ACAD
1010
0
1020
0
1030
0
0
HATCH
5
726
100
AcDbEntity
8
TopLayer
100
AcDbHatch
10
0
20
0
30
0
210
0
220
0
230
1
2
SOLID
70
1
71
0
91
1
92
7
72
0
73
1
93
4
10
42.753086106172304
20
90.35516891033797
10
41.95308610617212
20
90.35516891033797
10
41.95308610617212
20
91.25519431038867
10
42.753086106172304
20
91.25519431038867
97
1
330

75
0
76
1
47
0.4128176842155181
98
1
10
34.90568961886538
20
22.81183545379326
450
0
451
0
460
0
461
0
452
1
462
1
453
2
463
0
63
5
421
255
463
1
63
7
421
16777215
470
LINEAR
1001
ACAD
1010
0
1020
0
1030
0
0
HATCH
5
729
100
AcDbEntity
8
TopSolderMaskLayer
100
AcDbHatch
10
0
20
0
30
0
210
0
220
0
230
1
2
SOLID
70
1
71
0
91
1
92
7
72
0
73
1
93
4
10
44.17848454406612
20
90.32976814269045
10
43.327684442465625
20
90.32976814269045
10
43.327684442465625
20
91.28059507803607
10
44.17848454406612
20
91.28059507803607
97
1
330

75
0
76
1
47
0.4128176842155181
98
1
10
34.90568961886538
20
22.81183545379326
450
0
451
0
460
0
461
0
452
1
462
1
453
2
463
0
63
5
421
255
463
1
63
7
421
16777215
470
LINEAR
1001
ACAD
1010
0
1020
0
1030
0
0
HATCH
5
72c
100
AcDbEntity
8
TopPasteMaskLayer
100
AcDbHatch
10
0
20
0
30
0
210
0
220
0
230
1
2
SOLID
70
1
71
0
91
1
92
7
72
0
73
1
93
4
10
44.153086106172395
20
90.35516891033797
10
43.35308610617221
20
90.35516891033797
10
43.35308610617221
20
91.25519431038867
10
44.153086106172395
20
91.25519431038867
97
1
330

75
0
76
1
47
0.4128176842155181
98
1
10
34.90568961886538
20
22.81183545379326
450
0
451
0
460
0
461
0
452
1
462
1
453
2
463
0
63
5
421
255
463
1
63
7
421
16777215
470
LINEAR
1001
ACAD
1010
0
1020
0
1030
0
0
HATCH
5
72f
100
AcDbEntity
8
TopLayer
100
AcDbHatch
10
0
20
0
30
0
210
0
220
0
230
1
2
SOLID
70
1
71
0
91
1
92
7
72
0
73
1
93
4
10
44.153086106172395
20
90.35516891033797
10
43.35308610617221
20
90.35516891033797
10
43.35308610617221
20
91.25519431038867
10
44.153086106172395
20
91.25519431038867
97
1
330

75
0
76
1
47
0.4128176842155181
98
1
10
34.90568961886538
20
22.81183545379326
450
0
451
0
460
0
461
0
452
1
462
1
453
2
463
0
63
5
421
255
463
1
63
7
421
16777215
470
LINEAR
1001
ACAD
1010
0
1020
0
1030
0
0
HATCH
5
732
100
AcDbEntity
8
TopSolderMaskLayer
100
AcDbHatch
10
0
20
0
30
0
210
0
220
0
230
1
2
SOLID
70
1
71
0
91
1
92
7
72
0
73
1
93
4
10
71.27655494665828
20
101.75062368977785
10
71.27655494665828
20
102.59577933564469
10
72.23373207391569
20
102.59577933564469
10
72.23373207391569
20
101.75062368977785
97
1
330

75
0
76
1
47
0.4128176842155181
98
1
10
34.90568961886538
20
22.81183545379326
450
0
451
0
460
0
461
0
452
1
462
1
453
2
463
0
63
5
421
255
463
1
63
7
421
16777215
470
LINEAR
1001
ACAD
1010
0
1020
0
1030
0
0
HATCH
5
735
100
AcDbEntity
8
TopPasteMaskLayer
100
AcDbHatch
10
0
20
0
30
0
210
0
220
0
230
1
2
SOLID
70
1
71
0
91
1
92
7
72
0
73
1
93
4
10
71.30513081026152
20
101.77320294640595
10
71.30513081026152
20
102.5732029464059
10
72.20515621031245
20
102.5732029464059
10
72.20515621031245
20
101.77320294640595
97
1
330

75
0
76
1
47
0.4128176842155181
98
1
10
34.90568961886538
20
22.81183545379326
450
0
451
0
460
0
461
0
452
1
462
1
453
2
463
0
63
5
421
255
463
1
63
7
421
16777215
470
LINEAR
1001
ACAD
1010
0
1020
0
1030
0
0
HATCH
5
738
100
AcDbEntity
8
TopLayer
100
AcDbHatch
10
0
20
0
30
0
210
0
220
0
230
1
2
SOLID
70
1
71
0
91
1
92
7
72
0
73
1
93
4
10
71.30513081026152
20
101.77320294640595
10
71.30513081026152
20
102.5732029464059
10
72.20515621031245
20
102.5732029464059
10
72.20515621031245
20
101.77320294640595
97
1
330

75
0
76
1
47
0.4128176842155181
98
1
10
34.90568961886538
20
22.81183545379326
450
0
451
0
460
0
461
0
452
1
462
1
453
2
463
0
63
5
421
255
463
1
63
7
421
16777215
470
LINEAR
1001
ACAD
1010
0
1020
0
1030
0
0
HATCH
5
73b
100
AcDbEntity
8
TopSolderMaskLayer
100
AcDbHatch
10
0
20
0
30
0
210
0
220
0
230
1
2
SOLID
70
1
71
0
91
1
92
7
72
0
73
1
93
4
10
71.27655494665828
20
100.35062655716717
10
71.27655494665828
20
101.19578220303401
10
72.23373207391569
20
101.19578220303401
10
72.23373207391569
20
100.35062655716717
97
1
330

75
0
76
1
47
0.4128176842155181
98
1
10
34.90568961886538
20
22.81183545379326
450
0
451
0
460
0
461
0
452
1
462
1
453
2
463
0
63
5
421
255
463
1
63
7
421
16777215
470
LINEAR
1001
ACAD
1010
0
1020
0
1030
0
0
HATCH
5
73e
100
AcDbEntity
8
TopPasteMaskLayer
100
AcDbHatch
10
0
20
0
30
0
210
0
220
0
230
1
2
SOLID
70
1
71
0
91
1
92
7
72
0
73
1
93
4
10
71.30513081026152
20
100.37320294640597
10
71.30513081026152
20
101.17320294640604
10
72.20515621031245
20
101.17320294640604
10
72.20515621031245
20
100.37320294640597
97
1
330

75
0
76
1
47
0.4128176842155181
98
1
10
34.90568961886538
20
22.81183545379326
450
0
451
0
460
0
461
0
452
1
462
1
453
2
463
0
63
5
421
255
463
1
63
7
421
16777215
470
LINEAR
1001
ACAD
1010
0
1020
0
1030
0
0
HATCH
5
741
100
AcDbEntity
8
TopLayer
100
AcDbHatch
10
0
20
0
30
0
210
0
220
0
230
1
2
SOLID
70
1
71
0
91
1
92
7
72
0
73
1
93
4
10
71.30513081026152
20
100.37320294640597
10
71.30513081026152
20
101.17320294640604
10
72.20515621031245
20
101.17320294640604
10
72.20515621031245
20
100.37320294640597
97
1
330

75
0
76
1
47
0.4128176842155181
98
1
10
34.90568961886538
20
22.81183545379326
450
0
451
0
460
0
461
0
452
1
462
1
453
2
463
0
63
5
421
255
463
1
63
7
421
16777215
470
LINEAR
1001
ACAD
1010
0
1020
0
1030
0
0
HATCH
5
744
100
AcDbEntity
8
TopSolderMaskLayer
100
AcDbHatch
10
0
20
0
30
0
210
0
220
0
230
1
2
SOLID
70
1
71
0
91
1
92
7
72
0
73
1
93
4
10
69.49855139065107
20
101.75062368977785
10
69.49855139065107
20
102.59577933564469
10
70.45572851790871
20
102.59577933564469
10
70.45572851790871
20
101.75062368977785
97
1
330

75
0
76
1
47
0.4128176842155181
98
1
10
34.90568961886538
20
22.81183545379326
450
0
451
0
460
0
461
0
452
1
462
1
453
2
463
0
63
5
421
255
463
1
63
7
421
16777215
470
LINEAR
1001
ACAD
1010
0
1020
0
1030
0
0
HATCH
5
747
100
AcDbEntity
8
TopPasteMaskLayer
100
AcDbHatch
10
0
20
0
30
0
210
0
220
0
230
1
2
SOLID
70
1
71
0
91
1
92
7
72
0
73
1
93
4
10
69.52712725425454
20
101.77320294640595
10
69.52712725425454
20
102.5732029464059
10
70.42715265430547
20
102.5732029464059
10
70.42715265430547
20
101.77320294640595
97
1
330

75
0
76
1
47
0.4128176842155181
98
1
10
34.90568961886538
20
22.81183545379326
450
0
451
0
460
0
461
0
452
1
462
1
453
2
463
0
63
5
421
255
463
1
63
7
421
16777215
470
LINEAR
1001
ACAD
1010
0
1020
0
1030
0
0
HATCH
5
74a
100
AcDbEntity
8
TopLayer
100
AcDbHatch
10
0
20
0
30
0
210
0
220
0
230
1
2
SOLID
70
1
71
0
91
1
92
7
72
0
73
1
93
4
10
69.52712725425454
20
101.77320294640595
10
69.52712725425454
20
102.5732029464059
10
70.42715265430547
20
102.5732029464059
10
70.42715265430547
20
101.77320294640595
97
1
330

75
0
76
1
47
0.4128176842155181
98
1
10
34.90568961886538
20
22.81183545379326
450
0
451
0
460
0
461
0
452
1
462
1
453
2
463
0
63
5
421
255
463
1
63
7
421
16777215
470
LINEAR
1001
ACAD
1010
0
1020
0
1030
0
0
HATCH
5
74d
100
AcDbEntity
8
TopSolderMaskLayer
100
AcDbHatch
10
0
20
0
30
0
210
0
220
0
230
1
2
SOLID
70
1
71
0
91
1
92
7
72
0
73
1
93
4
10
69.49855139065107
20
100.35062655716717
10
69.49855139065107
20
101.19578220303401
10
70.45572851790871
20
101.19578220303401
10
70.45572851790871
20
100.35062655716717
97
1
330

75
0
76
1
47
0.4128176842155181
98
1
10
34.90568961886538
20
22.81183545379326
450
0
451
0
460
0
461
0
452
1
462
1
453
2
463
0
63
5
421
255
463
1
63
7
421
16777215
470
LINEAR
1001
ACAD
1010
0
1020
0
1030
0
0
HATCH
5
750
100
AcDbEntity
8
TopPasteMaskLayer
100
AcDbHatch
10
0
20
0
30
0
210
0
220
0
230
1
2
SOLID
70
1
71
0
91
1
92
7
72
0
73
1
93
4
10
69.52712725425454
20
100.37320294640597
10
69.52712725425454
20
101.17320294640604
10
70.42715265430547
20
101.17320294640604
10
70.42715265430547
20
100.37320294640597
97
1
330

75
0
76
1
47
0.4128176842155181
98
1
10
34.90568961886538
20
22.81183545379326
450
0
451
0
460
0
461
0
452
1
462
1
453
2
463
0
63
5
421
255
463
1
63
7
421
16777215
470
LINEAR
1001
ACAD
1010
0
1020
0
1030
0
0
HATCH
5
753
100
AcDbEntity
8
TopLayer
100
AcDbHatch
10
0
20
0
30
0
210
0
220
0
230
1
2
SOLID
70
1
71
0
91
1
92
7
72
0
73
1
93
4
10
69.52712725425454
20
100.37320294640597
10
69.52712725425454
20
101.17320294640604
10
70.42715265430547
20
101.17320294640604
10
70.42715265430547
20
100.37320294640597
97
1
330

75
0
76
1
47
0.4128176842155181
98
1
10
34.90568961886538
20
22.81183545379326
450
0
451
0
460
0
461
0
452
1
462
1
453
2
463
0
63
5
421
255
463
1
63
7
421
16777215
470
LINEAR
1001
ACAD
1010
0
1020
0
1030
0
0
HATCH
5
756
100
AcDbEntity
8
TopSolderMaskLayer
100
AcDbHatch
10
0
20
0
30
0
210
0
220
0
230
1
2
SOLID
70
1
71
0
91
1
92
7
72
0
73
1
93
4
10
63.91054021462878
20
57.046534281599065
10
63.91054021462878
20
57.891689927465904
10
64.86771734188642
20
57.891689927465904
10
64.86771734188642
20
57.046534281599065
97
1
330

75
0
76
1
47
0.4128176842155181
98
1
10
34.90568961886538
20
22.81183545379326
450
0
451
0
460
0
461
0
452
1
462
1
453
2
463
0
63
5
421
255
463
1
63
7
421
16777215
470
LINEAR
1001
ACAD
1010
0
1020
0
1030
0
0
HATCH
5
759
100
AcDbEntity
8
TopPasteMaskLayer
100
AcDbHatch
10
0
20
0
30
0
210
0
220
0
230
1
2
SOLID
70
1
71
0
91
1
92
7
72
0
73
1
93
4
10
63.93911607823202
20
57.06911353822704
10
63.93911607823202
20
57.86911353822711
10
64.83914147828295
20
57.86911353822711
10
64.83914147828295
20
57.06911353822704
97
1
330

75
0
76
1
47
0.4128176842155181
98
1
10
34.90568961886538
20
22.81183545379326
450
0
451
0
460
0
461
0
452
1
462
1
453
2
463
0
63
5
421
255
463
1
63
7
421
16777215
470
LINEAR
1001
ACAD
1010
0
1020
0
1030
0
0
HATCH
5
75c
100
AcDbEntity
8
TopLayer
100
AcDbHatch
10
0
20
0
30
0
210
0
220
0
230
1
2
SOLID
70
1
71
0
91
1
92
7
72
0
73
1
93
4
10
63.93911607823202
20
57.06911353822704
10
63.93911607823202
20
57.86911353822711
10
64.83914147828295
20
57.86911353822711
10
64.83914147828295
20
57.06911353822704
97
1
330

75
0
76
1
47
0.4128176842155181
98
1
10
34.90568961886538
20
22.81183545379326
450
0
451
0
460
0
461
0
452
1
462
1
453
2
463
0
63
5
421
255
463
1
63
7
421
16777215
470
LINEAR
1001
ACAD
1010
0
1020
0
1030
0
0
HATCH
5
75f
100
AcDbEntity
8
TopSolderMaskLayer
100
AcDbHatch
10
0
20
0
30
0
210
0
220
0
230
1
2
SOLID
70
1
71
0
91
1
92
7
72
0
73
1
93
4
10
63.91054021462878
20
55.646537148988386
10
63.91054021462878
20
56.491692794855226
10
64.86771734188642
20
56.491692794855226
10
64.86771734188642
20
55.646537148988386
97
1
330

75
0
76
1
47
0.4128176842155181
98
1
10
34.90568961886538
20
22.81183545379326
450
0
451
0
460
0
461
0
452
1
462
1
453
2
463
0
63
5
421
255
463
1
63
7
421
16777215
470
LINEAR
1001
ACAD
1010
0
1020
0
1030
0
0
HATCH
5
762
100
AcDbEntity
8
TopPasteMaskLayer
100
AcDbHatch
10
0
20
0
30
0
210
0
220
0
230
1
2
SOLID
70
1
71
0
91
1
92
7
72
0
73
1
93
4
10
63.93911607823202
20
55.66911353822718
10
63.93911607823202
20
56.469113538227134
10
64.83914147828295
20
56.469113538227134
10
64.83914147828295
20
55.66911353822718
97
1
330

75
0
76
1
47
0.4128176842155181
98
1
10
34.90568961886538
20
22.81183545379326
450
0
451
0
460
0
461
0
452
1
462
1
453
2
463
0
63
5
421
255
463
1
63
7
421
16777215
470
LINEAR
1001
ACAD
1010
0
1020
0
1030
0
0
HATCH
5
765
100
AcDbEntity
8
TopLayer
100
AcDbHatch
10
0
20
0
30
0
210
0
220
0
230
1
2
SOLID
70
1
71
0
91
1
92
7
72
0
73
1
93
4
10
63.93911607823202
20
55.66911353822718
10
63.93911607823202
20
56.469113538227134
10
64.83914147828295
20
56.469113538227134
10
64.83914147828295
20
55.66911353822718
97
1
330

75
0
76
1
47
0.4128176842155181
98
1
10
34.90568961886538
20
22.81183545379326
450
0
451
0
460
0
461
0
452
1
462
1
453
2
463
0
63
5
421
255
463
1
63
7
421
16777215
470
LINEAR
1001
ACAD
1010
0
1020
0
1030
0
0
HATCH
5
768
100
AcDbEntity
8
TopSolderMaskLayer
100
AcDbHatch
10
0
20
0
30
0
210
0
220
0
230
1
2
SOLID
70
1
71
0
91
1
92
7
72
0
73
1
93
4
10
38.451664509780585
20
60.42870066887099
10
38.451664509780585
20
59.58354502300415
10
37.494487382523175
20
59.58354502300415
10
37.494487382523175
20
60.42870066887099
97
1
330

75
0
76
1
47
0.4128176842155181
98
1
10
34.90568961886538
20
22.81183545379326
450
0
451
0
460
0
461
0
452
1
462
1
453
2
463
0
63
5
421
255
463
1
63
7
421
16777215
470
LINEAR
1001
ACAD
1010
0
1020
0
1030
0
0
HATCH
5
76b
100
AcDbEntity
8
TopPasteMaskLayer
100
AcDbHatch
10
0
20
0
30
0
210
0
220
0
230
1
2
SOLID
70
1
71
0
91
1
92
7
72
0
73
1
93
4
10
38.42308864617735
20
60.406121412242896
10
38.42308864617735
20
59.60612141224283
10
37.52306324612641
20
59.60612141224283
10
37.52306324612641
20
60.406121412242896
97
1
330

75
0
76
1
47
0.4128176842155181
98
1
10
34.90568961886538
20
22.81183545379326
450
0
451
0
460
0
461
0
452
1
462
1
453
2
463
0
63
5
421
255
463
1
63
7
421
16777215
470
LINEAR
1001
ACAD
1010
0
1020
0
1030
0
0
HATCH
5
76e
100
AcDbEntity
8
TopLayer
100
AcDbHatch
10
0
20
0
30
0
210
0
220
0
230
1
2
SOLID
70
1
71
0
91
1
92
7
72
0
73
1
93
4
10
38.42308864617735
20
60.406121412242896
10
38.42308864617735
20
59.60612141224283
10
37.52306324612641
20
59.60612141224283
10
37.52306324612641
20
60.406121412242896
97
1
330

75
0
76
1
47
0.4128176842155181
98
1
10
34.90568961886538
20
22.81183545379326
450
0
451
0
460
0
461
0
452
1
462
1
453
2
463
0
63
5
421
255
463
1
63
7
421
16777215
470
LINEAR
1001
ACAD
1010
0
1020
0
1030
0
0
HATCH
5
771
100
AcDbEntity
8
TopSolderMaskLayer
100
AcDbHatch
10
0
20
0
30
0
210
0
220
0
230
1
2
SOLID
70
1
71
0
91
1
92
7
72
0
73
1
93
4
10
38.451664509780585
20
61.82869780148167
10
38.451664509780585
20
60.98354215561483
10
37.494487382523175
20
60.98354215561483
10
37.494487382523175
20
61.82869780148167
97
1
330

75
0
76
1
47
0.4128176842155181
98
1
10
34.90568961886538
20
22.81183545379326
450
0
451
0
460
0
461
0
452
1
462
1
453
2
463
0
63
5
421
255
463
1
63
7
421
16777215
470
LINEAR
1001
ACAD
1010
0
1020
0
1030
0
0
HATCH
5
774
100
AcDbEntity
8
TopPasteMaskLayer
100
AcDbHatch
10
0
20
0
30
0
210
0
220
0
230
1
2
SOLID
70
1
71
0
91
1
92
7
72
0
73
1
93
4
10
38.42308864617735
20
61.806121412242874
10
38.42308864617735
20
61.006121412242805
10
37.52306324612641
20
61.006121412242805
10
37.52306324612641
20
61.806121412242874
97
1
330

75
0
76
1
47
0.4128176842155181
98
1
10
34.90568961886538
20
22.81183545379326
450
0
451
0
460
0
461
0
452
1
462
1
453
2
463
0
63
5
421
255
463
1
63
7
421
16777215
470
LINEAR
1001
ACAD
1010
0
1020
0
1030
0
0
HATCH
5
777
100
AcDbEntity
8
TopLayer
100
AcDbHatch
10
0
20
0
30
0
210
0
220
0
230
1
2
SOLID
70
1
71
0
91
1
92
7
72
0
73
1
93
4
10
38.42308864617735
20
61.806121412242874
10
38.42308864617735
20
61.006121412242805
10
37.52306324612641
20
61.006121412242805
10
37.52306324612641
20
61.806121412242874
97
1
330

75
0
76
1
47
0.4128176842155181
98
1
10
34.90568961886538
20
22.81183545379326
450
0
451
0
460
0
461
0
452
1
462
1
453
2
463
0
63
5
421
255
463
1
63
7
421
16777215
470
LINEAR
1001
ACAD
1010
0
1020
0
1030
0
0
HATCH
5
77a
100
AcDbEntity
8
TopSolderMaskLayer
100
AcDbHatch
10
0
20
0
30
0
210
0
220
0
230
1
2
SOLID
70
1
71
0
91
1
92
7
72
0
73
1
93
4
10
38.97958911186652
20
92.47376422891796
10
38.32878901026629
20
92.47376422891796
10
38.32878901026629
20
93.82456433051834
10
38.97958911186652
20
93.82456433051834
97
1
330

75
0
76
1
47
0.4128176842155181
98
1
10
34.90568961886538
20
22.81183545379326
450
0
451
0
460
0
461
0
452
1
462
1
453
2
463
0
63
5
421
255
463
1
63
7
421
16777215
470
LINEAR
1001
ACAD
1010
0
1020
0
1030
0
0
HATCH
5
77d
100
AcDbEntity
8
TopPasteMaskLayer
100
AcDbHatch
10
0
20
0
30
0
210
0
220
0
230
1
2
SOLID
70
1
71
0
91
1
92
7
72
0
73
1
93
4
10
38.95417830835663
20
92.4991617983236
10
38.35417830835672
20
92.4991617983236
10
38.35417830835672
20
93.79916179832367
10
38.95417830835663
20
93.79916179832367
97
1
330

75
0
76
1
47
0.4128176842155181
98
1
10
34.90568961886538
20
22.81183545379326
450
0
451
0
460
0
461
0
452
1
462
1
453
2
463
0
63
5
421
255
463
1
63
7
421
16777215
470
LINEAR
1001
ACAD
1010
0
1020
0
1030
0
0
HATCH
5
780
100
AcDbEntity
8
TopLayer
100
AcDbHatch
10
0
20
0
30
0
210
0
220
0
230
1
2
SOLID
70
1
71
0
91
1
92
7
72
0
73
1
93
4
10
38.95417830835663
20
92.4991617983236
10
38.35417830835672
20
92.4991617983236
10
38.35417830835672
20
93.79916179832367
10
38.95417830835663
20
93.79916179832367
97
1
330

75
0
76
1
47
0.4128176842155181
98
1
10
34.90568961886538
20
22.81183545379326
450
0
451
0
460
0
461
0
452
1
462
1
453
2
463
0
63
5
421
255
463
1
63
7
421
16777215
470
LINEAR
1001
ACAD
1010
0
1020
0
1030
0
0
HATCH
5
783
100
AcDbEntity
8
TopSolderMaskLayer
100
AcDbHatch
10
0
20
0
30
0
210
0
220
0
230
1
2
SOLID
70
1
71
0
91
1
92
7
72
0
73
1
93
4
10
40.0795551096478
20
92.47376422891796
10
39.4287550080478
20
92.47376422891796
10
39.4287550080478
20
93.82456433051834
10
40.0795551096478
20
93.82456433051834
97
1
330

75
0
76
1
47
0.4128176842155181
98
1
10
34.90568961886538
20
22.81183545379326
450
0
451
0
460
0
461
0
452
1
462
1
453
2
463
0
63
5
421
255
463
1
63
7
421
16777215
470
LINEAR
1001
ACAD
1010
0
1020
0
1030
0
0
HATCH
5
786
100
AcDbEntity
8
TopPasteMaskLayer
100
AcDbHatch
10
0
20
0
30
0
210
0
220
0
230
1
2
SOLID
70
1
71
0
91
1
92
7
72
0
73
1
93
4
10
40.054152908305696
20
92.4991617983236
10
39.45415290830579
20
92.4991617983236
10
39.45415290830579
20
93.79916179832367
10
40.054152908305696
20
93.79916179832367
97
1
330

75
0
76
1
47
0.4128176842155181
98
1
10
34.90568961886538
20
22.81183545379326
450
0
451
0
460
0
461
0
452
1
462
1
453
2
463
0
63
5
421
255
463
1
63
7
421
16777215
470
LINEAR
1001
ACAD
1010
0
1020
0
1030
0
0
HATCH
5
789
100
AcDbEntity
8
TopLayer
100
AcDbHatch
10
0
20
0
30
0
210
0
220
0
230
1
2
SOLID
70
1
71
0
91
1
92
7
72
0
73
1
93
4
10
40.054152908305696
20
92.4991617983236
10
39.45415290830579
20
92.4991617983236
10
39.45415290830579
20
93.79916179832367
10
40.054152908305696
20
93.79916179832367
97
1
330

75
0
76
1
47
0.4128176842155181
98
1
10
34.90568961886538
20
22.81183545379326
450
0
451
0
460
0
461
0
452
1
462
1
453
2
463
0
63
5
421
255
463
1
63
7
421
16777215
470
LINEAR
1001
ACAD
1010
0
1020
0
1030
0
0
HATCH
5
78c
100
AcDbEntity
8
TopSolderMaskLayer
100
AcDbHatch
10
0
20
0
30
0
210
0
220
0
230
1
2
SOLID
70
1
71
0
91
1
92
7
72
0
73
1
93
4
10
41.17952110742931
20
92.47376422891796
10
40.528721005829084
20
92.47376422891796
10
40.528721005829084
20
93.82456433051834
10
41.17952110742931
20
93.82456433051834
97
1
330

75
0
76
1
47
0.4128176842155181
98
1
10
34.90568961886538
20
22.81183545379326
450
0
451
0
460
0
461
0
452
1
462
1
453
2
463
0
63
5
421
255
463
1
63
7
421
16777215
470
LINEAR
1001
ACAD
1010
0
1020
0
1030
0
0
HATCH
5
78f
100
AcDbEntity
8
TopPasteMaskLayer
100
AcDbHatch
10
0
20
0
30
0
210
0
220
0
230
1
2
SOLID
70
1
71
0
91
1
92
7
72
0
73
1
93
4
10
41.15412750825499
20
92.4991617983236
10
40.55412750825508
20
92.4991617983236
10
40.55412750825508
20
93.79916179832367
10
41.15412750825499
20
93.79916179832367
97
1
330

75
0
76
1
47
0.4128176842155181
98
1
10
34.90568961886538
20
22.81183545379326
450
0
451
0
460
0
461
0
452
1
462
1
453
2
463
0
63
5
421
255
463
1
63
7
421
16777215
470
LINEAR
1001
ACAD
1010
0
1020
0
1030
0
0
HATCH
5
792
100
AcDbEntity
8
TopLayer
100
AcDbHatch
10
0
20
0
30
0
210
0
220
0
230
1
2
SOLID
70
1
71
0
91
1
92
7
72
0
73
1
93
4
10
41.15412750825499
20
92.4991617983236
10
40.55412750825508
20
92.4991617983236
10
40.55412750825508
20
93.79916179832367
10
41.15412750825499
20
93.79916179832367
97
1
330

75
0
76
1
47
0.4128176842155181
98
1
10
34.90568961886538
20
22.81183545379326
450
0
451
0
460
0
461
0
452
1
462
1
453
2
463
0
63
5
421
255
463
1
63
7
421
16777215
470
LINEAR
1001
ACAD
1010
0
1020
0
1030
0
0
HATCH
5
795
100
AcDbEntity
8
TopSolderMaskLayer
100
AcDbHatch
10
0
20
0
30
0
210
0
220
0
230
1
2
SOLID
70
1
71
0
91
1
92
7
72
0
73
1
93
4
10
42.27950861063027
20
92.47376422891796
10
41.62870850903005
20
92.47376422891796
10
41.62870850903005
20
93.82456433051834
10
42.27950861063027
20
93.82456433051834
97
1
330

75
0
76
1
47
0.4128176842155181
98
1
10
34.90568961886538
20
22.81183545379326
450
0
451
0
460
0
461
0
452
1
462
1
453
2
463
0
63
5
421
255
463
1
63
7
421
16777215
470
LINEAR
1001
ACAD
1010
0
1020
0
1030
0
0
HATCH
5
798
100
AcDbEntity
8
TopPasteMaskLayer
100
AcDbHatch
10
0
20
0
30
0
210
0
220
0
230
1
2
SOLID
70
1
71
0
91
1
92
7
72
0
73
1
93
4
10
42.25410210820428
20
92.4991617983236
10
41.65410210820414
20
92.4991617983236
10
41.65410210820414
20
93.79916179832367
10
42.25410210820428
20
93.79916179832367
97
1
330

75
0
76
1
47
0.4128176842155181
98
1
10
34.90568961886538
20
22.81183545379326
450
0
451
0
460
0
461
0
452
1
462
1
453
2
463
0
63
5
421
255
463
1
63
7
421
16777215
470
LINEAR
1001
ACAD
1010
0
1020
0
1030
0
0
HATCH
5
79b
100
AcDbEntity
8
TopLayer
100
AcDbHatch
10
0
20
0
30
0
210
0
220
0
230
1
2
SOLID
70
1
71
0
91
1
92
7
72
0
73
1
93
4
10
42.25410210820428
20
92.4991617983236
10
41.65410210820414
20
92.4991617983236
10
41.65410210820414
20
93.79916179832367
10
42.25410210820428
20
93.79916179832367
97
1
330

75
0
76
1
47
0.4128176842155181
98
1
10
34.90568961886538
20
22.81183545379326
450
0
451
0
460
0
461
0
452
1
462
1
453
2
463
0
63
5
421
255
463
1
63
7
421
16777215
470
LINEAR
1001
ACAD
1010
0
1020
0
1030
0
0
HATCH
5
79e
100
AcDbEntity
8
TopSolderMaskLayer
100
AcDbHatch
10
0
20
0
30
0
210
0
220
0
230
1
2
SOLID
70
1
71
0
91
1
92
7
72
0
73
1
93
4
10
43.37950215900446
20
92.47376422891796
10
42.72870205740401
20
92.47376422891796
10
42.72870205740401
20
93.82456433051834
10
43.37950215900446
20
93.82456433051834
97
1
330

75
0
76
1
47
0.4128176842155181
98
1
10
34.90568961886538
20
22.81183545379326
450
0
451
0
460
0
461
0
452
1
462
1
453
2
463
0
63
5
421
255
463
1
63
7
421
16777215
470
LINEAR
1001
ACAD
1010
0
1020
0
1030
0
0
HATCH
5
7a1
100
AcDbEntity
8
TopPasteMaskLayer
100
AcDbHatch
10
0
20
0
30
0
210
0
220
0
230
1
2
SOLID
70
1
71
0
91
1
92
7
72
0
73
1
93
4
10
43.35410210820419
20
92.4991617983236
10
42.75410210820428
20
92.4991617983236
10
42.75410210820428
20
93.79916179832367
10
43.35410210820419
20
93.79916179832367
97
1
330

75
0
76
1
47
0.4128176842155181
98
1
10
34.90568961886538
20
22.81183545379326
450
0
451
0
460
0
461
0
452
1
462
1
453
2
463
0
63
5
421
255
463
1
63
7
421
16777215
470
LINEAR
1001
ACAD
1010
0
1020
0
1030
0
0
HATCH
5
7a4
100
AcDbEntity
8
TopLayer
100
AcDbHatch
10
0
20
0
30
0
210
0
220
0
230
1
2
SOLID
70
1
71
0
91
1
92
7
72
0
73
1
93
4
10
43.35410210820419
20
92.4991617983236
10
42.75410210820428
20
92.4991617983236
10
42.75410210820428
20
93.79916179832367
10
43.35410210820419
20
93.79916179832367
97
1
330

75
0
76
1
47
0.4128176842155181
98
1
10
34.90568961886538
20
22.81183545379326
450
0
451
0
460
0
461
0
452
1
462
1
453
2
463
0
63
5
421
255
463
1
63
7
421
16777215
470
LINEAR
1001
ACAD
1010
0
1020
0
1030
0
0
HATCH
5
7a7
100
AcDbEntity
8
TopSolderMaskLayer
100
AcDbHatch
10
0
20
0
30
0
210
0
220
0
230
1
2
SOLID
70
1
71
0
91
1
92
7
72
0
73
1
93
4
10
44.47946815678574
20
92.47376422891796
10
43.828668055185744
20
92.47376422891796
10
43.828668055185744
20
93.82456433051834
10
44.47946815678574
20
93.82456433051834
97
1
330

75
0
76
1
47
0.4128176842155181
98
1
10
34.90568961886538
20
22.81183545379326
450
0
451
0
460
0
461
0
452
1
462
1
453
2
463
0
63
5
421
255
463
1
63
7
421
16777215
470
LINEAR
1001
ACAD
1010
0
1020
0
1030
0
0
HATCH
5
7aa
100
AcDbEntity
8
TopPasteMaskLayer
100
AcDbHatch
10
0
20
0
30
0
210
0
220
0
230
1
2
SOLID
70
1
71
0
91
1
92
7
72
0
73
1
93
4
10
44.45407670815348
20
92.4991617983236
10
43.85407670815357
20
92.4991617983236
10
43.85407670815357
20
93.79916179832367
10
44.45407670815348
20
93.79916179832367
97
1
330

75
0
76
1
47
0.4128176842155181
98
1
10
34.90568961886538
20
22.81183545379326
450
0
451
0
460
0
461
0
452
1
462
1
453
2
463
0
63
5
421
255
463
1
63
7
421
16777215
470
LINEAR
1001
ACAD
1010
0
1020
0
1030
0
0
HATCH
5
7ad
100
AcDbEntity
8
TopLayer
100
AcDbHatch
10
0
20
0
30
0
210
0
220
0
230
1
2
SOLID
70
1
71
0
91
1
92
7
72
0
73
1
93
4
10
44.45407670815348
20
92.4991617983236
10
43.85407670815357
20
92.4991617983236
10
43.85407670815357
20
93.79916179832367
10
44.45407670815348
20
93.79916179832367
97
1
330

75
0
76
1
47
0.4128176842155181
98
1
10
34.90568961886538
20
22.81183545379326
450
0
451
0
460
0
461
0
452
1
462
1
453
2
463
0
63
5
421
255
463
1
63
7
421
16777215
470
LINEAR
1001
ACAD
1010
0
1020
0
1030
0
0
HATCH
5
7b0
100
AcDbEntity
8
TopSolderMaskLayer
100
AcDbHatch
10
0
20
0
30
0
210
0
220
0
230
1
2
SOLID
70
1
71
0
91
1
92
7
72
0
73
1
93
4
10
45.57945565998671
20
92.47376422891796
10
44.92865555838648
20
92.47376422891796
10
44.92865555838648
20
93.82456433051834
10
45.57945565998671
20
93.82456433051834
97
1
330

75
0
76
1
47
0.4128176842155181
98
1
10
34.90568961886538
20
22.81183545379326
450
0
451
0
460
0
461
0
452
1
462
1
453
2
463
0
63
5
421
255
463
1
63
7
421
16777215
470
LINEAR
1001
ACAD
1010
0
1020
0
1030
0
0
HATCH
5
7b3
100
AcDbEntity
8
TopPasteMaskLayer
100
AcDbHatch
10
0
20
0
30
0
210
0
220
0
230
1
2
SOLID
70
1
71
0
91
1
92
7
72
0
73
1
93
4
10
45.55405130810277
20
92.4991617983236
10
44.954051308102635
20
92.4991617983236
10
44.954051308102635
20
93.79916179832367
10
45.55405130810277
20
93.79916179832367
97
1
330

75
0
76
1
47
0.4128176842155181
98
1
10
34.90568961886538
20
22.81183545379326
450
0
451
0
460
0
461
0
452
1
462
1
453
2
463
0
63
5
421
255
463
1
63
7
421
16777215
470
LINEAR
1001
ACAD
1010
0
1020
0
1030
0
0
HATCH
5
7b6
100
AcDbEntity
8
TopLayer
100
AcDbHatch
10
0
20
0
30
0
210
0
220
0
230
1
2
SOLID
70
1
71
0
91
1
92
7
72
0
73
1
93
4
10
45.55405130810277
20
92.4991617983236
10
44.954051308102635
20
92.4991617983236
10
44.954051308102635
20
93.79916179832367
10
45.55405130810277
20
93.79916179832367
97
1
330

75
0
76
1
47
0.4128176842155181
98
1
10
34.90568961886538
20
22.81183545379326
450
0
451
0
460
0
461
0
452
1
462
1
453
2
463
0
63
5
421
255
463
1
63
7
421
16777215
470
LINEAR
1001
ACAD
1010
0
1020
0
1030
0
0
HATCH
5
7b9
100
AcDbEntity
8
TopSolderMaskLayer
100
AcDbHatch
10
0
20
0
30
0
210
0
220
0
230
1
2
SOLID
70
1
71
0
91
1
92
7
72
0
73
1
93
4
10
46.679449208360666
20
92.47376422891796
10
46.02864910676044
20
92.47376422891796
10
46.02864910676044
20
93.82456433051834
10
46.679449208360666
20
93.82456433051834
97
1
330

75
0
76
1
47
0.4128176842155181
98
1
10
34.90568961886538
20
22.81183545379326
450
0
451
0
460
0
461
0
452
1
462
1
453
2
463
0
63
5
421
255
463
1
63
7
421
16777215
470
LINEAR
1001
ACAD
1010
0
1020
0
1030
0
0
HATCH
5
7bc
100
AcDbEntity
8
TopPasteMaskLayer
100
AcDbHatch
10
0
20
0
30
0
210
0
220
0
230
1
2
SOLID
70
1
71
0
91
1
92
7
72
0
73
1
93
4
10
46.65405130810245
20
92.4991617983236
10
46.05405130810277
20
92.4991617983236
10
46.05405130810277
20
93.79916179832367
10
46.65405130810245
20
93.79916179832367
97
1
330

75
0
76
1
47
0.4128176842155181
98
1
10
34.90568961886538
20
22.81183545379326
450
0
451
0
460
0
461
0
452
1
462
1
453
2
463
0
63
5
421
255
463
1
63
7
421
16777215
470
LINEAR
1001
ACAD
1010
0
1020
0
1030
0
0
HATCH
5
7bf
100
AcDbEntity
8
TopLayer
100
AcDbHatch
10
0
20
0
30
0
210
0
220
0
230
1
2
SOLID
70
1
71
0
91
1
92
7
72
0
73
1
93
4
10
46.65405130810245
20
92.4991617983236
10
46.05405130810277
20
92.4991617983236
10
46.05405130810277
20
93.79916179832367
10
46.65405130810245
20
93.79916179832367
97
1
330

75
0
76
1
47
0.4128176842155181
98
1
10
34.90568961886538
20
22.81183545379326
450
0
451
0
460
0
461
0
452
1
462
1
453
2
463
0
63
5
421
255
463
1
63
7
421
16777215
470
LINEAR
1001
ACAD
1010
0
1020
0
1030
0
0
HATCH
5
7c2
100
AcDbEntity
8
TopSolderMaskLayer
100
AcDbHatch
10
0
20
0
30
0
210
0
220
0
230
1
2
SOLID
70
1
71
0
91
1
92
7
72
0
73
1
93
4
10
47.779470307327756
20
92.47416665949959
10
47.12867020572753
20
92.47416665949959
10
47.12867020572753
20
93.82496676109986
10
47.779470307327756
20
93.82496676109986
97
1
330

75
0
76
1
47
0.4128176842155181
98
1
10
34.90568961886538
20
22.81183545379326
450
0
451
0
460
0
461
0
452
1
462
1
453
2
463
0
63
5
421
255
463
1
63
7
421
16777215
470
LINEAR
1001
ACAD
1010
0
1020
0
1030
0
0
HATCH
5
7c5
100
AcDbEntity
8
TopPasteMaskLayer
100
AcDbHatch
10
0
20
0
30
0
210
0
220
0
230
1
2
SOLID
70
1
71
0
91
1
92
7
72
0
73
1
93
4
10
47.754076708153434
20
92.49956819913643
10
47.1540767081533
20
92.49956819913643
10
47.1540767081533
20
93.7995681991365
10
47.754076708153434
20
93.7995681991365
97
1
330

75
0
76
1
47
0.4128176842155181
98
1
10
34.90568961886538
20
22.81183545379326
450
0
451
0
460
0
461
0
452
1
462
1
453
2
463
0
63
5
421
255
463
1
63
7
421
16777215
470
LINEAR
1001
ACAD
1010
0
1020
0
1030
0
0
HATCH
5
7c8
100
AcDbEntity
8
TopLayer
100
AcDbHatch
10
0
20
0
30
0
210
0
220
0
230
1
2
SOLID
70
1
71
0
91
1
92
7
72
0
73
1
93
4
10
47.754076708153434
20
92.49956819913643
10
47.1540767081533
20
92.49956819913643
10
47.1540767081533
20
93.7995681991365
10
47.754076708153434
20
93.7995681991365
97
1
330

75
0
76
1
47
0.4128176842155181
98
1
10
34.90568961886538
20
22.81183545379326
450
0
451
0
460
0
461
0
452
1
462
1
453
2
463
0
63
5
421
255
463
1
63
7
421
16777215
470
LINEAR
1001
ACAD
1010
0
1020
0
1030
0
0
HATCH
5
7cb
100
AcDbEntity
8
TopSolderMaskLayer
100
AcDbHatch
10
0
20
0
30
0
210
0
220
0
230
1
2
SOLID
70
1
71
0
91
1
92
7
72
0
73
1
93
4
10
49.279398408258885
20
93.2739866613374
10
48.02859830665898
20
93.2739866613374
10
48.02859830665898
20
94.72478676293758
10
49.279398408258885
20
94.72478676293758
97
1
330

75
0
76
1
47
0.4128176842155181
98
1
10
34.90568961886538
20
22.81183545379326
450
0
451
0
460
0
461
0
452
1
462
1
453
2
463
0
63
5
421
255
463
1
63
7
421
16777215
470
LINEAR
1001
ACAD
1010
0
1020
0
1030
0
0
HATCH
5
7ce
100
AcDbEntity
8
TopPasteMaskLayer
100
AcDbHatch
10
0
20
0
30
0
210
0
220
0
230
1
2
SOLID
70
1
71
0
91
1
92
7
72
0
73
1
93
4
10
49.2540005080009
20
93.29939039878082
10
48.05400050800108
20
93.29939039878082
10
48.05400050800108
20
94.69939039878079
10
49.2540005080009
20
94.69939039878079
97
1
330

75
0
76
1
47
0.4128176842155181
98
1
10
34.90568961886538
20
22.81183545379326
450
0
451
0
460
0
461
0
452
1
462
1
453
2
463
0
63
5
421
255
463
1
63
7
421
16777215
470
LINEAR
1001
ACAD
1010
0
1020
0
1030
0
0
HATCH
5
7d1
100
AcDbEntity
8
TopLayer
100
AcDbHatch
10
0
20
0
30
0
210
0
220
0
230
1
2
SOLID
70
1
71
0
91
1
92
7
72
0
73
1
93
4
10
49.2540005080009
20
93.29939039878082
10
48.05400050800108
20
93.29939039878082
10
48.05400050800108
20
94.69939039878079
10
49.2540005080009
20
94.69939039878079
97
1
330

75
0
76
1
47
0.4128176842155181
98
1
10
34.90568961886538
20
22.81183545379326
450
0
451
0
460
0
461
0
452
1
462
1
453
2
463
0
63
5
421
255
463
1
63
7
421
16777215
470
LINEAR
1001
ACAD
1010
0
1020
0
1030
0
0
HATCH
5
7d4
100
AcDbEntity
8
TopSolderMaskLayer
100
AcDbHatch
10
0
20
0
30
0
210
0
220
0
230
1
2
SOLID
70
1
71
0
91
1
92
7
72
0
73
1
93
4
10
34.59957142494909
20
93.2739866613374
10
33.34877132334918
20
93.2739866613374
10
33.34877132334918
20
94.72478676293758
10
34.59957142494909
20
94.72478676293758
97
1
330

75
0
76
1
47
0.4128176842155181
98
1
10
34.90568961886538
20
22.81183545379326
450
0
451
0
460
0
461
0
452
1
462
1
453
2
463
0
63
5
421
255
463
1
63
7
421
16777215
470
LINEAR
1001
ACAD
1010
0
1020
0
1030
0
0
HATCH
5
7d7
100
AcDbEntity
8
TopPasteMaskLayer
100
AcDbHatch
10
0
20
0
30
0
210
0
220
0
230
1
2
SOLID
70
1
71
0
91
1
92
7
72
0
73
1
93
4
10
34.574168148336184
20
93.29939039878082
10
33.374168148336366
20
93.29939039878082
10
33.374168148336366
20
94.69939039878079
10
34.574168148336184
20
94.69939039878079
97
1
330

75
0
76
1
47
0.4128176842155181
98
1
10
34.90568961886538
20
22.81183545379326
450
0
451
0
460
0
461
0
452
1
462
1
453
2
463
0
63
5
421
255
463
1
63
7
421
16777215
470
LINEAR
1001
ACAD
1010
0
1020
0
1030
0
0
HATCH
5
7da
100
AcDbEntity
8
TopLayer
100
AcDbHatch
10
0
20
0
30
0
210
0
220
0
230
1
2
SOLID
70
1
71
0
91
1
92
7
72
0
73
1
93
4
10
34.574168148336184
20
93.29939039878082
10
33.374168148336366
20
93.29939039878082
10
33.374168148336366
20
94.69939039878079
10
34.574168148336184
20
94.69939039878079
97
1
330

75
0
76
1
47
0.4128176842155181
98
1
10
34.90568961886538
20
22.81183545379326
450
0
451
0
460
0
461
0
452
1
462
1
453
2
463
0
63
5
421
255
463
1
63
7
421
16777215
470
LINEAR
1001
ACAD
1010
0
1020
0
1030
0
0
HATCH
5
7dd
100
AcDbEntity
8
TopSolderMaskLayer
100
AcDbHatch
10
0
20
0
30
0
210
0
220
0
230
1
2
SOLID
70
1
71
0
91
1
92
7
72
0
73
1
93
4
10
33.75945936838116
20
102.67579117093726
10
32.508659266780796
20
102.67579117093726
10
32.508659266780796
20
104.72659127253735
10
33.75945936838116
20
104.72659127253735
97
1
330

75
0
76
1
47
0.4128176842155181
98
1
10
34.90568961886538
20
22.81183545379326
450
0
451
0
460
0
461
0
452
1
462
1
453
2
463
0
63
5
421
255
463
1
63
7
421
16777215
470
LINEAR
1001
ACAD
1010
0
1020
0
1030
0
0
HATCH
5
7e0
100
AcDbEntity
8
TopPasteMaskLayer
100
AcDbHatch
10
0
20
0
30
0
210
0
220
0
230
1
2
SOLID
70
1
71
0
91
1
92
7
72
0
73
1
93
4
10
33.734061468122945
20
102.7011938023877
10
32.5340614681229
20
102.7011938023877
10
32.5340614681229
20
104.70119380238759
10
33.734061468122945
20
104.70119380238759
97
1
330

75
0
76
1
47
0.4128176842155181
98
1
10
34.90568961886538
20
22.81183545379326
450
0
451
0
460
0
461
0
452
1
462
1
453
2
463
0
63
5
421
255
463
1
63
7
421
16777215
470
LINEAR
1001
ACAD
1010
0
1020
0
1030
0
0
HATCH
5
7e3
100
AcDbEntity
8
TopLayer
100
AcDbHatch
10
0
20
0
30
0
210
0
220
0
230
1
2
SOLID
70
1
71
0
91
1
92
7
72
0
73
1
93
4
10
33.734061468122945
20
102.7011938023877
10
32.5340614681229
20
102.7011938023877
10
32.5340614681229
20
104.70119380238759
10
33.734061468122945
20
104.70119380238759
97
1
330

75
0
76
1
47
0.4128176842155181
98
1
10
34.90568961886538
20
22.81183545379326
450
0
451
0
460
0
461
0
452
1
462
1
453
2
463
0
63
5
421
255
463
1
63
7
421
16777215
470
LINEAR
1001
ACAD
1010
0
1020
0
1030
0
0
HATCH
5
7e6
100
AcDbEntity
8
TopSolderMaskLayer
100
AcDbHatch
10
0
20
0
30
0
210
0
220
0
230
1
2
SOLID
70
1
71
0
91
1
92
7
72
0
73
1
93
4
10
49.2795307848678
20
102.67579117093726
10
48.02873068326767
20
102.67579117093726
10
48.02873068326767
20
104.72659127253735
10
49.2795307848678
20
104.72659127253735
97
1
330

75
0
76
1
47
0.4128176842155181
98
1
10
34.90568961886538
20
22.81183545379326
450
0
451
0
460
0
461
0
452
1
462
1
453
2
463
0
63
5
421
255
463
1
63
7
421
16777215
470
LINEAR
1001
ACAD
1010
0
1020
0
1030
0
0
HATCH
5
7e9
100
AcDbEntity
8
TopPasteMaskLayer
100
AcDbHatch
10
0
20
0
30
0
210
0
220
0
230
1
2
SOLID
70
1
71
0
91
1
92
7
72
0
73
1
93
4
10
49.254127508254896
20
102.7011938023877
10
48.05412750825485
20
102.7011938023877
10
48.05412750825485
20
104.70119380238759
10
49.254127508254896
20
104.70119380238759
97
1
330

75
0
76
1
47
0.4128176842155181
98
1
10
34.90568961886538
20
22.81183545379326
450
0
451
0
460
0
461
0
452
1
462
1
453
2
463
0
63
5
421
255
463
1
63
7
421
16777215
470
LINEAR
1001
ACAD
1010
0
1020
0
1030
0
0
HATCH
5
7ec
100
AcDbEntity
8
TopLayer
100
AcDbHatch
10
0
20
0
30
0
210
0
220
0
230
1
2
SOLID
70
1
71
0
91
1
92
7
72
0
73
1
93
4
10
49.254127508254896
20
102.7011938023877
10
48.05412750825485
20
102.7011938023877
10
48.05412750825485
20
104.70119380238759
10
49.254127508254896
20
104.70119380238759
97
1
330

75
0
76
1
47
0.4128176842155181
98
1
10
34.90568961886538
20
22.81183545379326
450
0
451
0
460
0
461
0
452
1
462
1
453
2
463
0
63
5
421
255
463
1
63
7
421
16777215
470
LINEAR
1001
ACAD
1010
0
1020
0
1030
0
0
HATCH
5
801
100
AcDbEntity
8
TopSolderMaskLayer
100
AcDbHatch
10
0
20
0
30
0
210
0
220
0
230
1
2
SOLID
70
1
71
0
91
1
92
7
72
0
73
1
93
4
10
79.04808250838755
20
77.5116016123751
10
79.04808250838755
20
78.06878954840727
10
80.22242803263362
20
78.06878954840727
10
80.22242803263362
20
77.5116016123751
97
1
330

75
0
76
1
47
0.4128176842155181
98
1
10
34.90568961886538
20
22.81183545379326
450
0
451
0
460
0
461
0
452
1
462
1
453
2
463
0
63
5
421
255
463
1
63
7
421
16777215
470
LINEAR
1001
ACAD
1010
0
1020
0
1030
0
0
HATCH
5
804
100
AcDbEntity
8
TopPasteMaskLayer
100
AcDbHatch
10
0
20
0
30
0
210
0
220
0
230
1
2
SOLID
70
1
71
0
91
1
92
7
72
0
73
1
93
4
10
79.099263398527
20
77.5242062484125
10
79.099263398527
20
78.05618491236987
10
80.1712471424944
20
78.05618491236987
10
80.1712471424944
20
77.5242062484125
97
1
330

75
0
76
1
47
0.4128176842155181
98
1
10
34.90568961886538
20
22.81183545379326
450
0
451
0
460
0
461
0
452
1
462
1
453
2
463
0
63
5
421
255
463
1
63
7
421
16777215
470
LINEAR
1001
ACAD
1010
0
1020
0
1030
0
0
HATCH
5
807
100
AcDbEntity
8
TopLayer
100
AcDbHatch
10
0
20
0
30
0
210
0
220
0
230
1
2
SOLID
70
1
71
0
91
1
92
7
72
0
73
1
93
4
10
79.099263398527
20
77.5242062484125
10
79.099263398527
20
78.05618491236987
10
80.1712471424944
20
78.05618491236987
10
80.1712471424944
20
77.5242062484125
97
1
330

75
0
76
1
47
0.4128176842155181
98
1
10
34.90568961886538
20
22.81183545379326
450
0
451
0
460
0
461
0
452
1
462
1
453
2
463
0
63
5
421
255
463
1
63
7
421
16777215
470
LINEAR
1001
ACAD
1010
0
1020
0
1030
0
0
HATCH
5
80a
100
AcDbEntity
8
TopSolderMaskLayer
100
AcDbHatch
10
0
20
0
30
0
210
0
220
0
230
1
2
SOLID
70
1
71
0
91
1
92
7
72
0
73
1
93
4
10
79.04808250838755
20
78.461563512299
10
79.04808250838755
20
79.01875144833105
10
80.22242803263362
20
79.01875144833105
10
80.22242803263362
20
78.461563512299
97
1
330

75
0
76
1
47
0.4128176842155181
98
1
10
34.90568961886538
20
22.81183545379326
450
0
451
0
460
0
461
0
452
1
462
1
453
2
463
0
63
5
421
255
463
1
63
7
421
16777215
470
LINEAR
1001
ACAD
1010
0
1020
0
1030
0
0
HATCH
5
80d
100
AcDbEntity
8
TopPasteMaskLayer
100
AcDbHatch
10
0
20
0
30
0
210
0
220
0
230
1
2
SOLID
70
1
71
0
91
1
92
7
72
0
73
1
93
4
10
79.099263398527
20
78.47416814833639
10
79.099263398527
20
79.00614681229365
10
80.1712471424944
20
79.00614681229365
10
80.1712471424944
20
78.47416814833639
97
1
330

75
0
76
1
47
0.4128176842155181
98
1
10
34.90568961886538
20
22.81183545379326
450
0
451
0
460
0
461
0
452
1
462
1
453
2
463
0
63
5
421
255
463
1
63
7
421
16777215
470
LINEAR
1001
ACAD
1010
0
1020
0
1030
0
0
HATCH
5
810
100
AcDbEntity
8
TopLayer
100
AcDbHatch
10
0
20
0
30
0
210
0
220
0
230
1
2
SOLID
70
1
71
0
91
1
92
7
72
0
73
1
93
4
10
79.099263398527
20
78.47416814833639
10
79.099263398527
20
79.00614681229365
10
80.1712471424944
20
79.00614681229365
10
80.1712471424944
20
78.47416814833639
97
1
330

75
0
76
1
47
0.4128176842155181
98
1
10
34.90568961886538
20
22.81183545379326
450
0
451
0
460
0
461
0
452
1
462
1
453
2
463
0
63
5
421
255
463
1
63
7
421
16777215
470
LINEAR
1001
ACAD
1010
0
1020
0
1030
0
0
HATCH
5
813
100
AcDbEntity
8
TopSolderMaskLayer
100
AcDbHatch
10
0
20
0
30
0
210
0
220
0
230
1
2
SOLID
70
1
71
0
91
1
92
7
72
0
73
1
93
4
10
79.04808250838755
20
79.41152541222277
10
79.04808250838755
20
79.96871334825494
10
80.22242803263362
20
79.96871334825494
10
80.22242803263362
20
79.41152541222277
97
1
330

75
0
76
1
47
0.4128176842155181
98
1
10
34.90568961886538
20
22.81183545379326
450
0
451
0
460
0
461
0
452
1
462
1
453
2
463
0
63
5
421
255
463
1
63
7
421
16777215
470
LINEAR
1001
ACAD
1010
0
1020
0
1030
0
0
HATCH
5
816
100
AcDbEntity
8
TopPasteMaskLayer
100
AcDbHatch
10
0
20
0
30
0
210
0
220
0
230
1
2
SOLID
70
1
71
0
91
1
92
7
72
0
73
1
93
4
10
79.099263398527
20
79.42413004826005
10
79.099263398527
20
79.95610871221754
10
80.1712471424944
20
79.95610871221754
10
80.1712471424944
20
79.42413004826005
97
1
330

75
0
76
1
47
0.4128176842155181
98
1
10
34.90568961886538
20
22.81183545379326
450
0
451
0
460
0
461
0
452
1
462
1
453
2
463
0
63
5
421
255
463
1
63
7
421
16777215
470
LINEAR
1001
ACAD
1010
0
1020
0
1030
0
0
HATCH
5
819
100
AcDbEntity
8
TopLayer
100
AcDbHatch
10
0
20
0
30
0
210
0
220
0
230
1
2
SOLID
70
1
71
0
91
1
92
7
72
0
73
1
93
4
10
79.099263398527
20
79.42413004826005
10
79.099263398527
20
79.95610871221754
10
80.1712471424944
20
79.95610871221754
10
80.1712471424944
20
79.42413004826005
97
1
330

75
0
76
1
47
0.4128176842155181
98
1
10
34.90568961886538
20
22.81183545379326
450
0
451
0
460
0
461
0
452
1
462
1
453
2
463
0
63
5
421
255
463
1
63
7
421
16777215
470
LINEAR
1001
ACAD
1010
0
1020
0
1030
0
0
HATCH
5
81c
100
AcDbEntity
8
TopSolderMaskLayer
100
AcDbHatch
10
0
20
0
30
0
210
0
220
0
230
1
2
SOLID
70
1
71
0
91
1
92
7
72
0
73
1
93
4
10
76.74988591199417
20
79.41152541222277
10
76.74988591199417
20
79.96871334825494
10
77.92423143624023
20
79.96871334825494
10
77.92423143624023
20
79.41152541222277
97
1
330

75
0
76
1
47
0.4128176842155181
98
1
10
34.90568961886538
20
22.81183545379326
450
0
451
0
460
0
461
0
452
1
462
1
453
2
463
0
63
5
421
255
463
1
63
7
421
16777215
470
LINEAR
1001
ACAD
1010
0
1020
0
1030
0
0
HATCH
5
81f
100
AcDbEntity
8
TopPasteMaskLayer
100
AcDbHatch
10
0
20
0
30
0
210
0
220
0
230
1
2
SOLID
70
1
71
0
91
1
92
7
72
0
73
1
93
4
10
76.80106680213362
20
79.42413004826005
10
76.80106680213362
20
79.95610871221754
10
77.87305054610101
20
79.95610871221754
10
77.87305054610101
20
79.42413004826005
97
1
330

75
0
76
1
47
0.4128176842155181
98
1
10
34.90568961886538
20
22.81183545379326
450
0
451
0
460
0
461
0
452
1
462
1
453
2
463
0
63
5
421
255
463
1
63
7
421
16777215
470
LINEAR
1001
ACAD
1010
0
1020
0
1030
0
0
HATCH
5
822
100
AcDbEntity
8
TopLayer
100
AcDbHatch
10
0
20
0
30
0
210
0
220
0
230
1
2
SOLID
70
1
71
0
91
1
92
7
72
0
73
1
93
4
10
76.80106680213362
20
79.42413004826005
10
76.80106680213362
20
79.95610871221754
10
77.87305054610101
20
79.95610871221754
10
77.87305054610101
20
79.42413004826005
97
1
330

75
0
76
1
47
0.4128176842155181
98
1
10
34.90568961886538
20
22.81183545379326
450
0
451
0
460
0
461
0
452
1
462
1
453
2
463
0
63
5
421
255
463
1
63
7
421
16777215
470
LINEAR
1001
ACAD
1010
0
1020
0
1030
0
0
HATCH
5
825
100
AcDbEntity
8
TopSolderMaskLayer
100
AcDbHatch
10
0
20
0
30
0
210
0
220
0
230
1
2
SOLID
70
1
71
0
91
1
92
7
72
0
73
1
93
4
10
76.74988591199417
20
78.461563512299
10
76.74988591199417
20
79.01875144833105
10
77.92423143624023
20
79.01875144833105
10
77.92423143624023
20
78.461563512299
97
1
330

75
0
76
1
47
0.4128176842155181
98
1
10
34.90568961886538
20
22.81183545379326
450
0
451
0
460
0
461
0
452
1
462
1
453
2
463
0
63
5
421
255
463
1
63
7
421
16777215
470
LINEAR
1001
ACAD
1010
0
1020
0
1030
0
0
HATCH
5
828
100
AcDbEntity
8
TopPasteMaskLayer
100
AcDbHatch
10
0
20
0
30
0
210
0
220
0
230
1
2
SOLID
70
1
71
0
91
1
92
7
72
0
73
1
93
4
10
76.80106680213362
20
78.47416814833639
10
76.80106680213362
20
79.00614681229365
10
77.87305054610101
20
79.00614681229365
10
77.87305054610101
20
78.47416814833639
97
1
330

75
0
76
1
47
0.4128176842155181
98
1
10
34.90568961886538
20
22.81183545379326
450
0
451
0
460
0
461
0
452
1
462
1
453
2
463
0
63
5
421
255
463
1
63
7
421
16777215
470
LINEAR
1001
ACAD
1010
0
1020
0
1030
0
0
HATCH
5
82b
100
AcDbEntity
8
TopLayer
100
AcDbHatch
10
0
20
0
30
0
210
0
220
0
230
1
2
SOLID
70
1
71
0
91
1
92
7
72
0
73
1
93
4
10
76.80106680213362
20
78.47416814833639
10
76.80106680213362
20
79.00614681229365
10
77.87305054610101
20
79.00614681229365
10
77.87305054610101
20
78.47416814833639
97
1
330

75
0
76
1
47
0.4128176842155181
98
1
10
34.90568961886538
20
22.81183545379326
450
0
451
0
460
0
461
0
452
1
462
1
453
2
463
0
63
5
421
255
463
1
63
7
421
16777215
470
LINEAR
1001
ACAD
1010
0
1020
0
1030
0
0
HATCH
5
82e
100
AcDbEntity
8
TopSolderMaskLayer
100
AcDbHatch
10
0
20
0
30
0
210
0
220
0
230
1
2
SOLID
70
1
71
0
91
1
92
7
72
0
73
1
93
4
10
76.74988591199417
20
77.5116016123751
10
76.74988591199417
20
78.06878954840727
10
77.92423143624023
20
78.06878954840727
10
77.92423143624023
20
77.5116016123751
97
1
330

75
0
76
1
47
0.4128176842155181
98
1
10
34.90568961886538
20
22.81183545379326
450
0
451
0
460
0
461
0
452
1
462
1
453
2
463
0
63
5
421
255
463
1
63
7
421
16777215
470
LINEAR
1001
ACAD
1010
0
1020
0
1030
0
0
HATCH
5
831
100
AcDbEntity
8
TopPasteMaskLayer
100
AcDbHatch
10
0
20
0
30
0
210
0
220
0
230
1
2
SOLID
70
1
71
0
91
1
92
7
72
0
73
1
93
4
10
76.80106680213362
20
77.5242062484125
10
76.80106680213362
20
78.05618491236987
10
77.87305054610101
20
78.05618491236987
10
77.87305054610101
20
77.5242062484125
97
1
330

75
0
76
1
47
0.4128176842155181
98
1
10
34.90568961886538
20
22.81183545379326
450
0
451
0
460
0
461
0
452
1
462
1
453
2
463
0
63
5
421
255
463
1
63
7
421
16777215
470
LINEAR
1001
ACAD
1010
0
1020
0
1030
0
0
HATCH
5
834
100
AcDbEntity
8
TopLayer
100
AcDbHatch
10
0
20
0
30
0
210
0
220
0
230
1
2
SOLID
70
1
71
0
91
1
92
7
72
0
73
1
93
4
10
76.80106680213362
20
77.5242062484125
10
76.80106680213362
20
78.05618491236987
10
77.87305054610101
20
78.05618491236987
10
77.87305054610101
20
77.5242062484125
97
1
330

75
0
76
1
47
0.4128176842155181
98
1
10
34.90568961886538
20
22.81183545379326
450
0
451
0
460
0
461
0
452
1
462
1
453
2
463
0
63
5
421
255
463
1
63
7
421
16777215
470
LINEAR
1001
ACAD
1010
0
1020
0
1030
0
0
HATCH
5
837
100
AcDbEntity
8
TopSolderMaskLayer
100
AcDbHatch
10
0
20
0
30
0
210
0
220
0
230
1
2
SOLID
70
1
71
0
91
1
92
7
72
0
73
1
93
4
10
65.48831382609023
20
98.23451479806181
10
65.13751372448974
20
98.23451479806181
10
65.13751372448974
20
99.78534115992966
10
65.48831382609023
20
99.78534115992966
97
1
330

75
0
76
1
47
0.4128176842155181
98
1
10
34.90568961886538
20
22.81183545379326
450
0
451
0
460
0
461
0
452
1
462
1
453
2
463
0
63
5
421
255
463
1
63
7
421
16777215
470
LINEAR
1001
ACAD
1010
0
1020
0
1030
0
0
HATCH
5
83a
100
AcDbEntity
8
TopPasteMaskLayer
100
AcDbHatch
10
0
20
0
30
0
210
0
220
0
230
1
2
SOLID
70
1
71
0
91
1
92
7
72
0
73
1
93
4
10
65.4629159258318
20
98.2599187198374
10
65.16291592583184
20
98.2599187198374
10
65.16291592583184
20
99.75994411988825
10
65.4629159258318
20
99.75994411988825
97
1
330

75
0
76
1
47
0.4128176842155181
98
1
10
34.90568961886538
20
22.81183545379326
450
0
451
0
460
0
461
0
452
1
462
1
453
2
463
0
63
5
421
255
463
1
63
7
421
16777215
470
LINEAR
1001
ACAD
1010
0
1020
0
1030
0
0
HATCH
5
83d
100
AcDbEntity
8
TopLayer
100
AcDbHatch
10
0
20
0
30
0
210
0
220
0
230
1
2
SOLID
70
1
71
0
91
1
92
7
72
0
73
1
93
4
10
65.4629159258318
20
98.2599187198374
10
65.16291592583184
20
98.2599187198374
10
65.16291592583184
20
99.75994411988825
10
65.4629159258318
20
99.75994411988825
97
1
330

75
0
76
1
47
0.4128176842155181
98
1
10
34.90568961886538
20
22.81183545379326
450
0
451
0
460
0
461
0
452
1
462
1
453
2
463
0
63
5
421
255
463
1
63
7
421
16777215
470
LINEAR
1001
ACAD
1010
0
1020
0
1030
0
0
HATCH
5
840
100
AcDbEntity
8
TopSolderMaskLayer
100
AcDbHatch
10
0
20
0
30
0
210
0
220
0
230
1
2
SOLID
70
1
71
0
91
1
92
7
72
0
73
1
93
4
10
64.99047283040818
20
98.23299079501385
10
64.63967272880791
20
98.23299079501385
10
64.63967272880791
20
99.7838171568817
10
64.99047283040818
20
99.7838171568817
97
1
330

75
0
76
1
47
0.4128176842155181
98
1
10
34.90568961886538
20
22.81183545379326
450
0
451
0
460
0
461
0
452
1
462
1
453
2
463
0
63
5
421
255
463
1
63
7
421
16777215
470
LINEAR
1001
ACAD
1010
0
1020
0
1030
0
0
HATCH
5
843
100
AcDbEntity
8
TopPasteMaskLayer
100
AcDbHatch
10
0
20
0
30
0
210
0
220
0
230
1
2
SOLID
70
1
71
0
91
1
92
7
72
0
73
1
93
4
10
64.96507493014997
20
98.25839471678944
10
64.66507493015001
20
98.25839471678944
10
64.66507493015001
20
99.75842011684028
10
64.96507493014997
20
99.75842011684028
97
1
330

75
0
76
1
47
0.4128176842155181
98
1
10
34.90568961886538
20
22.81183545379326
450
0
451
0
460
0
461
0
452
1
462
1
453
2
463
0
63
5
421
255
463
1
63
7
421
16777215
470
LINEAR
1001
ACAD
1010
0
1020
0
1030
0
0
HATCH
5
846
100
AcDbEntity
8
TopLayer
100
AcDbHatch
10
0
20
0
30
0
210
0
220
0
230
1
2
SOLID
70
1
71
0
91
1
92
7
72
0
73
1
93
4
10
64.96507493014997
20
98.25839471678944
10
64.66507493015001
20
98.25839471678944
10
64.66507493015001
20
99.75842011684028
10
64.96507493014997
20
99.75842011684028
97
1
330

75
0
76
1
47
0.4128176842155181
98
1
10
34.90568961886538
20
22.81183545379326
450
0
451
0
460
0
461
0
452
1
462
1
453
2
463
0
63
5
421
255
463
1
63
7
421
16777215
470
LINEAR
1001
ACAD
1010
0
1020
0
1030
0
0
HATCH
5
849
100
AcDbEntity
8
TopSolderMaskLayer
100
AcDbHatch
10
0
20
0
30
0
210
0
220
0
230
1
2
SOLID
70
1
71
0
91
1
92
7
72
0
73
1
93
4
10
64.49034583015418
20
98.23299079501385
10
64.13954572855368
20
98.23299079501385
10
64.13954572855368
20
99.7838171568817
10
64.49034583015418
20
99.7838171568817
97
1
330

75
0
76
1
47
0.4128176842155181
98
1
10
34.90568961886538
20
22.81183545379326
450
0
451
0
460
0
461
0
452
1
462
1
453
2
463
0
63
5
421
255
463
1
63
7
421
16777215
470
LINEAR
1001
ACAD
1010
0
1020
0
1030
0
0
HATCH
5
84c
100
AcDbEntity
8
TopPasteMaskLayer
100
AcDbHatch
10
0
20
0
30
0
210
0
220
0
230
1
2
SOLID
70
1
71
0
91
1
92
7
72
0
73
1
93
4
10
64.46494792989574
20
98.25839471678944
10
64.16494792989602
20
98.25839471678944
10
64.16494792989602
20
99.75842011684028
10
64.46494792989574
20
99.75842011684028
97
1
330

75
0
76
1
47
0.4128176842155181
98
1
10
34.90568961886538
20
22.81183545379326
450
0
451
0
460
0
461
0
452
1
462
1
453
2
463
0
63
5
421
255
463
1
63
7
421
16777215
470
LINEAR
1001
ACAD
1010
0
1020
0
1030
0
0
HATCH
5
84f
100
AcDbEntity
8
TopLayer
100
AcDbHatch
10
0
20
0
30
0
210
0
220
0
230
1
2
SOLID
70
1
71
0
91
1
92
7
72
0
73
1
93
4
10
64.46494792989574
20
98.25839471678944
10
64.16494792989602
20
98.25839471678944
10
64.16494792989602
20
99.75842011684028
10
64.46494792989574
20
99.75842011684028
97
1
330

75
0
76
1
47
0.4128176842155181
98
1
10
34.90568961886538
20
22.81183545379326
450
0
451
0
460
0
461
0
452
1
462
1
453
2
463
0
63
5
421
255
463
1
63
7
421
16777215
470
LINEAR
1001
ACAD
1010
0
1020
0
1030
0
0
HATCH
5
852
100
AcDbEntity
8
TopSolderMaskLayer
100
AcDbHatch
10
0
20
0
30
0
210
0
220
0
230
1
2
SOLID
70
1
71
0
91
1
92
7
72
0
73
1
93
4
10
63.99047283040818
20
98.23299079501385
10
63.63967272880791
20
98.23299079501385
10
63.63967272880791
20
99.7838171568817
10
63.99047283040818
20
99.7838171568817
97
1
330

75
0
76
1
47
0.4128176842155181
98
1
10
34.90568961886538
20
22.81183545379326
450
0
451
0
460
0
461
0
452
1
462
1
453
2
463
0
63
5
421
255
463
1
63
7
421
16777215
470
LINEAR
1001
ACAD
1010
0
1020
0
1030
0
0
HATCH
5
855
100
AcDbEntity
8
TopPasteMaskLayer
100
AcDbHatch
10
0
20
0
30
0
210
0
220
0
230
1
2
SOLID
70
1
71
0
91
1
92
7
72
0
73
1
93
4
10
63.96507493014997
20
98.25839471678944
10
63.66507493015001
20
98.25839471678944
10
63.66507493015001
20
99.75842011684028
10
63.96507493014997
20
99.75842011684028
97
1
330

75
0
76
1
47
0.4128176842155181
98
1
10
34.90568961886538
20
22.81183545379326
450
0
451
0
460
0
461
0
452
1
462
1
453
2
463
0
63
5
421
255
463
1
63
7
421
16777215
470
LINEAR
1001
ACAD
1010
0
1020
0
1030
0
0
HATCH
5
858
100
AcDbEntity
8
TopLayer
100
AcDbHatch
10
0
20
0
30
0
210
0
220
0
230
1
2
SOLID
70
1
71
0
91
1
92
7
72
0
73
1
93
4
10
63.96507493014997
20
98.25839471678944
10
63.66507493015001
20
98.25839471678944
10
63.66507493015001
20
99.75842011684028
10
63.96507493014997
20
99.75842011684028
97
1
330

75
0
76
1
47
0.4128176842155181
98
1
10
34.90568961886538
20
22.81183545379326
450
0
451
0
460
0
461
0
452
1
462
1
453
2
463
0
63
5
421
255
463
1
63
7
421
16777215
470
LINEAR
1001
ACAD
1010
0
1020
0
1030
0
0
HATCH
5
85b
100
AcDbEntity
8
TopSolderMaskLayer
100
AcDbHatch
10
0
20
0
30
0
210
0
220
0
230
1
2
SOLID
70
1
71
0
91
1
92
7
72
0
73
1
93
4
10
63.49034583015418
20
98.23299079501385
10
63.13954572855391
20
98.23299079501385
10
63.13954572855391
20
99.7838171568817
10
63.49034583015418
20
99.7838171568817
97
1
330

75
0
76
1
47
0.4128176842155181
98
1
10
34.90568961886538
20
22.81183545379326
450
0
451
0
460
0
461
0
452
1
462
1
453
2
463
0
63
5
421
255
463
1
63
7
421
16777215
470
LINEAR
1001
ACAD
1010
0
1020
0
1030
0
0
HATCH
5
85e
100
AcDbEntity
8
TopPasteMaskLayer
100
AcDbHatch
10
0
20
0
30
0
210
0
220
0
230
1
2
SOLID
70
1
71
0
91
1
92
7
72
0
73
1
93
4
10
63.46494792989597
20
98.25839471678944
10
63.164947929896016
20
98.25839471678944
10
63.164947929896016
20
99.75842011684028
10
63.46494792989597
20
99.75842011684028
97
1
330

75
0
76
1
47
0.4128176842155181
98
1
10
34.90568961886538
20
22.81183545379326
450
0
451
0
460
0
461
0
452
1
462
1
453
2
463
0
63
5
421
255
463
1
63
7
421
16777215
470
LINEAR
1001
ACAD
1010
0
1020
0
1030
0
0
HATCH
5
861
100
AcDbEntity
8
TopLayer
100
AcDbHatch
10
0
20
0
30
0
210
0
220
0
230
1
2
SOLID
70
1
71
0
91
1
92
7
72
0
73
1
93
4
10
63.46494792989597
20
98.25839471678944
10
63.164947929896016
20
98.25839471678944
10
63.164947929896016
20
99.75842011684028
10
63.46494792989597
20
99.75842011684028
97
1
330

75
0
76
1
47
0.4128176842155181
98
1
10
34.90568961886538
20
22.81183545379326
450
0
451
0
460
0
461
0
452
1
462
1
453
2
463
0
63
5
421
255
463
1
63
7
421
16777215
470
LINEAR
1001
ACAD
1010
0
1020
0
1030
0
0
HATCH
5
864
100
AcDbEntity
8
TopSolderMaskLayer
100
AcDbHatch
10
0
20
0
30
0
210
0
220
0
230
1
2
SOLID
70
1
71
0
91
1
92
7
72
0
73
1
93
4
10
62.99047283040818
20
98.23299079501385
10
62.63967272880791
20
98.23299079501385
10
62.63967272880791
20
99.7838171568817
10
62.99047283040818
20
99.7838171568817
97
1
330

75
0
76
1
47
0.4128176842155181
98
1
10
34.90568961886538
20
22.81183545379326
450
0
451
0
460
0
461
0
452
1
462
1
453
2
463
0
63
5
421
255
463
1
63
7
421
16777215
470
LINEAR
1001
ACAD
1010
0
1020
0
1030
0
0
HATCH
5
867
100
AcDbEntity
8
TopPasteMaskLayer
100
AcDbHatch
10
0
20
0
30
0
210
0
220
0
230
1
2
SOLID
70
1
71
0
91
1
92
7
72
0
73
1
93
4
10
62.96507493014997
20
98.25839471678944
10
62.66507493015001
20
98.25839471678944
10
62.66507493015001
20
99.75842011684028
10
62.96507493014997
20
99.75842011684028
97
1
330

75
0
76
1
47
0.4128176842155181
98
1
10
34.90568961886538
20
22.81183545379326
450
0
451
0
460
0
461
0
452
1
462
1
453
2
463
0
63
5
421
255
463
1
63
7
421
16777215
470
LINEAR
1001
ACAD
1010
0
1020
0
1030
0
0
HATCH
5
86a
100
AcDbEntity
8
TopLayer
100
AcDbHatch
10
0
20
0
30
0
210
0
220
0
230
1
2
SOLID
70
1
71
0
91
1
92
7
72
0
73
1
93
4
10
62.96507493014997
20
98.25839471678944
10
62.66507493015001
20
98.25839471678944
10
62.66507493015001
20
99.75842011684028
10
62.96507493014997
20
99.75842011684028
97
1
330

75
0
76
1
47
0.4128176842155181
98
1
10
34.90568961886538
20
22.81183545379326
450
0
451
0
460
0
461
0
452
1
462
1
453
2
463
0
63
5
421
255
463
1
63
7
421
16777215
470
LINEAR
1001
ACAD
1010
0
1020
0
1030
0
0
HATCH
5
86d
100
AcDbEntity
8
TopSolderMaskLayer
100
AcDbHatch
10
0
20
0
30
0
210
0
220
0
230
1
2
SOLID
70
1
71
0
91
1
92
7
72
0
73
1
93
4
10
62.49034583015418
20
98.23299079501385
10
62.13954572855391
20
98.23299079501385
10
62.13954572855391
20
99.7838171568817
10
62.49034583015418
20
99.7838171568817
97
1
330

75
0
76
1
47
0.4128176842155181
98
1
10
34.90568961886538
20
22.81183545379326
450
0
451
0
460
0
461
0
452
1
462
1
453
2
463
0
63
5
421
255
463
1
63
7
421
16777215
470
LINEAR
1001
ACAD
1010
0
1020
0
1030
0
0
HATCH
5
870
100
AcDbEntity
8
TopPasteMaskLayer
100
AcDbHatch
10
0
20
0
30
0
210
0
220
0
230
1
2
SOLID
70
1
71
0
91
1
92
7
72
0
73
1
93
4
10
62.46494792989597
20
98.25839471678944
10
62.164947929896016
20
98.25839471678944
10
62.164947929896016
20
99.75842011684028
10
62.46494792989597
20
99.75842011684028
97
1
330

75
0
76
1
47
0.4128176842155181
98
1
10
34.90568961886538
20
22.81183545379326
450
0
451
0
460
0
461
0
452
1
462
1
453
2
463
0
63
5
421
255
463
1
63
7
421
16777215
470
LINEAR
1001
ACAD
1010
0
1020
0
1030
0
0
HATCH
5
873
100
AcDbEntity
8
TopLayer
100
AcDbHatch
10
0
20
0
30
0
210
0
220
0
230
1
2
SOLID
70
1
71
0
91
1
92
7
72
0
73
1
93
4
10
62.46494792989597
20
98.25839471678944
10
62.164947929896016
20
98.25839471678944
10
62.164947929896016
20
99.75842011684028
10
62.46494792989597
20
99.75842011684028
97
1
330

75
0
76
1
47
0.4128176842155181
98
1
10
34.90568961886538
20
22.81183545379326
450
0
451
0
460
0
461
0
452
1
462
1
453
2
463
0
63
5
421
255
463
1
63
7
421
16777215
470
LINEAR
1001
ACAD
1010
0
1020
0
1030
0
0
HATCH
5
876
100
AcDbEntity
8
TopSolderMaskLayer
100
AcDbHatch
10
0
20
0
30
0
210
0
220
0
230
1
2
SOLID
70
1
71
0
91
1
92
7
72
0
73
1
93
4
10
61.99047283040818
20
98.23299079501385
10
61.63967272880791
20
98.23299079501385
10
61.63967272880791
20
99.7838171568817
10
61.99047283040818
20
99.7838171568817
97
1
330

75
0
76
1
47
0.4128176842155181
98
1
10
34.90568961886538
20
22.81183545379326
450
0
451
0
460
0
461
0
452
1
462
1
453
2
463
0
63
5
421
255
463
1
63
7
421
16777215
470
LINEAR
1001
ACAD
1010
0
1020
0
1030
0
0
HATCH
5
879
100
AcDbEntity
8
TopPasteMaskLayer
100
AcDbHatch
10
0
20
0
30
0
210
0
220
0
230
1
2
SOLID
70
1
71
0
91
1
92
7
72
0
73
1
93
4
10
61.96507493014997
20
98.25839471678944
10
61.66507493015001
20
98.25839471678944
10
61.66507493015001
20
99.75842011684028
10
61.96507493014997
20
99.75842011684028
97
1
330

75
0
76
1
47
0.4128176842155181
98
1
10
34.90568961886538
20
22.81183545379326
450
0
451
0
460
0
461
0
452
1
462
1
453
2
463
0
63
5
421
255
463
1
63
7
421
16777215
470
LINEAR
1001
ACAD
1010
0
1020
0
1030
0
0
HATCH
5
87c
100
AcDbEntity
8
TopLayer
100
AcDbHatch
10
0
20
0
30
0
210
0
220
0
230
1
2
SOLID
70
1
71
0
91
1
92
7
72
0
73
1
93
4
10
61.96507493014997
20
98.25839471678944
10
61.66507493015001
20
98.25839471678944
10
61.66507493015001
20
99.75842011684028
10
61.96507493014997
20
99.75842011684028
97
1
330

75
0
76
1
47
0.4128176842155181
98
1
10
34.90568961886538
20
22.81183545379326
450
0
451
0
460
0
461
0
452
1
462
1
453
2
463
0
63
5
421
255
463
1
63
7
421
16777215
470
LINEAR
1001
ACAD
1010
0
1020
0
1030
0
0
HATCH
5
87f
100
AcDbEntity
8
TopSolderMaskLayer
100
AcDbHatch
10
0
20
0
30
0
210
0
220
0
230
1
2
SOLID
70
1
71
0
91
1
92
7
72
0
73
1
93
4
10
61.49034583015418
20
98.23299079501385
10
61.13954572855391
20
98.23299079501385
10
61.13954572855391
20
99.7838171568817
10
61.49034583015418
20
99.7838171568817
97
1
330

75
0
76
1
47
0.4128176842155181
98
1
10
34.90568961886538
20
22.81183545379326
450
0
451
0
460
0
461
0
452
1
462
1
453
2
463
0
63
5
421
255
463
1
63
7
421
16777215
470
LINEAR
1001
ACAD
1010
0
1020
0
1030
0
0
HATCH
5
882
100
AcDbEntity
8
TopPasteMaskLayer
100
AcDbHatch
10
0
20
0
30
0
210
0
220
0
230
1
2
SOLID
70
1
71
0
91
1
92
7
72
0
73
1
93
4
10
61.46494792989597
20
98.25839471678944
10
61.164947929896016
20
98.25839471678944
10
61.164947929896016
20
99.75842011684028
10
61.46494792989597
20
99.75842011684028
97
1
330

75
0
76
1
47
0.4128176842155181
98
1
10
34.90568961886538
20
22.81183545379326
450
0
451
0
460
0
461
0
452
1
462
1
453
2
463
0
63
5
421
255
463
1
63
7
421
16777215
470
LINEAR
1001
ACAD
1010
0
1020
0
1030
0
0
HATCH
5
885
100
AcDbEntity
8
TopLayer
100
AcDbHatch
10
0
20
0
30
0
210
0
220
0
230
1
2
SOLID
70
1
71
0
91
1
92
7
72
0
73
1
93
4
10
61.46494792989597
20
98.25839471678944
10
61.164947929896016
20
98.25839471678944
10
61.164947929896016
20
99.75842011684028
10
61.46494792989597
20
99.75842011684028
97
1
330

75
0
76
1
47
0.4128176842155181
98
1
10
34.90568961886538
20
22.81183545379326
450
0
451
0
460
0
461
0
452
1
462
1
453
2
463
0
63
5
421
255
463
1
63
7
421
16777215
470
LINEAR
1001
ACAD
1010
0
1020
0
1030
0
0
HATCH
5
888
100
AcDbEntity
8
TopSolderMaskLayer
100
AcDbHatch
10
0
20
0
30
0
210
0
220
0
230
1
2
SOLID
70
1
71
0
91
1
92
7
72
0
73
1
93
4
10
60.99047283040818
20
98.23299079501385
10
60.63967272880768
20
98.23299079501385
10
60.63967272880768
20
99.7838171568817
10
60.99047283040818
20
99.7838171568817
97
1
330

75
0
76
1
47
0.4128176842155181
98
1
10
34.90568961886538
20
22.81183545379326
450
0
451
0
460
0
461
0
452
1
462
1
453
2
463
0
63
5
421
255
463
1
63
7
421
16777215
470
LINEAR
1001
ACAD
1010
0
1020
0
1030
0
0
HATCH
5
88b
100
AcDbEntity
8
TopPasteMaskLayer
100
AcDbHatch
10
0
20
0
30
0
210
0
220
0
230
1
2
SOLID
70
1
71
0
91
1
92
7
72
0
73
1
93
4
10
60.96507493014997
20
98.25839471678944
10
60.665074930149785
20
98.25839471678944
10
60.665074930149785
20
99.75842011684028
10
60.96507493014997
20
99.75842011684028
97
1
330

75
0
76
1
47
0.4128176842155181
98
1
10
34.90568961886538
20
22.81183545379326
450
0
451
0
460
0
461
0
452
1
462
1
453
2
463
0
63
5
421
255
463
1
63
7
421
16777215
470
LINEAR
1001
ACAD
1010
0
1020
0
1030
0
0
HATCH
5
88e
100
AcDbEntity
8
TopLayer
100
AcDbHatch
10
0
20
0
30
0
210
0
220
0
230
1
2
SOLID
70
1
71
0
91
1
92
7
72
0
73
1
93
4
10
60.96507493014997
20
98.25839471678944
10
60.665074930149785
20
98.25839471678944
10
60.665074930149785
20
99.75842011684028
10
60.96507493014997
20
99.75842011684028
97
1
330

75
0
76
1
47
0.4128176842155181
98
1
10
34.90568961886538
20
22.81183545379326
450
0
451
0
460
0
461
0
452
1
462
1
453
2
463
0
63
5
421
255
463
1
63
7
421
16777215
470
LINEAR
1001
ACAD
1010
0
1020
0
1030
0
0
HATCH
5
891
100
AcDbEntity
8
TopSolderMaskLayer
100
AcDbHatch
10
0
20
0
30
0
210
0
220
0
230
1
2
SOLID
70
1
71
0
91
1
92
7
72
0
73
1
93
4
10
60.49034583015418
20
98.23299079501385
10
60.139545728553685
20
98.23299079501385
10
60.139545728553685
20
99.7838171568817
10
60.49034583015418
20
99.7838171568817
97
1
330

75
0
76
1
47
0.4128176842155181
98
1
10
34.90568961886538
20
22.81183545379326
450
0
451
0
460
0
461
0
452
1
462
1
453
2
463
0
63
5
421
255
463
1
63
7
421
16777215
470
LINEAR
1001
ACAD
1010
0
1020
0
1030
0
0
HATCH
5
894
100
AcDbEntity
8
TopPasteMaskLayer
100
AcDbHatch
10
0
20
0
30
0
210
0
220
0
230
1
2
SOLID
70
1
71
0
91
1
92
7
72
0
73
1
93
4
10
60.46494792989597
20
98.25839471678944
10
60.16494792989579
20
98.25839471678944
10
60.16494792989579
20
99.75842011684028
10
60.46494792989597
20
99.75842011684028
97
1
330

75
0
76
1
47
0.4128176842155181
98
1
10
34.90568961886538
20
22.81183545379326
450
0
451
0
460
0
461
0
452
1
462
1
453
2
463
0
63
5
421
255
463
1
63
7
421
16777215
470
LINEAR
1001
ACAD
1010
0
1020
0
1030
0
0
HATCH
5
897
100
AcDbEntity
8
TopLayer
100
AcDbHatch
10
0
20
0
30
0
210
0
220
0
230
1
2
SOLID
70
1
71
0
91
1
92
7
72
0
73
1
93
4
10
60.46494792989597
20
98.25839471678944
10
60.16494792989579
20
98.25839471678944
10
60.16494792989579
20
99.75842011684028
10
60.46494792989597
20
99.75842011684028
97
1
330

75
0
76
1
47
0.4128176842155181
98
1
10
34.90568961886538
20
22.81183545379326
450
0
451
0
460
0
461
0
452
1
462
1
453
2
463
0
63
5
421
255
463
1
63
7
421
16777215
470
LINEAR
1001
ACAD
1010
0
1020
0
1030
0
0
HATCH
5
89a
100
AcDbEntity
8
TopSolderMaskLayer
100
AcDbHatch
10
0
20
0
30
0
210
0
220
0
230
1
2
SOLID
70
1
71
0
91
1
92
7
72
0
73
1
93
4
10
59.99047283040818
20
98.23299079501385
10
59.63967272880768
20
98.23299079501385
10
59.63967272880768
20
99.7838171568817
10
59.99047283040818
20
99.7838171568817
97
1
330

75
0
76
1
47
0.4128176842155181
98
1
10
34.90568961886538
20
22.81183545379326
450
0
451
0
460
0
461
0
452
1
462
1
453
2
463
0
63
5
421
255
463
1
63
7
421
16777215
470
LINEAR
1001
ACAD
1010
0
1020
0
1030
0
0
HATCH
5
89d
100
AcDbEntity
8
TopPasteMaskLayer
100
AcDbHatch
10
0
20
0
30
0
210
0
220
0
230
1
2
SOLID
70
1
71
0
91
1
92
7
72
0
73
1
93
4
10
59.96507493014997
20
98.25839471678944
10
59.665074930149785
20
98.25839471678944
10
59.665074930149785
20
99.75842011684028
10
59.96507493014997
20
99.75842011684028
97
1
330

75
0
76
1
47
0.4128176842155181
98
1
10
34.90568961886538
20
22.81183545379326
450
0
451
0
460
0
461
0
452
1
462
1
453
2
463
0
63
5
421
255
463
1
63
7
421
16777215
470
LINEAR
1001
ACAD
1010
0
1020
0
1030
0
0
HATCH
5
8a0
100
AcDbEntity
8
TopLayer
100
AcDbHatch
10
0
20
0
30
0
210
0
220
0
230
1
2
SOLID
70
1
71
0
91
1
92
7
72
0
73
1
93
4
10
59.96507493014997
20
98.25839471678944
10
59.665074930149785
20
98.25839471678944
10
59.665074930149785
20
99.75842011684028
10
59.96507493014997
20
99.75842011684028
97
1
330

75
0
76
1
47
0.4128176842155181
98
1
10
34.90568961886538
20
22.81183545379326
450
0
451
0
460
0
461
0
452
1
462
1
453
2
463
0
63
5
421
255
463
1
63
7
421
16777215
470
LINEAR
1001
ACAD
1010
0
1020
0
1030
0
0
HATCH
5
8a3
100
AcDbEntity
8
TopSolderMaskLayer
100
AcDbHatch
10
0
20
0
30
0
210
0
220
0
230
1
2
SOLID
70
1
71
0
91
1
92
7
72
0
73
1
93
4
10
59.49034583015418
20
98.23299079501385
10
59.139545728553685
20
98.23299079501385
10
59.139545728553685
20
99.7838171568817
10
59.49034583015418
20
99.7838171568817
97
1
330

75
0
76
1
47
0.4128176842155181
98
1
10
34.90568961886538
20
22.81183545379326
450
0
451
0
460
0
461
0
452
1
462
1
453
2
463
0
63
5
421
255
463
1
63
7
421
16777215
470
LINEAR
1001
ACAD
1010
0
1020
0
1030
0
0
HATCH
5
8a6
100
AcDbEntity
8
TopPasteMaskLayer
100
AcDbHatch
10
0
20
0
30
0
210
0
220
0
230
1
2
SOLID
70
1
71
0
91
1
92
7
72
0
73
1
93
4
10
59.46494792989597
20
98.25839471678944
10
59.16494792989579
20
98.25839471678944
10
59.16494792989579
20
99.75842011684028
10
59.46494792989597
20
99.75842011684028
97
1
330

75
0
76
1
47
0.4128176842155181
98
1
10
34.90568961886538
20
22.81183545379326
450
0
451
0
460
0
461
0
452
1
462
1
453
2
463
0
63
5
421
255
463
1
63
7
421
16777215
470
LINEAR
1001
ACAD
1010
0
1020
0
1030
0
0
HATCH
5
8a9
100
AcDbEntity
8
TopLayer
100
AcDbHatch
10
0
20
0
30
0
210
0
220
0
230
1
2
SOLID
70
1
71
0
91
1
92
7
72
0
73
1
93
4
10
59.46494792989597
20
98.25839471678944
10
59.16494792989579
20
98.25839471678944
10
59.16494792989579
20
99.75842011684028
10
59.46494792989597
20
99.75842011684028
97
1
330

75
0
76
1
47
0.4128176842155181
98
1
10
34.90568961886538
20
22.81183545379326
450
0
451
0
460
0
461
0
452
1
462
1
453
2
463
0
63
5
421
255
463
1
63
7
421
16777215
470
LINEAR
1001
ACAD
1010
0
1020
0
1030
0
0
HATCH
5
8ac
100
AcDbEntity
8
TopSolderMaskLayer
100
AcDbHatch
10
0
20
0
30
0
210
0
220
0
230
1
2
SOLID
70
1
71
0
91
1
92
7
72
0
73
1
93
4
10
58.990472830407725
20
98.23299079501385
10
58.63967272880768
20
98.23299079501385
10
58.63967272880768
20
99.7838171568817
10
58.990472830407725
20
99.7838171568817
97
1
330

75
0
76
1
47
0.4128176842155181
98
1
10
34.90568961886538
20
22.81183545379326
450
0
451
0
460
0
461
0
452
1
462
1
453
2
463
0
63
5
421
255
463
1
63
7
421
16777215
470
LINEAR
1001
ACAD
1010
0
1020
0
1030
0
0
HATCH
5
8af
100
AcDbEntity
8
TopPasteMaskLayer
100
AcDbHatch
10
0
20
0
30
0
210
0
220
0
230
1
2
SOLID
70
1
71
0
91
1
92
7
72
0
73
1
93
4
10
58.96507493014974
20
98.25839471678944
10
58.665074930149785
20
98.25839471678944
10
58.665074930149785
20
99.75842011684028
10
58.96507493014974
20
99.75842011684028
97
1
330

75
0
76
1
47
0.4128176842155181
98
1
10
34.90568961886538
20
22.81183545379326
450
0
451
0
460
0
461
0
452
1
462
1
453
2
463
0
63
5
421
255
463
1
63
7
421
16777215
470
LINEAR
1001
ACAD
1010
0
1020
0
1030
0
0
HATCH
5
8b2
100
AcDbEntity
8
TopLayer
100
AcDbHatch
10
0
20
0
30
0
210
0
220
0
230
1
2
SOLID
70
1
71
0
91
1
92
7
72
0
73
1
93
4
10
58.96507493014974
20
98.25839471678944
10
58.665074930149785
20
98.25839471678944
10
58.665074930149785
20
99.75842011684028
10
58.96507493014974
20
99.75842011684028
97
1
330

75
0
76
1
47
0.4128176842155181
98
1
10
34.90568961886538
20
22.81183545379326
450
0
451
0
460
0
461
0
452
1
462
1
453
2
463
0
63
5
421
255
463
1
63
7
421
16777215
470
LINEAR
1001
ACAD
1010
0
1020
0
1030
0
0
HATCH
5
8b5
100
AcDbEntity
8
TopSolderMaskLayer
100
AcDbHatch
10
0
20
0
30
0
210
0
220
0
230
1
2
SOLID
70
1
71
0
91
1
92
7
72
0
73
1
93
4
10
58.49034583015373
20
98.23299079501385
10
58.139545728553685
20
98.23299079501385
10
58.139545728553685
20
99.7838171568817
10
58.49034583015373
20
99.7838171568817
97
1
330

75
0
76
1
47
0.4128176842155181
98
1
10
34.90568961886538
20
22.81183545379326
450
0
451
0
460
0
461
0
452
1
462
1
453
2
463
0
63
5
421
255
463
1
63
7
421
16777215
470
LINEAR
1001
ACAD
1010
0
1020
0
1030
0
0
HATCH
5
8b8
100
AcDbEntity
8
TopPasteMaskLayer
100
AcDbHatch
10
0
20
0
30
0
210
0
220
0
230
1
2
SOLID
70
1
71
0
91
1
92
7
72
0
73
1
93
4
10
58.46494792989574
20
98.25839471678944
10
58.16494792989579
20
98.25839471678944
10
58.16494792989579
20
99.75842011684028
10
58.46494792989574
20
99.75842011684028
97
1
330

75
0
76
1
47
0.4128176842155181
98
1
10
34.90568961886538
20
22.81183545379326
450
0
451
0
460
0
461
0
452
1
462
1
453
2
463
0
63
5
421
255
463
1
63
7
421
16777215
470
LINEAR
1001
ACAD
1010
0
1020
0
1030
0
0
HATCH
5
8bb
100
AcDbEntity
8
TopLayer
100
AcDbHatch
10
0
20
0
30
0
210
0
220
0
230
1
2
SOLID
70
1
71
0
91
1
92
7
72
0
73
1
93
4
10
58.46494792989574
20
98.25839471678944
10
58.16494792989579
20
98.25839471678944
10
58.16494792989579
20
99.75842011684028
10
58.46494792989574
20
99.75842011684028
97
1
330

75
0
76
1
47
0.4128176842155181
98
1
10
34.90568961886538
20
22.81183545379326
450
0
451
0
460
0
461
0
452
1
462
1
453
2
463
0
63
5
421
255
463
1
63
7
421
16777215
470
LINEAR
1001
ACAD
1010
0
1020
0
1030
0
0
HATCH
5
8be
100
AcDbEntity
8
TopSolderMaskLayer
100
AcDbHatch
10
0
20
0
30
0
210
0
220
0
230
1
2
SOLID
70
1
71
0
91
1
92
7
72
0
73
1
93
4
10
57.99047283040795
20
98.23299079501385
10
57.63967272880768
20
98.23299079501385
10
57.63967272880768
20
99.7838171568817
10
57.99047283040795
20
99.7838171568817
97
1
330

75
0
76
1
47
0.4128176842155181
98
1
10
34.90568961886538
20
22.81183545379326
450
0
451
0
460
0
461
0
452
1
462
1
453
2
463
0
63
5
421
255
463
1
63
7
421
16777215
470
LINEAR
1001
ACAD
1010
0
1020
0
1030
0
0
HATCH
5
8c1
100
AcDbEntity
8
TopPasteMaskLayer
100
AcDbHatch
10
0
20
0
30
0
210
0
220
0
230
1
2
SOLID
70
1
71
0
91
1
92
7
72
0
73
1
93
4
10
57.96507493014974
20
98.25839471678944
10
57.665074930149785
20
98.25839471678944
10
57.665074930149785
20
99.75842011684028
10
57.96507493014974
20
99.75842011684028
97
1
330

75
0
76
1
47
0.4128176842155181
98
1
10
34.90568961886538
20
22.81183545379326
450
0
451
0
460
0
461
0
452
1
462
1
453
2
463
0
63
5
421
255
463
1
63
7
421
16777215
470
LINEAR
1001
ACAD
1010
0
1020
0
1030
0
0
HATCH
5
8c4
100
AcDbEntity
8
TopLayer
100
AcDbHatch
10
0
20
0
30
0
210
0
220
0
230
1
2
SOLID
70
1
71
0
91
1
92
7
72
0
73
1
93
4
10
57.96507493014974
20
98.25839471678944
10
57.665074930149785
20
98.25839471678944
10
57.665074930149785
20
99.75842011684028
10
57.96507493014974
20
99.75842011684028
97
1
330

75
0
76
1
47
0.4128176842155181
98
1
10
34.90568961886538
20
22.81183545379326
450
0
451
0
460
0
461
0
452
1
462
1
453
2
463
0
63
5
421
255
463
1
63
7
421
16777215
470
LINEAR
1001
ACAD
1010
0
1020
0
1030
0
0
HATCH
5
8c7
100
AcDbEntity
8
TopSolderMaskLayer
100
AcDbHatch
10
0
20
0
30
0
210
0
220
0
230
1
2
SOLID
70
1
71
0
91
1
92
7
72
0
73
1
93
4
10
57.490345830153956
20
98.23299079501385
10
57.139545728553685
20
98.23299079501385
10
57.139545728553685
20
99.7838171568817
10
57.490345830153956
20
99.7838171568817
97
1
330

75
0
76
1
47
0.4128176842155181
98
1
10
34.90568961886538
20
22.81183545379326
450
0
451
0
460
0
461
0
452
1
462
1
453
2
463
0
63
5
421
255
463
1
63
7
421
16777215
470
LINEAR
1001
ACAD
1010
0
1020
0
1030
0
0
HATCH
5
8ca
100
AcDbEntity
8
TopPasteMaskLayer
100
AcDbHatch
10
0
20
0
30
0
210
0
220
0
230
1
2
SOLID
70
1
71
0
91
1
92
7
72
0
73
1
93
4
10
57.46494792989574
20
98.25839471678944
10
57.16494792989579
20
98.25839471678944
10
57.16494792989579
20
99.75842011684028
10
57.46494792989574
20
99.75842011684028
97
1
330

75
0
76
1
47
0.4128176842155181
98
1
10
34.90568961886538
20
22.81183545379326
450
0
451
0
460
0
461
0
452
1
462
1
453
2
463
0
63
5
421
255
463
1
63
7
421
16777215
470
LINEAR
1001
ACAD
1010
0
1020
0
1030
0
0
HATCH
5
8cd
100
AcDbEntity
8
TopLayer
100
AcDbHatch
10
0
20
0
30
0
210
0
220
0
230
1
2
SOLID
70
1
71
0
91
1
92
7
72
0
73
1
93
4
10
57.46494792989574
20
98.25839471678944
10
57.16494792989579
20
98.25839471678944
10
57.16494792989579
20
99.75842011684028
10
57.46494792989574
20
99.75842011684028
97
1
330

75
0
76
1
47
0.4128176842155181
98
1
10
34.90568961886538
20
22.81183545379326
450
0
451
0
460
0
461
0
452
1
462
1
453
2
463
0
63
5
421
255
463
1
63
7
421
16777215
470
LINEAR
1001
ACAD
1010
0
1020
0
1030
0
0
HATCH
5
8d0
100
AcDbEntity
8
TopSolderMaskLayer
100
AcDbHatch
10
0
20
0
30
0
210
0
220
0
230
1
2
SOLID
70
1
71
0
91
1
92
7
72
0
73
1
93
4
10
56.99047283040818
20
98.23299079501385
10
56.63967272880768
20
98.23299079501385
10
56.63967272880768
20
99.7838171568817
10
56.99047283040818
20
99.7838171568817
97
1
330

75
0
76
1
47
0.4128176842155181
98
1
10
34.90568961886538
20
22.81183545379326
450
0
451
0
460
0
461
0
452
1
462
1
453
2
463
0
63
5
421
255
463
1
63
7
421
16777215
470
LINEAR
1001
ACAD
1010
0
1020
0
1030
0
0
HATCH
5
8d3
100
AcDbEntity
8
TopPasteMaskLayer
100
AcDbHatch
10
0
20
0
30
0
210
0
220
0
230
1
2
SOLID
70
1
71
0
91
1
92
7
72
0
73
1
93
4
10
56.96507493014974
20
98.25839471678944
10
56.665074930149785
20
98.25839471678944
10
56.665074930149785
20
99.75842011684028
10
56.96507493014974
20
99.75842011684028
97
1
330

75
0
76
1
47
0.4128176842155181
98
1
10
34.90568961886538
20
22.81183545379326
450
0
451
0
460
0
461
0
452
1
462
1
453
2
463
0
63
5
421
255
463
1
63
7
421
16777215
470
LINEAR
1001
ACAD
1010
0
1020
0
1030
0
0
HATCH
5
8d6
100
AcDbEntity
8
TopLayer
100
AcDbHatch
10
0
20
0
30
0
210
0
220
0
230
1
2
SOLID
70
1
71
0
91
1
92
7
72
0
73
1
93
4
10
56.96507493014974
20
98.25839471678944
10
56.665074930149785
20
98.25839471678944
10
56.665074930149785
20
99.75842011684028
10
56.96507493014974
20
99.75842011684028
97
1
330

75
0
76
1
47
0.4128176842155181
98
1
10
34.90568961886538
20
22.81183545379326
450
0
451
0
460
0
461
0
452
1
462
1
453
2
463
0
63
5
421
255
463
1
63
7
421
16777215
470
LINEAR
1001
ACAD
1010
0
1020
0
1030
0
0
HATCH
5
8d9
100
AcDbEntity
8
TopSolderMaskLayer
100
AcDbHatch
10
0
20
0
30
0
210
0
220
0
230
1
2
SOLID
70
1
71
0
91
1
92
7
72
0
73
1
93
4
10
56.490345830153956
20
98.23299079501385
10
56.139545728553685
20
98.23299079501385
10
56.139545728553685
20
99.7838171568817
10
56.490345830153956
20
99.7838171568817
97
1
330

75
0
76
1
47
0.4128176842155181
98
1
10
34.90568961886538
20
22.81183545379326
450
0
451
0
460
0
461
0
452
1
462
1
453
2
463
0
63
5
421
255
463
1
63
7
421
16777215
470
LINEAR
1001
ACAD
1010
0
1020
0
1030
0
0
HATCH
5
8dc
100
AcDbEntity
8
TopPasteMaskLayer
100
AcDbHatch
10
0
20
0
30
0
210
0
220
0
230
1
2
SOLID
70
1
71
0
91
1
92
7
72
0
73
1
93
4
10
56.46494792989574
20
98.25839471678944
10
56.16494792989579
20
98.25839471678944
10
56.16494792989579
20
99.75842011684028
10
56.46494792989574
20
99.75842011684028
97
1
330

75
0
76
1
47
0.4128176842155181
98
1
10
34.90568961886538
20
22.81183545379326
450
0
451
0
460
0
461
0
452
1
462
1
453
2
463
0
63
5
421
255
463
1
63
7
421
16777215
470
LINEAR
1001
ACAD
1010
0
1020
0
1030
0
0
HATCH
5
8df
100
AcDbEntity
8
TopLayer
100
AcDbHatch
10
0
20
0
30
0
210
0
220
0
230
1
2
SOLID
70
1
71
0
91
1
92
7
72
0
73
1
93
4
10
56.46494792989574
20
98.25839471678944
10
56.16494792989579
20
98.25839471678944
10
56.16494792989579
20
99.75842011684028
10
56.46494792989574
20
99.75842011684028
97
1
330

75
0
76
1
47
0.4128176842155181
98
1
10
34.90568961886538
20
22.81183545379326
450
0
451
0
460
0
461
0
452
1
462
1
453
2
463
0
63
5
421
255
463
1
63
7
421
16777215
470
LINEAR
1001
ACAD
1010
0
1020
0
1030
0
0
HATCH
5
8e2
100
AcDbEntity
8
TopSolderMaskLayer
100
AcDbHatch
10
0
20
0
30
0
210
0
220
0
230
1
2
SOLID
70
1
71
0
91
1
92
7
72
0
73
1
93
4
10
55.99047283040818
20
98.23299079501385
10
55.63967272880791
20
98.23299079501385
10
55.63967272880791
20
99.7838171568817
10
55.99047283040818
20
99.7838171568817
97
1
330

75
0
76
1
47
0.4128176842155181
98
1
10
34.90568961886538
20
22.81183545379326
450
0
451
0
460
0
461
0
452
1
462
1
453
2
463
0
63
5
421
255
463
1
63
7
421
16777215
470
LINEAR
1001
ACAD
1010
0
1020
0
1030
0
0
HATCH
5
8e5
100
AcDbEntity
8
TopPasteMaskLayer
100
AcDbHatch
10
0
20
0
30
0
210
0
220
0
230
1
2
SOLID
70
1
71
0
91
1
92
7
72
0
73
1
93
4
10
55.96507493014997
20
98.25839471678944
10
55.66507493015001
20
98.25839471678944
10
55.66507493015001
20
99.75842011684028
10
55.96507493014997
20
99.75842011684028
97
1
330

75
0
76
1
47
0.4128176842155181
98
1
10
34.90568961886538
20
22.81183545379326
450
0
451
0
460
0
461
0
452
1
462
1
453
2
463
0
63
5
421
255
463
1
63
7
421
16777215
470
LINEAR
1001
ACAD
1010
0
1020
0
1030
0
0
HATCH
5
8e8
100
AcDbEntity
8
TopLayer
100
AcDbHatch
10
0
20
0
30
0
210
0
220
0
230
1
2
SOLID
70
1
71
0
91
1
92
7
72
0
73
1
93
4
10
55.96507493014997
20
98.25839471678944
10
55.66507493015001
20
98.25839471678944
10
55.66507493015001
20
99.75842011684028
10
55.96507493014997
20
99.75842011684028
97
1
330

75
0
76
1
47
0.4128176842155181
98
1
10
34.90568961886538
20
22.81183545379326
450
0
451
0
460
0
461
0
452
1
462
1
453
2
463
0
63
5
421
255
463
1
63
7
421
16777215
470
LINEAR
1001
ACAD
1010
0
1020
0
1030
0
0
HATCH
5
8eb
100
AcDbEntity
8
TopSolderMaskLayer
100
AcDbHatch
10
0
20
0
30
0
210
0
220
0
230
1
2
SOLID
70
1
71
0
91
1
92
7
72
0
73
1
93
4
10
55.49034583015418
20
98.23299079501385
10
55.139545728553685
20
98.23299079501385
10
55.139545728553685
20
99.7838171568817
10
55.49034583015418
20
99.7838171568817
97
1
330

75
0
76
1
47
0.4128176842155181
98
1
10
34.90568961886538
20
22.81183545379326
450
0
451
0
460
0
461
0
452
1
462
1
453
2
463
0
63
5
421
255
463
1
63
7
421
16777215
470
LINEAR
1001
ACAD
1010
0
1020
0
1030
0
0
HATCH
5
8ee
100
AcDbEntity
8
TopPasteMaskLayer
100
AcDbHatch
10
0
20
0
30
0
210
0
220
0
230
1
2
SOLID
70
1
71
0
91
1
92
7
72
0
73
1
93
4
10
55.46494792989574
20
98.25839471678944
10
55.164947929896016
20
98.25839471678944
10
55.164947929896016
20
99.75842011684028
10
55.46494792989574
20
99.75842011684028
97
1
330

75
0
76
1
47
0.4128176842155181
98
1
10
34.90568961886538
20
22.81183545379326
450
0
451
0
460
0
461
0
452
1
462
1
453
2
463
0
63
5
421
255
463
1
63
7
421
16777215
470
LINEAR
1001
ACAD
1010
0
1020
0
1030
0
0
HATCH
5
8f1
100
AcDbEntity
8
TopLayer
100
AcDbHatch
10
0
20
0
30
0
210
0
220
0
230
1
2
SOLID
70
1
71
0
91
1
92
7
72
0
73
1
93
4
10
55.46494792989574
20
98.25839471678944
10
55.164947929896016
20
98.25839471678944
10
55.164947929896016
20
99.75842011684028
10
55.46494792989574
20
99.75842011684028
97
1
330

75
0
76
1
47
0.4128176842155181
98
1
10
34.90568961886538
20
22.81183545379326
450
0
451
0
460
0
461
0
452
1
462
1
453
2
463
0
63
5
421
255
463
1
63
7
421
16777215
470
LINEAR
1001
ACAD
1010
0
1020
0
1030
0
0
HATCH
5
8f4
100
AcDbEntity
8
TopSolderMaskLayer
100
AcDbHatch
10
0
20
0
30
0
210
0
220
0
230
1
2
SOLID
70
1
71
0
91
1
92
7
72
0
73
1
93
4
10
54.99047283040818
20
98.23299079501385
10
54.63967272880791
20
98.23299079501385
10
54.63967272880791
20
99.7838171568817
10
54.99047283040818
20
99.7838171568817
97
1
330

75
0
76
1
47
0.4128176842155181
98
1
10
34.90568961886538
20
22.81183545379326
450
0
451
0
460
0
461
0
452
1
462
1
453
2
463
0
63
5
421
255
463
1
63
7
421
16777215
470
LINEAR
1001
ACAD
1010
0
1020
0
1030
0
0
HATCH
5
8f7
100
AcDbEntity
8
TopPasteMaskLayer
100
AcDbHatch
10
0
20
0
30
0
210
0
220
0
230
1
2
SOLID
70
1
71
0
91
1
92
7
72
0
73
1
93
4
10
54.96507493014997
20
98.25839471678944
10
54.66507493015001
20
98.25839471678944
10
54.66507493015001
20
99.75842011684028
10
54.96507493014997
20
99.75842011684028
97
1
330

75
0
76
1
47
0.4128176842155181
98
1
10
34.90568961886538
20
22.81183545379326
450
0
451
0
460
0
461
0
452
1
462
1
453
2
463
0
63
5
421
255
463
1
63
7
421
16777215
470
LINEAR
1001
ACAD
1010
0
1020
0
1030
0
0
HATCH
5
8fa
100
AcDbEntity
8
TopLayer
100
AcDbHatch
10
0
20
0
30
0
210
0
220
0
230
1
2
SOLID
70
1
71
0
91
1
92
7
72
0
73
1
93
4
10
54.96507493014997
20
98.25839471678944
10
54.66507493015001
20
98.25839471678944
10
54.66507493015001
20
99.75842011684028
10
54.96507493014997
20
99.75842011684028
97
1
330

75
0
76
1
47
0.4128176842155181
98
1
10
34.90568961886538
20
22.81183545379326
450
0
451
0
460
0
461
0
452
1
462
1
453
2
463
0
63
5
421
255
463
1
63
7
421
16777215
470
LINEAR
1001
ACAD
1010
0
1020
0
1030
0
0
HATCH
5
8fd
100
AcDbEntity
8
TopSolderMaskLayer
100
AcDbHatch
10
0
20
0
30
0
210
0
220
0
230
1
2
SOLID
70
1
71
0
91
1
92
7
72
0
73
1
93
4
10
54.49034583015418
20
98.23299079501385
10
54.13954572855391
20
98.23299079501385
10
54.13954572855391
20
99.7838171568817
10
54.49034583015418
20
99.7838171568817
97
1
330

75
0
76
1
47
0.4128176842155181
98
1
10
34.90568961886538
20
22.81183545379326
450
0
451
0
460
0
461
0
452
1
462
1
453
2
463
0
63
5
421
255
463
1
63
7
421
16777215
470
LINEAR
1001
ACAD
1010
0
1020
0
1030
0
0
HATCH
5
900
100
AcDbEntity
8
TopPasteMaskLayer
100
AcDbHatch
10
0
20
0
30
0
210
0
220
0
230
1
2
SOLID
70
1
71
0
91
1
92
7
72
0
73
1
93
4
10
54.46494792989597
20
98.25839471678944
10
54.164947929896016
20
98.25839471678944
10
54.164947929896016
20
99.75842011684028
10
54.46494792989597
20
99.75842011684028
97
1
330

75
0
76
1
47
0.4128176842155181
98
1
10
34.90568961886538
20
22.81183545379326
450
0
451
0
460
0
461
0
452
1
462
1
453
2
463
0
63
5
421
255
463
1
63
7
421
16777215
470
LINEAR
1001
ACAD
1010
0
1020
0
1030
0
0
HATCH
5
903
100
AcDbEntity
8
TopLayer
100
AcDbHatch
10
0
20
0
30
0
210
0
220
0
230
1
2
SOLID
70
1
71
0
91
1
92
7
72
0
73
1
93
4
10
54.46494792989597
20
98.25839471678944
10
54.164947929896016
20
98.25839471678944
10
54.164947929896016
20
99.75842011684028
10
54.46494792989597
20
99.75842011684028
97
1
330

75
0
76
1
47
0.4128176842155181
98
1
10
34.90568961886538
20
22.81183545379326
450
0
451
0
460
0
461
0
452
1
462
1
453
2
463
0
63
5
421
255
463
1
63
7
421
16777215
470
LINEAR
1001
ACAD
1010
0
1020
0
1030
0
0
HATCH
5
906
100
AcDbEntity
8
TopSolderMaskLayer
100
AcDbHatch
10
0
20
0
30
0
210
0
220
0
230
1
2
SOLID
70
1
71
0
91
1
92
7
72
0
73
1
93
4
10
53.99047283040818
20
98.23299079501385
10
53.63967272880791
20
98.23299079501385
10
53.63967272880791
20
99.7838171568817
10
53.99047283040818
20
99.7838171568817
97
1
330

75
0
76
1
47
0.4128176842155181
98
1
10
34.90568961886538
20
22.81183545379326
450
0
451
0
460
0
461
0
452
1
462
1
453
2
463
0
63
5
421
255
463
1
63
7
421
16777215
470
LINEAR
1001
ACAD
1010
0
1020
0
1030
0
0
HATCH
5
909
100
AcDbEntity
8
TopPasteMaskLayer
100
AcDbHatch
10
0
20
0
30
0
210
0
220
0
230
1
2
SOLID
70
1
71
0
91
1
92
7
72
0
73
1
93
4
10
53.96507493014997
20
98.25839471678944
10
53.66507493015001
20
98.25839471678944
10
53.66507493015001
20
99.75842011684028
10
53.96507493014997
20
99.75842011684028
97
1
330

75
0
76
1
47
0.4128176842155181
98
1
10
34.90568961886538
20
22.81183545379326
450
0
451
0
460
0
461
0
452
1
462
1
453
2
463
0
63
5
421
255
463
1
63
7
421
16777215
470
LINEAR
1001
ACAD
1010
0
1020
0
1030
0
0
HATCH
5
90c
100
AcDbEntity
8
TopLayer
100
AcDbHatch
10
0
20
0
30
0
210
0
220
0
230
1
2
SOLID
70
1
71
0
91
1
92
7
72
0
73
1
93
4
10
53.96507493014997
20
98.25839471678944
10
53.66507493015001
20
98.25839471678944
10
53.66507493015001
20
99.75842011684028
10
53.96507493014997
20
99.75842011684028
97
1
330

75
0
76
1
47
0.4128176842155181
98
1
10
34.90568961886538
20
22.81183545379326
450
0
451
0
460
0
461
0
452
1
462
1
453
2
463
0
63
5
421
255
463
1
63
7
421
16777215
470
LINEAR
1001
ACAD
1010
0
1020
0
1030
0
0
HATCH
5
90f
100
AcDbEntity
8
TopSolderMaskLayer
100
AcDbHatch
10
0
20
0
30
0
210
0
220
0
230
1
2
SOLID
70
1
71
0
91
1
92
7
72
0
73
1
93
4
10
67.88843939264962
20
101.13454535941332
10
66.03763929104912
20
101.13454535941332
10
66.03763929104912
20
103.18534546101353
10
67.88843939264962
20
103.18534546101353
97
1
330

75
0
76
1
47
0.4128176842155181
98
1
10
34.90568961886538
20
22.81183545379326
450
0
451
0
460
0
461
0
452
1
462
1
453
2
463
0
63
5
421
255
463
1
63
7
421
16777215
470
LINEAR
1001
ACAD
1010
0
1020
0
1030
0
0
HATCH
5
912
100
AcDbEntity
8
TopPasteMaskLayer
100
AcDbHatch
10
0
20
0
30
0
210
0
220
0
230
1
2
SOLID
70
1
71
0
91
1
92
7
72
0
73
1
93
4
10
67.86304292608588
20
101.15994411988834
10
66.0630429260857
20
101.15994411988834
10
66.0630429260857
20
103.15994411988822
10
67.86304292608588
20
103.15994411988822
97
1
330

75
0
76
1
47
0.4128176842155181
98
1
10
34.90568961886538
20
22.81183545379326
450
0
451
0
460
0
461
0
452
1
462
1
453
2
463
0
63
5
421
255
463
1
63
7
421
16777215
470
LINEAR
1001
ACAD
1010
0
1020
0
1030
0
0
HATCH
5
915
100
AcDbEntity
8
TopLayer
100
AcDbHatch
10
0
20
0
30
0
210
0
220
0
230
1
2
SOLID
70
1
71
0
91
1
92
7
72
0
73
1
93
4
10
67.86304292608588
20
101.15994411988834
10
66.0630429260857
20
101.15994411988834
10
66.0630429260857
20
103.15994411988822
10
67.86304292608588
20
103.15994411988822
97
1
330

75
0
76
1
47
0.4128176842155181
98
1
10
34.90568961886538
20
22.81183545379326
450
0
451
0
460
0
461
0
452
1
462
1
453
2
463
0
63
5
421
255
463
1
63
7
421
16777215
470
LINEAR
1001
ACAD
1010
0
1020
0
1030
0
0
HATCH
5
918
100
AcDbEntity
8
TopSolderMaskLayer
100
AcDbHatch
10
0
20
0
30
0
210
0
220
0
230
1
2
SOLID
70
1
71
0
91
1
92
7
72
0
73
1
93
4
10
51.23777274292888
20
103.18534546101353
10
53.08857284452915
20
103.18534546101353
10
53.08857284452915
20
101.1345193141999
10
51.23777274292888
20
101.1345193141999
97
1
330

75
0
76
1
47
0.4128176842155181
98
1
10
34.90568961886538
20
22.81183545379326
450
0
451
0
460
0
461
0
452
1
462
1
453
2
463
0
63
5
421
255
463
1
63
7
421
16777215
470
LINEAR
1001
ACAD
1010
0
1020
0
1030
0
0
HATCH
5
91b
100
AcDbEntity
8
TopPasteMaskLayer
100
AcDbHatch
10
0
20
0
30
0
210
0
220
0
230
1
2
SOLID
70
1
71
0
91
1
92
7
72
0
73
1
93
4
10
51.26316992633974
20
103.15994411988822
10
53.063169926339924
20
103.15994411988822
10
53.063169926339924
20
101.15991871983749
10
51.26316992633974
20
101.15991871983749
97
1
330

75
0
76
1
47
0.4128176842155181
98
1
10
34.90568961886538
20
22.81183545379326
450
0
451
0
460
0
461
0
452
1
462
1
453
2
463
0
63
5
421
255
463
1
63
7
421
16777215
470
LINEAR
1001
ACAD
1010
0
1020
0
1030
0
0
HATCH
5
91e
100
AcDbEntity
8
TopLayer
100
AcDbHatch
10
0
20
0
30
0
210
0
220
0
230
1
2
SOLID
70
1
71
0
91
1
92
7
72
0
73
1
93
4
10
51.26316992633974
20
103.15994411988822
10
53.063169926339924
20
103.15994411988822
10
53.063169926339924
20
101.15991871983749
10
51.26316992633974
20
101.15991871983749
97
1
330

75
0
76
1
47
0.4128176842155181
98
1
10
34.90568961886538
20
22.81183545379326
450
0
451
0
460
0
461
0
452
1
462
1
453
2
463
0
63
5
421
255
463
1
63
7
421
16777215
470
LINEAR
1001
ACAD
1010
0
1020
0
1030
0
0
HATCH
5
921
100
AcDbEntity
8
TopSolderMaskLayer
100
AcDbHatch
10
0
20
0
30
0
210
0
220
0
230
1
2
SOLID
70
1
71
0
91
1
92
7
72
0
73
1
93
4
10
65.16801746506735
20
65.495300990602
10
66.21881756666744
20
65.495300990602
10
66.21881756666744
20
64.04495808991624
10
65.16801746506735
20
64.04495808991624
97
1
330

75
0
76
1
47
0.4128176842155181
98
1
10
34.90568961886538
20
22.81183545379326
450
0
451
0
460
0
461
0
452
1
462
1
453
2
463
0
63
5
421
255
463
1
63
7
421
16777215
470
LINEAR
1001
ACAD
1010
0
1020
0
1030
0
0
HATCH
5
924
100
AcDbEntity
8
TopPasteMaskLayer
100
AcDbHatch
10
0
20
0
30
0
210
0
220
0
230
1
2
SOLID
70
1
71
0
91
1
92
7
72
0
73
1
93
4
10
65.19342138684283
20
65.46990093980196
10
66.19342138684283
20
65.46990093980196
10
66.19342138684283
20
64.07035814071628
10
65.19342138684283
20
64.07035814071628
97
1
330

75
0
76
1
47
0.4128176842155181
98
1
10
34.90568961886538
20
22.81183545379326
450
0
451
0
460
0
461
0
452
1
462
1
453
2
463
0
63
5
421
255
463
1
63
7
421
16777215
470
LINEAR
1001
ACAD
1010
0
1020
0
1030
0
0
HATCH
5
927
100
AcDbEntity
8
TopLayer
100
AcDbHatch
10
0
20
0
30
0
210
0
220
0
230
1
2
SOLID
70
1
71
0
91
1
92
7
72
0
73
1
93
4
10
65.19342138684283
20
65.46990093980196
10
66.19342138684283
20
65.46990093980196
10
66.19342138684283
20
64.07035814071628
10
65.19342138684283
20
64.07035814071628
97
1
330

75
0
76
1
47
0.4128176842155181
98
1
10
34.90568961886538
20
22.81183545379326
450
0
451
0
460
0
461
0
452
1
462
1
453
2
463
0
63
5
421
255
463
1
63
7
421
16777215
470
LINEAR
1001
ACAD
1010
0
1020
0
1030
0
0
HATCH
5
92a
100
AcDbEntity
8
TopSolderMaskLayer
100
AcDbHatch
10
0
20
0
30
0
210
0
220
0
230
1
2
SOLID
70
1
71
0
91
1
92
7
72
0
73
1
93
4
10
63.06743326389892
20
65.495300990602
10
64.11823336549901
20
65.495300990602
10
64.11823336549901
20
64.04495808991624
10
63.06743326389892
20
64.04495808991624
97
1
330

75
0
76
1
47
0.4128176842155181
98
1
10
34.90568961886538
20
22.81183545379326
450
0
451
0
460
0
461
0
452
1
462
1
453
2
463
0
63
5
421
255
463
1
63
7
421
16777215
470
LINEAR
1001
ACAD
1010
0
1020
0
1030
0
0
HATCH
5
92d
100
AcDbEntity
8
TopPasteMaskLayer
100
AcDbHatch
10
0
20
0
30
0
210
0
220
0
230
1
2
SOLID
70
1
71
0
91
1
92
7
72
0
73
1
93
4
10
63.0928371856744
20
65.46990093980196
10
64.0928371856744
20
65.46990093980196
10
64.0928371856744
20
64.07035814071628
10
63.0928371856744
20
64.07035814071628
97
1
330

75
0
76
1
47
0.4128176842155181
98
1
10
34.90568961886538
20
22.81183545379326
450
0
451
0
460
0
461
0
452
1
462
1
453
2
463
0
63
5
421
255
463
1
63
7
421
16777215
470
LINEAR
1001
ACAD
1010
0
1020
0
1030
0
0
HATCH
5
930
100
AcDbEntity
8
TopLayer
100
AcDbHatch
10
0
20
0
30
0
210
0
220
0
230
1
2
SOLID
70
1
71
0
91
1
92
7
72
0
73
1
93
4
10
63.0928371856744
20
65.46990093980196
10
64.0928371856744
20
65.46990093980196
10
64.0928371856744
20
64.07035814071628
10
63.0928371856744
20
64.07035814071628
97
1
330

75
0
76
1
47
0.4128176842155181
98
1
10
34.90568961886538
20
22.81183545379326
450
0
451
0
460
0
461
0
452
1
462
1
453
2
463
0
63
5
421
255
463
1
63
7
421
16777215
470
LINEAR
1001
ACAD
1010
0
1020
0
1030
0
0
HATCH
5
933
100
AcDbEntity
8
TopSolderMaskLayer
100
AcDbHatch
10
0
20
0
30
0
210
0
220
0
230
1
2
SOLID
70
1
71
0
91
1
92
7
72
0
73
1
93
4
10
66.2188214376431
20
67.90830581661169
10
65.16802133604278
20
67.90830581661169
10
65.16802133604278
20
66.45796291592592
10
66.2188214376431
20
66.45796291592592
97
1
330

75
0
76
1
47
0.4128176842155181
98
1
10
34.90568961886538
20
22.81183545379326
450
0
451
0
460
0
461
0
452
1
462
1
453
2
463
0
63
5
421
255
463
1
63
7
421
16777215
470
LINEAR
1001
ACAD
1010
0
1020
0
1030
0
0
HATCH
5
936
100
AcDbEntity
8
TopPasteMaskLayer
100
AcDbHatch
10
0
20
0
30
0
210
0
220
0
230
1
2
SOLID
70
1
71
0
91
1
92
7
72
0
73
1
93
4
10
66.19342138684283
20
67.88290576581164
10
65.19342138684283
20
67.88290576581164
10
65.19342138684283
20
66.48336296672596
10
66.19342138684283
20
66.48336296672596
97
1
330

75
0
76
1
47
0.4128176842155181
98
1
10
34.90568961886538
20
22.81183545379326
450
0
451
0
460
0
461
0
452
1
462
1
453
2
463
0
63
5
421
255
463
1
63
7
421
16777215
470
LINEAR
1001
ACAD
1010
0
1020
0
1030
0
0
HATCH
5
939
100
AcDbEntity
8
TopLayer
100
AcDbHatch
10
0
20
0
30
0
210
0
220
0
230
1
2
SOLID
70
1
71
0
91
1
92
7
72
0
73
1
93
4
10
66.19342138684283
20
67.88290576581164
10
65.19342138684283
20
67.88290576581164
10
65.19342138684283
20
66.48336296672596
10
66.19342138684283
20
66.48336296672596
97
1
330

75
0
76
1
47
0.4128176842155181
98
1
10
34.90568961886538
20
22.81183545379326
450
0
451
0
460
0
461
0
452
1
462
1
453
2
463
0
63
5
421
255
463
1
63
7
421
16777215
470
LINEAR
1001
ACAD
1010
0
1020
0
1030
0
0
HATCH
5
93c
100
AcDbEntity
8
TopSolderMaskLayer
100
AcDbHatch
10
0
20
0
30
0
210
0
220
0
230
1
2
SOLID
70
1
71
0
91
1
92
7
72
0
73
1
93
4
10
63.067437134874126
20
67.90830581661169
10
64.11823723647444
20
67.90830581661169
10
64.11823723647444
20
66.45796291592592
10
63.067437134874126
20
66.45796291592592
97
1
330

75
0
76
1
47
0.4128176842155181
98
1
10
34.90568961886538
20
22.81183545379326
450
0
451
0
460
0
461
0
452
1
462
1
453
2
463
0
63
5
421
255
463
1
63
7
421
16777215
470
LINEAR
1001
ACAD
1010
0
1020
0
1030
0
0
HATCH
5
93f
100
AcDbEntity
8
TopPasteMaskLayer
100
AcDbHatch
10
0
20
0
30
0
210
0
220
0
230
1
2
SOLID
70
1
71
0
91
1
92
7
72
0
73
1
93
4
10
63.0928371856744
20
67.88290576581164
10
64.0928371856744
20
67.88290576581164
10
64.0928371856744
20
66.48336296672596
10
63.0928371856744
20
66.48336296672596
97
1
330

75
0
76
1
47
0.4128176842155181
98
1
10
34.90568961886538
20
22.81183545379326
450
0
451
0
460
0
461
0
452
1
462
1
453
2
463
0
63
5
421
255
463
1
63
7
421
16777215
470
LINEAR
1001
ACAD
1010
0
1020
0
1030
0
0
HATCH
5
942
100
AcDbEntity
8
TopLayer
100
AcDbHatch
10
0
20
0
30
0
210
0
220
0
230
1
2
SOLID
70
1
71
0
91
1
92
7
72
0
73
1
93
4
10
63.0928371856744
20
67.88290576581164
10
64.0928371856744
20
67.88290576581164
10
64.0928371856744
20
66.48336296672596
10
63.0928371856744
20
66.48336296672596
97
1
330

75
0
76
1
47
0.4128176842155181
98
1
10
34.90568961886538
20
22.81183545379326
450
0
451
0
460
0
461
0
452
1
462
1
453
2
463
0
63
5
421
255
463
1
63
7
421
16777215
470
LINEAR
1001
ACAD
1010
0
1020
0
1030
0
0
HATCH
5
945
100
AcDbEntity
8
TopSolderMaskLayer
100
AcDbHatch
10
0
20
0
30
0
210
0
220
0
230
1
2
SOLID
70
1
71
0
91
1
92
7
72
0
73
1
93
4
10
39.51429308544107
20
57.77684679616675
10
39.51429308544107
20
59.44353039620057
10
40.75180261046012
20
59.44353039620057
10
40.75180261046012
20
57.77684679616675
97
1
330

75
0
76
1
47
0.4128176842155181
98
1
10
34.90568961886538
20
22.81183545379326
450
0
451
0
460
0
461
0
452
1
462
1
453
2
463
0
63
5
421
255
463
1
63
7
421
16777215
470
LINEAR
1001
ACAD
1010
0
1020
0
1030
0
0
HATCH
5
948
100
AcDbEntity
8
TopPasteMaskLayer
100
AcDbHatch
10
0
20
0
30
0
210
0
220
0
230
1
2
SOLID
70
1
71
0
91
1
92
7
72
0
73
1
93
4
10
39.533045466090925
20
57.810185420370885
10
39.533045466090925
20
59.41018542037091
10
40.73304546609097
20
59.41018542037091
10
40.73304546609097
20
57.810185420370885
97
1
330

75
0
76
1
47
0.4128176842155181
98
1
10
34.90568961886538
20
22.81183545379326
450
0
451
0
460
0
461
0
452
1
462
1
453
2
463
0
63
5
421
255
463
1
63
7
421
16777215
470
LINEAR
1001
ACAD
1010
0
1020
0
1030
0
0
HATCH
5
94b
100
AcDbEntity
8
TopLayer
100
AcDbHatch
10
0
20
0
30
0
210
0
220
0
230
1
2
SOLID
70
1
71
0
91
1
92
7
72
0
73
1
93
4
10
39.533045466090925
20
57.810185420370885
10
39.533045466090925
20
59.41018542037091
10
40.73304546609097
20
59.41018542037091
10
40.73304546609097
20
57.810185420370885
97
1
330

75
0
76
1
47
0.4128176842155181
98
1
10
34.90568961886538
20
22.81183545379326
450
0
451
0
460
0
461
0
452
1
462
1
453
2
463
0
63
5
421
255
463
1
63
7
421
16777215
470
LINEAR
1001
ACAD
1010
0
1020
0
1030
0
0
HATCH
5
94e
100
AcDbEntity
8
TopSolderMaskLayer
100
AcDbHatch
10
0
20
0
30
0
210
0
220
0
230
1
2
SOLID
70
1
71
0
91
1
92
7
72
0
73
1
93
4
10
42.814312133866
20
57.77687325482191
10
42.814312133866
20
59.44355685485573
10
44.051821658885274
20
59.44355685485573
10
44.051821658885274
20
57.77687325482191
97
1
330

75
0
76
1
47
0.4128176842155181
98
1
10
34.90568961886538
20
22.81183545379326
450
0
451
0
460
0
461
0
452
1
462
1
453
2
463
0
63
5
421
255
463
1
63
7
421
16777215
470
LINEAR
1001
ACAD
1010
0
1020
0
1030
0
0
HATCH
5
951
100
AcDbEntity
8
TopPasteMaskLayer
100
AcDbHatch
10
0
20
0
30
0
210
0
220
0
230
1
2
SOLID
70
1
71
0
91
1
92
7
72
0
73
1
93
4
10
42.833070866141725
20
57.81021082042173
10
42.833070866141725
20
59.41021082042175
10
44.03307086614177
20
59.41021082042175
10
44.03307086614177
20
57.81021082042173
97
1
330

75
0
76
1
47
0.4128176842155181
98
1
10
34.90568961886538
20
22.81183545379326
450
0
451
0
460
0
461
0
452
1
462
1
453
2
463
0
63
5
421
255
463
1
63
7
421
16777215
470
LINEAR
1001
ACAD
1010
0
1020
0
1030
0
0
HATCH
5
954
100
AcDbEntity
8
TopLayer
100
AcDbHatch
10
0
20
0
30
0
210
0
220
0
230
1
2
SOLID
70
1
71
0
91
1
92
7
72
0
73
1
93
4
10
42.833070866141725
20
57.81021082042173
10
42.833070866141725
20
59.41021082042175
10
44.03307086614177
20
59.41021082042175
10
44.03307086614177
20
57.81021082042173
97
1
330

75
0
76
1
47
0.4128176842155181
98
1
10
34.90568961886538
20
22.81183545379326
450
0
451
0
460
0
461
0
452
1
462
1
453
2
463
0
63
5
421
255
463
1
63
7
421
16777215
470
LINEAR
1001
ACAD
1010
0
1020
0
1030
0
0
HATCH
5
957
100
AcDbEntity
8
TopSolderMaskLayer
100
AcDbHatch
10
0
20
0
30
0
210
0
220
0
230
1
2
SOLID
70
1
71
0
91
1
92
7
72
0
73
1
93
4
10
42.814312133866
20
62.47681927890733
10
42.814312133866
20
64.14350287894126
10
44.051821658885274
20
64.14350287894126
10
44.051821658885274
20
62.47681927890733
97
1
330

75
0
76
1
47
0.4128176842155181
98
1
10
34.90568961886538
20
22.81183545379326
450
0
451
0
460
0
461
0
452
1
462
1
453
2
463
0
63
5
421
255
463
1
63
7
421
16777215
470
LINEAR
1001
ACAD
1010
0
1020
0
1030
0
0
HATCH
5
95a
100
AcDbEntity
8
TopPasteMaskLayer
100
AcDbHatch
10
0
20
0
30
0
210
0
220
0
230
1
2
SOLID
70
1
71
0
91
1
92
7
72
0
73
1
93
4
10
42.833070866141725
20
62.510160020320086
10
42.833070866141725
20
64.11016002032011
10
44.03307086614177
20
64.11016002032011
10
44.03307086614177
20
62.510160020320086
97
1
330

75
0
76
1
47
0.4128176842155181
98
1
10
34.90568961886538
20
22.81183545379326
450
0
451
0
460
0
461
0
452
1
462
1
453
2
463
0
63
5
421
255
463
1
63
7
421
16777215
470
LINEAR
1001
ACAD
1010
0
1020
0
1030
0
0
HATCH
5
95d
100
AcDbEntity
8
TopLayer
100
AcDbHatch
10
0
20
0
30
0
210
0
220
0
230
1
2
SOLID
70
1
71
0
91
1
92
7
72
0
73
1
93
4
10
42.833070866141725
20
62.510160020320086
10
42.833070866141725
20
64.11016002032011
10
44.03307086614177
20
64.11016002032011
10
44.03307086614177
20
62.510160020320086
97
1
330

75
0
76
1
47
0.4128176842155181
98
1
10
34.90568961886538
20
22.81183545379326
450
0
451
0
460
0
461
0
452
1
462
1
453
2
463
0
63
5
421
255
463
1
63
7
421
16777215
470
LINEAR
1001
ACAD
1010
0
1020
0
1030
0
0
HATCH
5
960
100
AcDbEntity
8
TopSolderMaskLayer
100
AcDbHatch
10
0
20
0
30
0
210
0
220
0
230
1
2
SOLID
70
1
71
0
91
1
92
7
72
0
73
1
93
4
10
39.51429308544107
20
62.4768457375626
10
39.51429308544107
20
64.1435293375963
10
40.75180261046012
20
64.1435293375963
10
40.75180261046012
20
62.4768457375626
97
1
330

75
0
76
1
47
0.4128176842155181
98
1
10
34.90568961886538
20
22.81183545379326
450
0
451
0
460
0
461
0
452
1
462
1
453
2
463
0
63
5
421
255
463
1
63
7
421
16777215
470
LINEAR
1001
ACAD
1010
0
1020
0
1030
0
0
HATCH
5
963
100
AcDbEntity
8
TopPasteMaskLayer
100
AcDbHatch
10
0
20
0
30
0
210
0
220
0
230
1
2
SOLID
70
1
71
0
91
1
92
7
72
0
73
1
93
4
10
39.533045466090925
20
62.51018542037093
10
39.533045466090925
20
64.11018542037095
10
40.73304546609097
20
64.11018542037095
10
40.73304546609097
20
62.51018542037093
97
1
330

75
0
76
1
47
0.4128176842155181
98
1
10
34.90568961886538
20
22.81183545379326
450
0
451
0
460
0
461
0
452
1
462
1
453
2
463
0
63
5
421
255
463
1
63
7
421
16777215
470
LINEAR
1001
ACAD
1010
0
1020
0
1030
0
0
HATCH
5
966
100
AcDbEntity
8
TopLayer
100
AcDbHatch
10
0
20
0
30
0
210
0
220
0
230
1
2
SOLID
70
1
71
0
91
1
92
7
72
0
73
1
93
4
10
39.533045466090925
20
62.51018542037093
10
39.533045466090925
20
64.11018542037095
10
40.73304546609097
20
64.11018542037095
10
40.73304546609097
20
62.51018542037093
97
1
330

75
0
76
1
47
0.4128176842155181
98
1
10
34.90568961886538
20
22.81183545379326
450
0
451
0
460
0
461
0
452
1
462
1
453
2
463
0
63
5
421
255
463
1
63
7
421
16777215
470
LINEAR
1001
ACAD
1010
0
1020
0
1030
0
0
HATCH
5
969
100
AcDbEntity
8
TopSolderMaskLayer
100
AcDbHatch
10
0
20
0
30
0
210
0
220
0
230
1
2
SOLID
70
1
71
0
91
1
92
7
72
0
73
1
93
4
10
69.31074473761328
20
87.43662779491456
10
70.6115311069384
20
87.43662779491456
10
70.6115311069384
20
86.68580044994201
10
69.31074473761328
20
86.68580044994201
97
1
330

75
0
76
1
47
0.4128176842155181
98
1
10
34.90568961886538
20
22.81183545379326
450
0
451
0
460
0
461
0
452
1
462
1
453
2
463
0
63
5
421
255
463
1
63
7
421
16777215
470
LINEAR
1001
ACAD
1010
0
1020
0
1030
0
0
HATCH
5
96c
100
AcDbEntity
8
TopPasteMaskLayer
100
AcDbHatch
10
0
20
0
30
0
210
0
220
0
230
1
2
SOLID
70
1
71
0
91
1
92
7
72
0
73
1
93
4
10
69.3361442722885
20
87.41122682245373
10
70.58613157226318
20
87.41122682245373
10
70.58613157226318
20
86.71120142240295
10
69.3361442722885
20
86.71120142240295
97
1
330

75
0
76
1
47
0.4128176842155181
98
1
10
34.90568961886538
20
22.81183545379326
450
0
451
0
460
0
461
0
452
1
462
1
453
2
463
0
63
5
421
255
463
1
63
7
421
16777215
470
LINEAR
1001
ACAD
1010
0
1020
0
1030
0
0
HATCH
5
96f
100
AcDbEntity
8
TopLayer
100
AcDbHatch
10
0
20
0
30
0
210
0
220
0
230
1
2
SOLID
70
1
71
0
91
1
92
7
72
0
73
1
93
4
10
69.3361442722885
20
87.41122682245373
10
70.58613157226318
20
87.41122682245373
10
70.58613157226318
20
86.71120142240295
10
69.3361442722885
20
86.71120142240295
97
1
330

75
0
76
1
47
0.4128176842155181
98
1
10
34.90568961886538
20
22.81183545379326
450
0
451
0
460
0
461
0
452
1
462
1
453
2
463
0
63
5
421
255
463
1
63
7
421
16777215
470
LINEAR
1001
ACAD
1010
0
1020
0
1030
0
0
HATCH
5
972
100
AcDbEntity
8
TopSolderMaskLayer
100
AcDbHatch
10
0
20
0
30
0
210
0
220
0
230
1
2
SOLID
70
1
71
0
91
1
92
7
72
0
73
1
93
4
10
69.31074473761328
20
89.33652435138981
10
70.6115311069384
20
89.33652435138981
10
70.6115311069384
20
88.58572424978956
10
69.31074473761328
20
88.58572424978956
97
1
330

75
0
76
1
47
0.4128176842155181
98
1
10
34.90568961886538
20
22.81183545379326
450
0
451
0
460
0
461
0
452
1
462
1
453
2
463
0
63
5
421
255
463
1
63
7
421
16777215
470
LINEAR
1001
ACAD
1010
0
1020
0
1030
0
0
HATCH
5
975
100
AcDbEntity
8
TopPasteMaskLayer
100
AcDbHatch
10
0
20
0
30
0
210
0
220
0
230
1
2
SOLID
70
1
71
0
91
1
92
7
72
0
73
1
93
4
10
69.3361442722885
20
89.31112522225055
10
70.58613157226318
20
89.31112522225055
10
70.58613157226318
20
88.61112522225051
10
69.3361442722885
20
88.61112522225051
97
1
330

75
0
76
1
47
0.4128176842155181
98
1
10
34.90568961886538
20
22.81183545379326
450
0
451
0
460
0
461
0
452
1
462
1
453
2
463
0
63
5
421
255
463
1
63
7
421
16777215
470
LINEAR
1001
ACAD
1010
0
1020
0
1030
0
0
HATCH
5
978
100
AcDbEntity
8
TopLayer
100
AcDbHatch
10
0
20
0
30
0
210
0
220
0
230
1
2
SOLID
70
1
71
0
91
1
92
7
72
0
73
1
93
4
10
69.3361442722885
20
89.31112522225055
10
70.58613157226318
20
89.31112522225055
10
70.58613157226318
20
88.61112522225051
10
69.3361442722885
20
88.61112522225051
97
1
330

75
0
76
1
47
0.4128176842155181
98
1
10
34.90568961886538
20
22.81183545379326
450
0
451
0
460
0
461
0
452
1
462
1
453
2
463
0
63
5
421
255
463
1
63
7
421
16777215
470
LINEAR
1001
ACAD
1010
0
1020
0
1030
0
0
HATCH
5
97b
100
AcDbEntity
8
TopSolderMaskLayer
100
AcDbHatch
10
0
20
0
30
0
210
0
220
0
230
1
2
SOLID
70
1
71
0
91
1
92
7
72
0
73
1
93
4
10
67.31074473761328
20
88.38656245146592
10
68.61153110693863
20
88.38656245146592
10
68.61153110693863
20
87.63576234986579
10
67.31074473761328
20
87.63576234986579
97
1
330

75
0
76
1
47
0.4128176842155181
98
1
10
34.90568961886538
20
22.81183545379326
450
0
451
0
460
0
461
0
452
1
462
1
453
2
463
0
63
5
421
255
463
1
63
7
421
16777215
470
LINEAR
1001
ACAD
1010
0
1020
0
1030
0
0
HATCH
5
97e
100
AcDbEntity
8
TopPasteMaskLayer
100
AcDbHatch
10
0
20
0
30
0
210
0
220
0
230
1
2
SOLID
70
1
71
0
91
1
92
7
72
0
73
1
93
4
10
67.3361442722885
20
88.36116332232666
10
68.58613157226318
20
88.36116332232666
10
68.58613157226318
20
87.66116332232662
10
67.3361442722885
20
87.66116332232662
97
1
330

75
0
76
1
47
0.4128176842155181
98
1
10
34.90568961886538
20
22.81183545379326
450
0
451
0
460
0
461
0
452
1
462
1
453
2
463
0
63
5
421
255
463
1
63
7
421
16777215
470
LINEAR
1001
ACAD
1010
0
1020
0
1030
0
0
HATCH
5
981
100
AcDbEntity
8
TopLayer
100
AcDbHatch
10
0
20
0
30
0
210
0
220
0
230
1
2
SOLID
70
1
71
0
91
1
92
7
72
0
73
1
93
4
10
67.3361442722885
20
88.36116332232666
10
68.58613157226318
20
88.36116332232666
10
68.58613157226318
20
87.66116332232662
10
67.3361442722885
20
87.66116332232662
97
1
330

75
0
76
1
47
0.4128176842155181
98
1
10
34.90568961886538
20
22.81183545379326
450
0
451
0
460
0
461
0
452
1
462
1
453
2
463
0
63
5
421
255
463
1
63
7
421
16777215
470
LINEAR
1001
ACAD
1010
0
1020
0
1030
0
0
HATCH
5
984
100
AcDbEntity
8
TopSolderMaskLayer
100
AcDbHatch
10
0
20
0
30
0
210
0
220
0
230
1
2
SOLID
70
1
71
0
91
1
92
7
72
0
73
1
93
4
10
69.31074473761328
20
84.13462119090138
10
70.6115311069384
20
84.13462119090138
10
70.6115311069384
20
83.38379384592884
10
69.31074473761328
20
83.38379384592884
97
1
330

75
0
76
1
47
0.4128176842155181
98
1
10
34.90568961886538
20
22.81183545379326
450
0
451
0
460
0
461
0
452
1
462
1
453
2
463
0
63
5
421
255
463
1
63
7
421
16777215
470
LINEAR
1001
ACAD
1010
0
1020
0
1030
0
0
HATCH
5
987
100
AcDbEntity
8
TopPasteMaskLayer
100
AcDbHatch
10
0
20
0
30
0
210
0
220
0
230
1
2
SOLID
70
1
71
0
91
1
92
7
72
0
73
1
93
4
10
69.3361442722885
20
84.10922021844044
10
70.58613157226318
20
84.10922021844044
10
70.58613157226318
20
83.40919481838966
10
69.3361442722885
20
83.40919481838966
97
1
330

75
0
76
1
47
0.4128176842155181
98
1
10
34.90568961886538
20
22.81183545379326
450
0
451
0
460
0
461
0
452
1
462
1
453
2
463
0
63
5
421
255
463
1
63
7
421
16777215
470
LINEAR
1001
ACAD
1010
0
1020
0
1030
0
0
HATCH
5
98a
100
AcDbEntity
8
TopLayer
100
AcDbHatch
10
0
20
0
30
0
210
0
220
0
230
1
2
SOLID
70
1
71
0
91
1
92
7
72
0
73
1
93
4
10
69.3361442722885
20
84.10922021844044
10
70.58613157226318
20
84.10922021844044
10
70.58613157226318
20
83.40919481838966
10
69.3361442722885
20
83.40919481838966
97
1
330

75
0
76
1
47
0.4128176842155181
98
1
10
34.90568961886538
20
22.81183545379326
450
0
451
0
460
0
461
0
452
1
462
1
453
2
463
0
63
5
421
255
463
1
63
7
421
16777215
470
LINEAR
1001
ACAD
1010
0
1020
0
1030
0
0
HATCH
5
98d
100
AcDbEntity
8
TopSolderMaskLayer
100
AcDbHatch
10
0
20
0
30
0
210
0
220
0
230
1
2
SOLID
70
1
71
0
91
1
92
7
72
0
73
1
93
4
10
69.31074473761328
20
86.03451774737653
10
70.6115311069384
20
86.03451774737653
10
70.6115311069384
20
85.28371764577639
10
69.31074473761328
20
85.28371764577639
97
1
330

75
0
76
1
47
0.4128176842155181
98
1
10
34.90568961886538
20
22.81183545379326
450
0
451
0
460
0
461
0
452
1
462
1
453
2
463
0
63
5
421
255
463
1
63
7
421
16777215
470
LINEAR
1001
ACAD
1010
0
1020
0
1030
0
0
HATCH
5
990
100
AcDbEntity
8
TopPasteMaskLayer
100
AcDbHatch
10
0
20
0
30
0
210
0
220
0
230
1
2
SOLID
70
1
71
0
91
1
92
7
72
0
73
1
93
4
10
69.3361442722885
20
86.00911861823738
10
70.58613157226318
20
86.00911861823738
10
70.58613157226318
20
85.30911861823733
10
69.3361442722885
20
85.30911861823733
97
1
330

75
0
76
1
47
0.4128176842155181
98
1
10
34.90568961886538
20
22.81183545379326
450
0
451
0
460
0
461
0
452
1
462
1
453
2
463
0
63
5
421
255
463
1
63
7
421
16777215
470
LINEAR
1001
ACAD
1010
0
1020
0
1030
0
0
HATCH
5
993
100
AcDbEntity
8
TopLayer
100
AcDbHatch
10
0
20
0
30
0
210
0
220
0
230
1
2
SOLID
70
1
71
0
91
1
92
7
72
0
73
1
93
4
10
69.3361442722885
20
86.00911861823738
10
70.58613157226318
20
86.00911861823738
10
70.58613157226318
20
85.30911861823733
10
69.3361442722885
20
85.30911861823733
97
1
330

75
0
76
1
47
0.4128176842155181
98
1
10
34.90568961886538
20
22.81183545379326
450
0
451
0
460
0
461
0
452
1
462
1
453
2
463
0
63
5
421
255
463
1
63
7
421
16777215
470
LINEAR
1001
ACAD
1010
0
1020
0
1030
0
0
HATCH
5
996
100
AcDbEntity
8
TopSolderMaskLayer
100
AcDbHatch
10
0
20
0
30
0
210
0
220
0
230
1
2
SOLID
70
1
71
0
91
1
92
7
72
0
73
1
93
4
10
67.31074473761328
20
85.08455584745275
10
68.61153110693863
20
85.08455584745275
10
68.61153110693863
20
84.3337557458525
10
67.31074473761328
20
84.3337557458525
97
1
330

75
0
76
1
47
0.4128176842155181
98
1
10
34.90568961886538
20
22.81183545379326
450
0
451
0
460
0
461
0
452
1
462
1
453
2
463
0
63
5
421
255
463
1
63
7
421
16777215
470
LINEAR
1001
ACAD
1010
0
1020
0
1030
0
0
HATCH
5
999
100
AcDbEntity
8
TopPasteMaskLayer
100
AcDbHatch
10
0
20
0
30
0
210
0
220
0
230
1
2
SOLID
70
1
71
0
91
1
92
7
72
0
73
1
93
4
10
67.3361442722885
20
85.05915671831349
10
68.58613157226318
20
85.05915671831349
10
68.58613157226318
20
84.35915671831344
10
67.3361442722885
20
84.35915671831344
97
1
330

75
0
76
1
47
0.4128176842155181
98
1
10
34.90568961886538
20
22.81183545379326
450
0
451
0
460
0
461
0
452
1
462
1
453
2
463
0
63
5
421
255
463
1
63
7
421
16777215
470
LINEAR
1001
ACAD
1010
0
1020
0
1030
0
0
HATCH
5
99c
100
AcDbEntity
8
TopLayer
100
AcDbHatch
10
0
20
0
30
0
210
0
220
0
230
1
2
SOLID
70
1
71
0
91
1
92
7
72
0
73
1
93
4
10
67.3361442722885
20
85.05915671831349
10
68.58613157226318
20
85.05915671831349
10
68.58613157226318
20
84.35915671831344
10
67.3361442722885
20
84.35915671831344
97
1
330

75
0
76
1
47
0.4128176842155181
98
1
10
34.90568961886538
20
22.81183545379326
450
0
451
0
460
0
461
0
452
1
462
1
453
2
463
0
63
5
421
255
463
1
63
7
421
16777215
470
LINEAR
1001
ACAD
1010
0
1020
0
1030
0
0
HATCH
5
99f
100
AcDbEntity
8
TopSolderMaskLayer
100
AcDbHatch
10
0
20
0
30
0
210
0
220
0
230
1
2
SOLID
70
1
71
0
91
1
92
7
72
0
73
1
93
4
10
73.54572303572786
20
65.02959105918217
10
74.69672633773416
20
65.02959105918217
10
74.69672633773416
20
64.37858775717564
10
73.54572303572786
20
64.37858775717564
97
1
330

75
0
76
1
47
0.4128176842155181
98
1
10
34.90568961886538
20
22.81183545379326
450
0
451
0
460
0
461
0
452
1
462
1
453
2
463
0
63
5
421
255
463
1
63
7
421
16777215
470
LINEAR
1001
ACAD
1010
0
1020
0
1030
0
0
HATCH
5
9a2
100
AcDbEntity
8
TopPasteMaskLayer
100
AcDbHatch
10
0
20
0
30
0
210
0
220
0
230
1
2
SOLID
70
1
71
0
91
1
92
7
72
0
73
1
93
4
10
73.57122174244364
20
65.00408940817886
10
74.67122174244355
20
65.00408940817886
10
74.67122174244355
20
64.40408940817883
10
73.57122174244364
20
64.40408940817883
97
1
330

75
0
76
1
47
0.4128176842155181
98
1
10
34.90568961886538
20
22.81183545379326
450
0
451
0
460
0
461
0
452
1
462
1
453
2
463
0
63
5
421
255
463
1
63
7
421
16777215
470
LINEAR
1001
ACAD
1010
0
1020
0
1030
0
0
HATCH
5
9a5
100
AcDbEntity
8
TopLayer
100
AcDbHatch
10
0
20
0
30
0
210
0
220
0
230
1
2
SOLID
70
1
71
0
91
1
92
7
72
0
73
1
93
4
10
73.57122174244364
20
65.00408940817886
10
74.67122174244355
20
65.00408940817886
10
74.67122174244355
20
64.40408940817883
10
73.57122174244364
20
64.40408940817883
97
1
330

75
0
76
1
47
0.4128176842155181
98
1
10
34.90568961886538
20
22.81183545379326
450
0
451
0
460
0
461
0
452
1
462
1
453
2
463
0
63
5
421
255
463
1
63
7
421
16777215
470
LINEAR
1001
ACAD
1010
0
1020
0
1030
0
0
HATCH
5
9a8
100
AcDbEntity
8
TopSolderMaskLayer
100
AcDbHatch
10
0
20
0
30
0
210
0
220
0
230
1
2
SOLID
70
1
71
0
91
1
92
7
72
0
73
1
93
4
10
73.54572303572786
20
64.07962915925827
10
74.69672633773416
20
64.07962915925827
10
74.69672633773416
20
63.42862585725186
10
73.54572303572786
20
63.42862585725186
97
1
330

75
0
76
1
47
0.4128176842155181
98
1
10
34.90568961886538
20
22.81183545379326
450
0
451
0
460
0
461
0
452
1
462
1
453
2
463
0
63
5
421
255
463
1
63
7
421
16777215
470
LINEAR
1001
ACAD
1010
0
1020
0
1030
0
0
HATCH
5
9ab
100
AcDbEntity
8
TopPasteMaskLayer
100
AcDbHatch
10
0
20
0
30
0
210
0
220
0
230
1
2
SOLID
70
1
71
0
91
1
92
7
72
0
73
1
93
4
10
73.57122174244364
20
64.05412750825496
10
74.67122174244355
20
64.05412750825496
10
74.67122174244355
20
63.45412750825517
10
73.57122174244364
20
63.45412750825517
97
1
330

75
0
76
1
47
0.4128176842155181
98
1
10
34.90568961886538
20
22.81183545379326
450
0
451
0
460
0
461
0
452
1
462
1
453
2
463
0
63
5
421
255
463
1
63
7
421
16777215
470
LINEAR
1001
ACAD
1010
0
1020
0
1030
0
0
HATCH
5
9ae
100
AcDbEntity
8
TopLayer
100
AcDbHatch
10
0
20
0
30
0
210
0
220
0
230
1
2
SOLID
70
1
71
0
91
1
92
7
72
0
73
1
93
4
10
73.57122174244364
20
64.05412750825496
10
74.67122174244355
20
64.05412750825496
10
74.67122174244355
20
63.45412750825517
10
73.57122174244364
20
63.45412750825517
97
1
330

75
0
76
1
47
0.4128176842155181
98
1
10
34.90568961886538
20
22.81183545379326
450
0
451
0
460
0
461
0
452
1
462
1
453
2
463
0
63
5
421
255
463
1
63
7
421
16777215
470
LINEAR
1001
ACAD
1010
0
1020
0
1030
0
0
HATCH
5
9b1
100
AcDbEntity
8
TopSolderMaskLayer
100
AcDbHatch
10
0
20
0
30
0
210
0
220
0
230
1
2
SOLID
70
1
71
0
91
1
92
7
72
0
73
1
93
4
10
73.54572303572786
20
63.1296672593345
10
74.69672633773416
20
63.1296672593345
10
74.69672633773416
20
62.47866395732797
10
73.54572303572786
20
62.47866395732797
97
1
330

75
0
76
1
47
0.4128176842155181
98
1
10
34.90568961886538
20
22.81183545379326
450
0
451
0
460
0
461
0
452
1
462
1
453
2
463
0
63
5
421
255
463
1
63
7
421
16777215
470
LINEAR
1001
ACAD
1010
0
1020
0
1030
0
0
HATCH
5
9b4
100
AcDbEntity
8
TopPasteMaskLayer
100
AcDbHatch
10
0
20
0
30
0
210
0
220
0
230
1
2
SOLID
70
1
71
0
91
1
92
7
72
0
73
1
93
4
10
73.57122174244364
20
63.1041656083313
10
74.67122174244355
20
63.1041656083313
10
74.67122174244355
20
62.50416560833128
10
73.57122174244364
20
62.50416560833128
97
1
330

75
0
76
1
47
0.4128176842155181
98
1
10
34.90568961886538
20
22.81183545379326
450
0
451
0
460
0
461
0
452
1
462
1
453
2
463
0
63
5
421
255
463
1
63
7
421
16777215
470
LINEAR
1001
ACAD
1010
0
1020
0
1030
0
0
HATCH
5
9b7
100
AcDbEntity
8
TopLayer
100
AcDbHatch
10
0
20
0
30
0
210
0
220
0
230
1
2
SOLID
70
1
71
0
91
1
92
7
72
0
73
1
93
4
10
73.57122174244364
20
63.1041656083313
10
74.67122174244355
20
63.1041656083313
10
74.67122174244355
20
62.50416560833128
10
73.57122174244364
20
62.50416560833128
97
1
330

75
0
76
1
47
0.4128176842155181
98
1
10
34.90568961886538
20
22.81183545379326
450
0
451
0
460
0
461
0
452
1
462
1
453
2
463
0
63
5
421
255
463
1
63
7
421
16777215
470
LINEAR
1001
ACAD
1010
0
1020
0
1030
0
0
HATCH
5
9ba
100
AcDbEntity
8
TopSolderMaskLayer
100
AcDbHatch
10
0
20
0
30
0
210
0
220
0
230
1
2
SOLID
70
1
71
0
91
1
92
7
72
0
73
1
93
4
10
70.84561790237944
20
63.1296672593345
10
71.99659462662021
20
63.1296672593345
10
71.99659462662021
20
62.47866395732797
10
70.84561790237944
20
62.47866395732797
97
1
330

75
0
76
1
47
0.4128176842155181
98
1
10
34.90568961886538
20
22.81183545379326
450
0
451
0
460
0
461
0
452
1
462
1
453
2
463
0
63
5
421
255
463
1
63
7
421
16777215
470
LINEAR
1001
ACAD
1010
0
1020
0
1030
0
0
HATCH
5
9bd
100
AcDbEntity
8
TopPasteMaskLayer
100
AcDbHatch
10
0
20
0
30
0
210
0
220
0
230
1
2
SOLID
70
1
71
0
91
1
92
7
72
0
73
1
93
4
10
70.87112014224022
20
63.1041656083313
10
71.9710947421895
20
63.1041656083313
10
71.9710947421895
20
62.50416560833128
10
70.87112014224022
20
62.50416560833128
97
1
330

75
0
76
1
47
0.4128176842155181
98
1
10
34.90568961886538
20
22.81183545379326
450
0
451
0
460
0
461
0
452
1
462
1
453
2
463
0
63
5
421
255
463
1
63
7
421
16777215
470
LINEAR
1001
ACAD
1010
0
1020
0
1030
0
0
HATCH
5
9c0
100
AcDbEntity
8
TopLayer
100
AcDbHatch
10
0
20
0
30
0
210
0
220
0
230
1
2
SOLID
70
1
71
0
91
1
92
7
72
0
73
1
93
4
10
70.87112014224022
20
63.1041656083313
10
71.9710947421895
20
63.1041656083313
10
71.9710947421895
20
62.50416560833128
10
70.87112014224022
20
62.50416560833128
97
1
330

75
0
76
1
47
0.4128176842155181
98
1
10
34.90568961886538
20
22.81183545379326
450
0
451
0
460
0
461
0
452
1
462
1
453
2
463
0
63
5
421
255
463
1
63
7
421
16777215
470
LINEAR
1001
ACAD
1010
0
1020
0
1030
0
0
HATCH
5
9c3
100
AcDbEntity
8
TopSolderMaskLayer
100
AcDbHatch
10
0
20
0
30
0
210
0
220
0
230
1
2
SOLID
70
1
71
0
91
1
92
7
72
0
73
1
93
4
10
70.84561790237944
20
64.07962915925827
10
71.99659462662021
20
64.07962915925827
10
71.99659462662021
20
63.42862585725186
10
70.84561790237944
20
63.42862585725186
97
1
330

75
0
76
1
47
0.4128176842155181
98
1
10
34.90568961886538
20
22.81183545379326
450
0
451
0
460
0
461
0
452
1
462
1
453
2
463
0
63
5
421
255
463
1
63
7
421
16777215
470
LINEAR
1001
ACAD
1010
0
1020
0
1030
0
0
HATCH
5
9c6
100
AcDbEntity
8
TopPasteMaskLayer
100
AcDbHatch
10
0
20
0
30
0
210
0
220
0
230
1
2
SOLID
70
1
71
0
91
1
92
7
72
0
73
1
93
4
10
70.87112014224022
20
64.05412750825496
10
71.9710947421895
20
64.05412750825496
10
71.9710947421895
20
63.45412750825517
10
70.87112014224022
20
63.45412750825517
97
1
330

75
0
76
1
47
0.4128176842155181
98
1
10
34.90568961886538
20
22.81183545379326
450
0
451
0
460
0
461
0
452
1
462
1
453
2
463
0
63
5
421
255
463
1
63
7
421
16777215
470
LINEAR
1001
ACAD
1010
0
1020
0
1030
0
0
HATCH
5
9c9
100
AcDbEntity
8
TopLayer
100
AcDbHatch
10
0
20
0
30
0
210
0
220
0
230
1
2
SOLID
70
1
71
0
91
1
92
7
72
0
73
1
93
4
10
70.87112014224022
20
64.05412750825496
10
71.9710947421895
20
64.05412750825496
10
71.9710947421895
20
63.45412750825517
10
70.87112014224022
20
63.45412750825517
97
1
330

75
0
76
1
47
0.4128176842155181
98
1
10
34.90568961886538
20
22.81183545379326
450
0
451
0
460
0
461
0
452
1
462
1
453
2
463
0
63
5
421
255
463
1
63
7
421
16777215
470
LINEAR
1001
ACAD
1010
0
1020
0
1030
0
0
HATCH
5
9cc
100
AcDbEntity
8
TopSolderMaskLayer
100
AcDbHatch
10
0
20
0
30
0
210
0
220
0
230
1
2
SOLID
70
1
71
0
91
1
92
7
72
0
73
1
93
4
10
70.84561790237944
20
65.02959105918217
10
71.99659462662021
20
65.02959105918217
10
71.99659462662021
20
64.37858775717564
10
70.84561790237944
20
64.37858775717564
97
1
330

75
0
76
1
47
0.4128176842155181
98
1
10
34.90568961886538
20
22.81183545379326
450
0
451
0
460
0
461
0
452
1
462
1
453
2
463
0
63
5
421
255
463
1
63
7
421
16777215
470
LINEAR
1001
ACAD
1010
0
1020
0
1030
0
0
HATCH
5
9cf
100
AcDbEntity
8
TopPasteMaskLayer
100
AcDbHatch
10
0
20
0
30
0
210
0
220
0
230
1
2
SOLID
70
1
71
0
91
1
92
7
72
0
73
1
93
4
10
70.87112014224022
20
65.00408940817886
10
71.9710947421895
20
65.00408940817886
10
71.9710947421895
20
64.40408940817883
10
70.87112014224022
20
64.40408940817883
97
1
330

75
0
76
1
47
0.4128176842155181
98
1
10
34.90568961886538
20
22.81183545379326
450
0
451
0
460
0
461
0
452
1
462
1
453
2
463
0
63
5
421
255
463
1
63
7
421
16777215
470
LINEAR
1001
ACAD
1010
0
1020
0
1030
0
0
HATCH
5
9d2
100
AcDbEntity
8
TopLayer
100
AcDbHatch
10
0
20
0
30
0
210
0
220
0
230
1
2
SOLID
70
1
71
0
91
1
92
7
72
0
73
1
93
4
10
70.87112014224022
20
65.00408940817886
10
71.9710947421895
20
65.00408940817886
10
71.9710947421895
20
64.40408940817883
10
70.87112014224022
20
64.40408940817883
97
1
330

75
0
76
1
47
0.4128176842155181
98
1
10
34.90568961886538
20
22.81183545379326
450
0
451
0
460
0
461
0
452
1
462
1
453
2
463
0
63
5
421
255
463
1
63
7
421
16777215
470
LINEAR
1001
ACAD
1010
0
1020
0
1030
0
0
HATCH
5
9d5
100
AcDbEntity
8
TopSolderMaskLayer
100
AcDbHatch
10
0
20
0
30
0
210
0
220
0
230
1
2
SOLID
70
1
71
0
91
1
92
7
72
0
73
1
93
4
10
80.08076496175659
20
75.23474726949462
10
80.08076496175659
20
76.14955549911099
10
80.93804207631092
20
76.14955549911099
10
80.93804207631092
20
75.23474726949462
97
1
330

75
0
76
1
47
0.4128176842155181
98
1
10
34.90568961886538
20
22.81183545379326
450
0
451
0
460
0
461
0
452
1
462
1
453
2
463
0
63
5
421
255
463
1
63
7
421
16777215
470
LINEAR
1001
ACAD
1010
0
1020
0
1030
0
0
HATCH
5
9d8
100
AcDbEntity
8
TopLayer
100
AcDbHatch
10
0
20
0
30
0
210
0
220
0
230
1
2
SOLID
70
1
71
0
91
1
92
7
72
0
73
1
93
4
10
80.10617221234429
20
75.26014732029466
10
80.10617221234429
20
76.12415544831094
10
80.91264922529854
20
76.12415544831094
10
80.91264922529854
20
75.26014732029466
97
1
330

75
0
76
1
47
0.4128176842155181
98
1
10
34.90568961886538
20
22.81183545379326
450
0
451
0
460
0
461
0
452
1
462
1
453
2
463
0
63
5
421
255
463
1
63
7
421
16777215
470
LINEAR
1001
ACAD
1010
0
1020
0
1030
0
0
HATCH
5
9db
100
AcDbEntity
8
TopSolderMaskLayer
100
AcDbHatch
10
0
20
0
30
0
210
0
220
0
230
1
2
SOLID
70
1
71
0
91
1
92
7
72
0
73
1
93
4
10
79.43155406288156
20
75.23474726949462
10
79.43155406288156
20
76.14955549911099
10
78.57427694832722
20
76.14955549911099
10
78.57427694832722
20
75.23474726949462
97
1
330

75
0
76
1
47
0.4128176842155181
98
1
10
34.90568961886538
20
22.81183545379326
450
0
451
0
460
0
461
0
452
1
462
1
453
2
463
0
63
5
421
255
463
1
63
7
421
16777215
470
LINEAR
1001
ACAD
1010
0
1020
0
1030
0
0
HATCH
5
9de
100
AcDbEntity
8
TopLayer
100
AcDbHatch
10
0
20
0
30
0
210
0
220
0
230
1
2
SOLID
70
1
71
0
91
1
92
7
72
0
73
1
93
4
10
79.40614681229363
20
75.26014732029466
10
79.40614681229363
20
76.12415544831094
10
78.59966979933961
20
76.12415544831094
10
78.59966979933961
20
75.26014732029466
97
1
330

75
0
76
1
47
0.4128176842155181
98
1
10
34.90568961886538
20
22.81183545379326
450
0
451
0
460
0
461
0
452
1
462
1
453
2
463
0
63
5
421
255
463
1
63
7
421
16777215
470
LINEAR
1001
ACAD
1010
0
1020
0
1030
0
0
HATCH
5
9e1
100
AcDbEntity
8
TopSolderMaskLayer
100
AcDbHatch
10
0
20
0
30
0
210
0
220
0
230
1
2
SOLID
70
1
71
0
91
1
92
7
72
0
73
1
93
4
10
78.17576115174893
20
81.4577597155195
10
78.17576115174893
20
82.37256794513598
10
79.03303826630327
20
82.37256794513598
10
79.03303826630327
20
81.4577597155195
97
1
330

75
0
76
1
47
0.4128176842155181
98
1
10
34.90568961886538
20
22.81183545379326
450
0
451
0
460
0
461
0
452
1
462
1
453
2
463
0
63
5
421
255
463
1
63
7
421
16777215
470
LINEAR
1001
ACAD
1010
0
1020
0
1030
0
0
HATCH
5
9e4
100
AcDbEntity
8
TopLayer
100
AcDbHatch
10
0
20
0
30
0
210
0
220
0
230
1
2
SOLID
70
1
71
0
91
1
92
7
72
0
73
1
93
4
10
78.20116840233686
20
81.48315976631955
10
78.20116840233686
20
82.34716789433583
10
79.00764541529088
20
82.34716789433583
10
79.00764541529088
20
81.48315976631955
97
1
330

75
0
76
1
47
0.4128176842155181
98
1
10
34.90568961886538
20
22.81183545379326
450
0
451
0
460
0
461
0
452
1
462
1
453
2
463
0
63
5
421
255
463
1
63
7
421
16777215
470
LINEAR
1001
ACAD
1010
0
1020
0
1030
0
0
HATCH
5
9e7
100
AcDbEntity
8
TopSolderMaskLayer
100
AcDbHatch
10
0
20
0
30
0
210
0
220
0
230
1
2
SOLID
70
1
71
0
91
1
92
7
72
0
73
1
93
4
10
77.5265502528739
20
81.4577597155195
10
77.5265502528739
20
82.37256794513598
10
76.66927313831957
20
82.37256794513598
10
76.66927313831957
20
81.4577597155195
97
1
330

75
0
76
1
47
0.4128176842155181
98
1
10
34.90568961886538
20
22.81183545379326
450
0
451
0
460
0
461
0
452
1
462
1
453
2
463
0
63
5
421
255
463
1
63
7
421
16777215
470
LINEAR
1001
ACAD
1010
0
1020
0
1030
0
0
HATCH
5
9ea
100
AcDbEntity
8
TopLayer
100
AcDbHatch
10
0
20
0
30
0
210
0
220
0
230
1
2
SOLID
70
1
71
0
91
1
92
7
72
0
73
1
93
4
10
77.5011430022862
20
81.48315976631955
10
77.5011430022862
20
82.34716789433583
10
76.69466598933195
20
82.34716789433583
10
76.69466598933195
20
81.48315976631955
97
1
330

75
0
76
1
47
0.4128176842155181
98
1
10
34.90568961886538
20
22.81183545379326
450
0
451
0
460
0
461
0
452
1
462
1
453
2
463
0
63
5
421
255
463
1
63
7
421
16777215
470
LINEAR
1001
ACAD
1010
0
1020
0
1030
0
0
HATCH
5
9ed
100
AcDbEntity
8
TopSolderMaskLayer
100
AcDbHatch
10
0
20
0
30
0
210
0
220
0
230
1
2
SOLID
70
1
71
0
91
1
92
7
72
0
73
1
93
4
10
63.302521804816934
20
74.11755143510288
10
63.302521804816934
20
73.20274320548651
10
62.445244690262825
20
73.20274320548651
10
62.445244690262825
20
74.11755143510288
97
1
330

75
0
76
1
47
0.4128176842155181
98
1
10
34.90568961886538
20
22.81183545379326
450
0
451
0
460
0
461
0
452
1
462
1
453
2
463
0
63
5
421
255
463
1
63
7
421
16777215
470
LINEAR
1001
ACAD
1010
0
1020
0
1030
0
0
HATCH
5
9f0
100
AcDbEntity
8
TopLayer
100
AcDbHatch
10
0
20
0
30
0
210
0
220
0
230
1
2
SOLID
70
1
71
0
91
1
92
7
72
0
73
1
93
4
10
63.27711455422923
20
74.09215138430284
10
63.27711455422923
20
73.22814325628656
10
62.47063754127498
20
73.22814325628656
10
62.47063754127498
20
74.09215138430284
97
1
330

75
0
76
1
47
0.4128176842155181
98
1
10
34.90568961886538
20
22.81183545379326
450
0
451
0
460
0
461
0
452
1
462
1
453
2
463
0
63
5
421
255
463
1
63
7
421
16777215
470
LINEAR
1001
ACAD
1010
0
1020
0
1030
0
0
HATCH
5
9f3
100
AcDbEntity
8
TopSolderMaskLayer
100
AcDbHatch
10
0
20
0
30
0
210
0
220
0
230
1
2
SOLID
70
1
71
0
91
1
92
7
72
0
73
1
93
4
10
63.95173270369196
20
74.11755143510288
10
63.95173270369196
20
73.20274320548651
10
64.8090098182463
20
73.20274320548651
10
64.8090098182463
20
74.11755143510288
97
1
330

75
0
76
1
47
0.4128176842155181
98
1
10
34.90568961886538
20
22.81183545379326
450
0
451
0
460
0
461
0
452
1
462
1
453
2
463
0
63
5
421
255
463
1
63
7
421
16777215
470
LINEAR
1001
ACAD
1010
0
1020
0
1030
0
0
HATCH
5
9f6
100
AcDbEntity
8
TopLayer
100
AcDbHatch
10
0
20
0
30
0
210
0
220
0
230
1
2
SOLID
70
1
71
0
91
1
92
7
72
0
73
1
93
4
10
63.97713995427989
20
74.09215138430284
10
63.97713995427989
20
73.22814325628656
10
64.78361696723391
20
73.22814325628656
10
64.78361696723391
20
74.09215138430284
97
1
330

75
0
76
1
47
0.4128176842155181
98
1
10
34.90568961886538
20
22.81183545379326
450
0
451
0
460
0
461
0
452
1
462
1
453
2
463
0
63
5
421
255
463
1
63
7
421
16777215
470
LINEAR
1001
ACAD
1010
0
1020
0
1030
0
0
HATCH
5
9f9
100
AcDbEntity
8
TopSolderMaskLayer
100
AcDbHatch
10
0
20
0
30
0
210
0
220
0
230
1
2
SOLID
70
1
71
0
91
1
92
7
72
0
73
1
93
4
10
63.302521804816934
20
72.33954787909579
10
63.302521804816934
20
71.4247396494793
10
62.445244690262825
20
71.4247396494793
10
62.445244690262825
20
72.33954787909579
97
1
330

75
0
76
1
47
0.4128176842155181
98
1
10
34.90568961886538
20
22.81183545379326
450
0
451
0
460
0
461
0
452
1
462
1
453
2
463
0
63
5
421
255
463
1
63
7
421
16777215
470
LINEAR
1001
ACAD
1010
0
1020
0
1030
0
0
HATCH
5
9fc
100
AcDbEntity
8
TopLayer
100
AcDbHatch
10
0
20
0
30
0
210
0
220
0
230
1
2
SOLID
70
1
71
0
91
1
92
7
72
0
73
1
93
4
10
63.27711455422923
20
72.31414782829575
10
63.27711455422923
20
71.45013970027946
10
62.47063754127498
20
71.45013970027946
10
62.47063754127498
20
72.31414782829575
97
1
330

75
0
76
1
47
0.4128176842155181
98
1
10
34.90568961886538
20
22.81183545379326
450
0
451
0
460
0
461
0
452
1
462
1
453
2
463
0
63
5
421
255
463
1
63
7
421
16777215
470
LINEAR
1001
ACAD
1010
0
1020
0
1030
0
0
HATCH
5
9ff
100
AcDbEntity
8
TopSolderMaskLayer
100
AcDbHatch
10
0
20
0
30
0
210
0
220
0
230
1
2
SOLID
70
1
71
0
91
1
92
7
72
0
73
1
93
4
10
63.95173270369196
20
72.33954787909579
10
63.95173270369196
20
71.4247396494793
10
64.8090098182463
20
71.4247396494793
10
64.8090098182463
20
72.33954787909579
97
1
330

75
0
76
1
47
0.4128176842155181
98
1
10
34.90568961886538
20
22.81183545379326
450
0
451
0
460
0
461
0
452
1
462
1
453
2
463
0
63
5
421
255
463
1
63
7
421
16777215
470
LINEAR
1001
ACAD
1010
0
1020
0
1030
0
0
HATCH
5
a02
100
AcDbEntity
8
TopLayer
100
AcDbHatch
10
0
20
0
30
0
210
0
220
0
230
1
2
SOLID
70
1
71
0
91
1
92
7
72
0
73
1
93
4
10
63.97713995427989
20
72.31414782829575
10
63.97713995427989
20
71.45013970027946
10
64.78361696723391
20
71.45013970027946
10
64.78361696723391
20
72.31414782829575
97
1
330

75
0
76
1
47
0.4128176842155181
98
1
10
34.90568961886538
20
22.81183545379326
450
0
451
0
460
0
461
0
452
1
462
1
453
2
463
0
63
5
421
255
463
1
63
7
421
16777215
470
LINEAR
1001
ACAD
1010
0
1020
0
1030
0
0
HATCH
5
a05
100
AcDbEntity
8
TopSolderMaskLayer
100
AcDbHatch
10
0
20
0
30
0
210
0
220
0
230
1
2
SOLID
70
1
71
0
91
1
92
7
72
0
73
1
93
4
10
63.302521804816934
20
70.5615443230887
10
63.302521804816934
20
69.64673609347221
10
62.445244690262825
20
69.64673609347221
10
62.445244690262825
20
70.5615443230887
97
1
330

75
0
76
1
47
0.4128176842155181
98
1
10
34.90568961886538
20
22.81183545379326
450
0
451
0
460
0
461
0
452
1
462
1
453
2
463
0
63
5
421
255
463
1
63
7
421
16777215
470
LINEAR
1001
ACAD
1010
0
1020
0
1030
0
0
HATCH
5
a08
100
AcDbEntity
8
TopLayer
100
AcDbHatch
10
0
20
0
30
0
210
0
220
0
230
1
2
SOLID
70
1
71
0
91
1
92
7
72
0
73
1
93
4
10
63.27711455422923
20
70.53614427228865
10
63.27711455422923
20
69.67213614427237
10
62.47063754127498
20
69.67213614427237
10
62.47063754127498
20
70.53614427228865
97
1
330

75
0
76
1
47
0.4128176842155181
98
1
10
34.90568961886538
20
22.81183545379326
450
0
451
0
460
0
461
0
452
1
462
1
453
2
463
0
63
5
421
255
463
1
63
7
421
16777215
470
LINEAR
1001
ACAD
1010
0
1020
0
1030
0
0
HATCH
5
a0b
100
AcDbEntity
8
TopSolderMaskLayer
100
AcDbHatch
10
0
20
0
30
0
210
0
220
0
230
1
2
SOLID
70
1
71
0
91
1
92
7
72
0
73
1
93
4
10
63.95173270369196
20
70.5615443230887
10
63.95173270369196
20
69.64673609347221
10
64.8090098182463
20
69.64673609347221
10
64.8090098182463
20
70.5615443230887
97
1
330

75
0
76
1
47
0.4128176842155181
98
1
10
34.90568961886538
20
22.81183545379326
450
0
451
0
460
0
461
0
452
1
462
1
453
2
463
0
63
5
421
255
463
1
63
7
421
16777215
470
LINEAR
1001
ACAD
1010
0
1020
0
1030
0
0
HATCH
5
a0e
100
AcDbEntity
8
TopLayer
100
AcDbHatch
10
0
20
0
30
0
210
0
220
0
230
1
2
SOLID
70
1
71
0
91
1
92
7
72
0
73
1
93
4
10
63.97713995427989
20
70.53614427228865
10
63.97713995427989
20
69.67213614427237
10
64.78361696723391
20
69.67213614427237
10
64.78361696723391
20
70.53614427228865
97
1
330

75
0
76
1
47
0.4128176842155181
98
1
10
34.90568961886538
20
22.81183545379326
450
0
451
0
460
0
461
0
452
1
462
1
453
2
463
0
63
5
421
255
463
1
63
7
421
16777215
470
LINEAR
1001
ACAD
1010
0
1020
0
1030
0
0
HATCH
5
a11
100
AcDbEntity
8
TopSolderMaskLayer
100
AcDbHatch
10
0
20
0
30
0
210
0
220
0
230
1
2
SOLID
70
1
71
0
91
1
92
7
72
0
73
1
93
4
10
79.95376470775614
20
72.0597409194819
10
79.95376470775614
20
72.97454914909838
10
80.81104182231024
20
72.97454914909838
10
80.81104182231024
20
72.0597409194819
97
1
330

75
0
76
1
47
0.4128176842155181
98
1
10
34.90568961886538
20
22.81183545379326
450
0
451
0
460
0
461
0
452
1
462
1
453
2
463
0
63
5
421
255
463
1
63
7
421
16777215
470
LINEAR
1001
ACAD
1010
0
1020
0
1030
0
0
HATCH
5
a14
100
AcDbEntity
8
TopLayer
100
AcDbHatch
10
0
20
0
30
0
210
0
220
0
230
1
2
SOLID
70
1
71
0
91
1
92
7
72
0
73
1
93
4
10
79.97917195834384
20
72.08514097028194
10
79.97917195834384
20
72.94914909829822
10
80.78564897129809
20
72.94914909829822
10
80.78564897129809
20
72.08514097028194
97
1
330

75
0
76
1
47
0.4128176842155181
98
1
10
34.90568961886538
20
22.81183545379326
450
0
451
0
460
0
461
0
452
1
462
1
453
2
463
0
63
5
421
255
463
1
63
7
421
16777215
470
LINEAR
1001
ACAD
1010
0
1020
0
1030
0
0
HATCH
5
a17
100
AcDbEntity
8
TopSolderMaskLayer
100
AcDbHatch
10
0
20
0
30
0
210
0
220
0
230
1
2
SOLID
70
1
71
0
91
1
92
7
72
0
73
1
93
4
10
79.30455380888111
20
72.0597409194819
10
79.30455380888111
20
72.97454914909838
10
78.44727669432677
20
72.97454914909838
10
78.44727669432677
20
72.0597409194819
97
1
330

75
0
76
1
47
0.4128176842155181
98
1
10
34.90568961886538
20
22.81183545379326
450
0
451
0
460
0
461
0
452
1
462
1
453
2
463
0
63
5
421
255
463
1
63
7
421
16777215
470
LINEAR
1001
ACAD
1010
0
1020
0
1030
0
0
HATCH
5
a1a
100
AcDbEntity
8
TopLayer
100
AcDbHatch
10
0
20
0
30
0
210
0
220
0
230
1
2
SOLID
70
1
71
0
91
1
92
7
72
0
73
1
93
4
10
79.27914655829318
20
72.08514097028194
10
79.27914655829318
20
72.94914909829822
10
78.47266954533916
20
72.94914909829822
10
78.47266954533916
20
72.08514097028194
97
1
330

75
0
76
1
47
0.4128176842155181
98
1
10
34.90568961886538
20
22.81183545379326
450
0
451
0
460
0
461
0
452
1
462
1
453
2
463
0
63
5
421
255
463
1
63
7
421
16777215
470
LINEAR
1001
ACAD
1010
0
1020
0
1030
0
0
HATCH
5
a1d
100
AcDbEntity
8
TopSolderMaskLayer
100
AcDbHatch
10
0
20
0
30
0
210
0
220
0
230
1
2
SOLID
70
1
71
0
91
1
92
7
72
0
73
1
93
4
10
72.19253958485251
20
84.27757175514353
10
72.19253958485251
20
83.36276352552716
10
71.3352624702984
20
83.36276352552716
10
71.3352624702984
20
84.27757175514353
97
1
330

75
0
76
1
47
0.4128176842155181
98
1
10
34.90568961886538
20
22.81183545379326
450
0
451
0
460
0
461
0
452
1
462
1
453
2
463
0
63
5
421
255
463
1
63
7
421
16777215
470
LINEAR
1001
ACAD
1010
0
1020
0
1030
0
0
HATCH
5
a20
100
AcDbEntity
8
TopLayer
100
AcDbHatch
10
0
20
0
30
0
210
0
220
0
230
1
2
SOLID
70
1
71
0
91
1
92
7
72
0
73
1
93
4
10
72.1671323342648
20
84.25217170434348
10
72.1671323342648
20
83.3881635763272
10
71.36065532131056
20
83.3881635763272
10
71.36065532131056
20
84.25217170434348
97
1
330

75
0
76
1
47
0.4128176842155181
98
1
10
34.90568961886538
20
22.81183545379326
450
0
451
0
460
0
461
0
452
1
462
1
453
2
463
0
63
5
421
255
463
1
63
7
421
16777215
470
LINEAR
1001
ACAD
1010
0
1020
0
1030
0
0
HATCH
5
a23
100
AcDbEntity
8
TopSolderMaskLayer
100
AcDbHatch
10
0
20
0
30
0
210
0
220
0
230
1
2
SOLID
70
1
71
0
91
1
92
7
72
0
73
1
93
4
10
72.84175048372754
20
84.27757175514353
10
72.84175048372754
20
83.36276352552716
10
73.69902759828187
20
83.36276352552716
10
73.69902759828187
20
84.27757175514353
97
1
330

75
0
76
1
47
0.4128176842155181
98
1
10
34.90568961886538
20
22.81183545379326
450
0
451
0
460
0
461
0
452
1
462
1
453
2
463
0
63
5
421
255
463
1
63
7
421
16777215
470
LINEAR
1001
ACAD
1010
0
1020
0
1030
0
0
HATCH
5
a26
100
AcDbEntity
8
TopLayer
100
AcDbHatch
10
0
20
0
30
0
210
0
220
0
230
1
2
SOLID
70
1
71
0
91
1
92
7
72
0
73
1
93
4
10
72.86715773431547
20
84.25217170434348
10
72.86715773431547
20
83.3881635763272
10
73.67363474726949
20
83.3881635763272
10
73.67363474726949
20
84.25217170434348
97
1
330

75
0
76
1
47
0.4128176842155181
98
1
10
34.90568961886538
20
22.81183545379326
450
0
451
0
460
0
461
0
452
1
462
1
453
2
463
0
63
5
421
255
463
1
63
7
421
16777215
470
LINEAR
1001
ACAD
1010
0
1020
0
1030
0
0
HATCH
5
a29
100
AcDbEntity
8
TopSolderMaskLayer
100
AcDbHatch
10
0
20
0
30
0
210
0
220
0
230
1
2
SOLID
70
1
71
0
91
1
92
7
72
0
73
1
93
4
10
66.37234788762657
20
85.03546664289956
10
65.45391576490078
20
85.03546664289956
10
65.45391576490078
20
85.88936116602258
10
66.37234788762657
20
85.88936116602258
97
1
330

75
0
76
1
47
0.4128176842155181
98
1
10
34.90568961886538
20
22.81183545379326
450
0
451
0
460
0
461
0
452
1
462
1
453
2
463
0
63
5
421
255
463
1
63
7
421
16777215
470
LINEAR
1001
ACAD
1010
0
1020
0
1030
0
0
HATCH
5
a2c
100
AcDbEntity
8
TopLayer
100
AcDbHatch
10
0
20
0
30
0
210
0
220
0
230
1
2
SOLID
70
1
71
0
91
1
92
7
72
0
73
1
93
4
10
66.34513589027165
20
85.05918211836433
10
65.48112776225571
20
85.05918211836433
10
65.48112776225571
20
85.86565913131835
10
66.34513589027165
20
85.86565913131835
97
1
330

75
0
76
1
47
0.4128176842155181
98
1
10
34.90568961886538
20
22.81183545379326
450
0
451
0
460
0
461
0
452
1
462
1
453
2
463
0
63
5
421
255
463
1
63
7
421
16777215
470
LINEAR
1001
ACAD
1010
0
1020
0
1030
0
0
HATCH
5
a2f
100
AcDbEntity
8
TopSolderMaskLayer
100
AcDbHatch
10
0
20
0
30
0
210
0
220
0
230
1
2
SOLID
70
1
71
0
91
1
92
7
72
0
73
1
93
4
10
66.37234788762657
20
84.38287219377821
10
65.45391576490078
20
84.38287219377821
10
65.45391576490078
20
83.5289776706552
10
66.37234788762657
20
83.5289776706552
97
1
330

75
0
76
1
47
0.4128176842155181
98
1
10
34.90568961886538
20
22.81183545379326
450
0
451
0
460
0
461
0
452
1
462
1
453
2
463
0
63
5
421
255
463
1
63
7
421
16777215
470
LINEAR
1001
ACAD
1010
0
1020
0
1030
0
0
HATCH
5
a32
100
AcDbEntity
8
TopLayer
100
AcDbHatch
10
0
20
0
30
0
210
0
220
0
230
1
2
SOLID
70
1
71
0
91
1
92
7
72
0
73
1
93
4
10
66.34513589027165
20
84.35915671831344
10
65.48112776225571
20
84.35915671831344
10
65.48112776225571
20
83.55267970535942
10
66.34513589027165
20
83.55267970535942
97
1
330

75
0
76
1
47
0.4128176842155181
98
1
10
34.90568961886538
20
22.81183545379326
450
0
451
0
460
0
461
0
452
1
462
1
453
2
463
0
63
5
421
255
463
1
63
7
421
16777215
470
LINEAR
1001
ACAD
1010
0
1020
0
1030
0
0
HATCH
5
a35
100
AcDbEntity
8
TopSolderMaskLayer
100
AcDbHatch
10
0
20
0
30
0
210
0
220
0
230
1
2
SOLID
70
1
71
0
91
1
92
7
72
0
73
1
93
4
10
34.72746465470277
20
82.24556769113542
10
34.72746465470277
20
81.33075946151894
10
33.870187540148436
20
81.33075946151894
10
33.870187540148436
20
82.24556769113542
97
1
330

75
0
76
1
47
0.4128176842155181
98
1
10
34.90568961886538
20
22.81183545379326
450
0
451
0
460
0
461
0
452
1
462
1
453
2
463
0
63
5
421
255
463
1
63
7
421
16777215
470
LINEAR
1001
ACAD
1010
0
1020
0
1030
0
0
HATCH
5
a38
100
AcDbEntity
8
TopLayer
100
AcDbHatch
10
0
20
0
30
0
210
0
220
0
230
1
2
SOLID
70
1
71
0
91
1
92
7
72
0
73
1
93
4
10
34.70205740411484
20
82.22016764033538
10
34.70205740411484
20
81.3561595123191
10
33.89558039116082
20
81.3561595123191
10
33.89558039116082
20
82.22016764033538
97
1
330

75
0
76
1
47
0.4128176842155181
98
1
10
34.90568961886538
20
22.81183545379326
450
0
451
0
460
0
461
0
452
1
462
1
453
2
463
0
63
5
421
255
463
1
63
7
421
16777215
470
LINEAR
1001
ACAD
1010
0
1020
0
1030
0
0
HATCH
5
a3b
100
AcDbEntity
8
TopSolderMaskLayer
100
AcDbHatch
10
0
20
0
30
0
210
0
220
0
230
1
2
SOLID
70
1
71
0
91
1
92
7
72
0
73
1
93
4
10
35.3766755535778
20
82.24556769113542
10
35.3766755535778
20
81.33075946151894
10
36.23395266813213
20
81.33075946151894
10
36.23395266813213
20
82.24556769113542
97
1
330

75
0
76
1
47
0.4128176842155181
98
1
10
34.90568961886538
20
22.81183545379326
450
0
451
0
460
0
461
0
452
1
462
1
453
2
463
0
63
5
421
255
463
1
63
7
421
16777215
470
LINEAR
1001
ACAD
1010
0
1020
0
1030
0
0
HATCH
5
a3e
100
AcDbEntity
8
TopLayer
100
AcDbHatch
10
0
20
0
30
0
210
0
220
0
230
1
2
SOLID
70
1
71
0
91
1
92
7
72
0
73
1
93
4
10
35.4020828041655
20
82.22016764033538
10
35.4020828041655
20
81.3561595123191
10
36.20855981711975
20
81.3561595123191
10
36.20855981711975
20
82.22016764033538
97
1
330

75
0
76
1
47
0.4128176842155181
98
1
10
34.90568961886538
20
22.81183545379326
450
0
451
0
460
0
461
0
452
1
462
1
453
2
463
0
63
5
421
255
463
1
63
7
421
16777215
470
LINEAR
1001
ACAD
1010
0
1020
0
1030
0
0
HATCH
5
a41
100
AcDbEntity
8
TopSolderMaskLayer
100
AcDbHatch
10
0
20
0
30
0
210
0
220
0
230
1
2
SOLID
70
1
71
0
91
1
92
7
72
0
73
1
93
4
10
40.44247608472551
20
89.48458216916436
10
40.44247608472551
20
88.56977393954799
10
39.58519897017118
20
88.56977393954799
10
39.58519897017118
20
89.48458216916436
97
1
330

75
0
76
1
47
0.4128176842155181
98
1
10
34.90568961886538
20
22.81183545379326
450
0
451
0
460
0
461
0
452
1
462
1
453
2
463
0
63
5
421
255
463
1
63
7
421
16777215
470
LINEAR
1001
ACAD
1010
0
1020
0
1030
0
0
HATCH
5
a44
100
AcDbEntity
8
TopLayer
100
AcDbHatch
10
0
20
0
30
0
210
0
220
0
230
1
2
SOLID
70
1
71
0
91
1
92
7
72
0
73
1
93
4
10
40.41706883413781
20
89.45918211836431
10
40.41706883413781
20
88.59517399034803
10
39.61059182118356
20
88.59517399034803
10
39.61059182118356
20
89.45918211836431
97
1
330

75
0
76
1
47
0.4128176842155181
98
1
10
34.90568961886538
20
22.81183545379326
450
0
451
0
460
0
461
0
452
1
462
1
453
2
463
0
63
5
421
255
463
1
63
7
421
16777215
470
LINEAR
1001
ACAD
1010
0
1020
0
1030
0
0
HATCH
5
a47
100
AcDbEntity
8
TopSolderMaskLayer
100
AcDbHatch
10
0
20
0
30
0
210
0
220
0
230
1
2
SOLID
70
1
71
0
91
1
92
7
72
0
73
1
93
4
10
41.09168698360054
20
89.48458216916436
10
41.09168698360054
20
88.56977393954799
10
41.948964098154875
20
88.56977393954799
10
41.948964098154875
20
89.48458216916436
97
1
330

75
0
76
1
47
0.4128176842155181
98
1
10
34.90568961886538
20
22.81183545379326
450
0
451
0
460
0
461
0
452
1
462
1
453
2
463
0
63
5
421
255
463
1
63
7
421
16777215
470
LINEAR
1001
ACAD
1010
0
1020
0
1030
0
0
HATCH
5
a4a
100
AcDbEntity
8
TopLayer
100
AcDbHatch
10
0
20
0
30
0
210
0
220
0
230
1
2
SOLID
70
1
71
0
91
1
92
7
72
0
73
1
93
4
10
41.11709423418847
20
89.45918211836431
10
41.11709423418847
20
88.59517399034803
10
41.92357124714249
20
88.59517399034803
10
41.92357124714249
20
89.45918211836431
97
1
330

75
0
76
1
47
0.4128176842155181
98
1
10
34.90568961886538
20
22.81183545379326
450
0
451
0
460
0
461
0
452
1
462
1
453
2
463
0
63
5
421
255
463
1
63
7
421
16777215
470
LINEAR
1001
ACAD
1010
0
1020
0
1030
0
0
HATCH
5
a4d
100
AcDbEntity
8
TopSolderMaskLayer
100
AcDbHatch
10
0
20
0
30
0
210
0
220
0
230
1
2
SOLID
70
1
71
0
91
1
92
7
72
0
73
1
93
4
10
55.46781866015999
20
65.59852679705364
10
56.7486162217549
20
65.59852679705364
10
56.7486162217549
20
63.68773177546359
10
55.46781866015999
20
63.68773177546359
97
1
330

75
0
76
1
47
0.4128176842155181
98
1
10
34.90568961886538
20
22.81183545379326
450
0
451
0
460
0
461
0
452
1
462
1
453
2
463
0
63
5
421
255
463
1
63
7
421
16777215
470
LINEAR
1001
ACAD
1010
0
1020
0
1030
0
0
HATCH
5
a50
100
AcDbEntity
8
TopPasteMaskLayer
100
AcDbHatch
10
0
20
0
30
0
210
0
220
0
230
1
2
SOLID
70
1
71
0
91
1
92
7
72
0
73
1
93
4
10
55.49321818643648
20
65.57312674625348
10
56.7232156464313
20
65.57312674625348
10
56.7232156464313
20
63.71313182626375
10
55.49321818643648
20
63.71313182626375
97
1
330

75
0
76
1
47
0.4128176842155181
98
1
10
34.90568961886538
20
22.81183545379326
450
0
451
0
460
0
461
0
452
1
462
1
453
2
463
0
63
5
421
255
463
1
63
7
421
16777215
470
LINEAR
1001
ACAD
1010
0
1020
0
1030
0
0
HATCH
5
a53
100
AcDbEntity
8
TopLayer
100
AcDbHatch
10
0
20
0
30
0
210
0
220
0
230
1
2
SOLID
70
1
71
0
91
1
92
7
72
0
73
1
93
4
10
55.49321818643648
20
65.57312674625348
10
56.7232156464313
20
65.57312674625348
10
56.7232156464313
20
63.71313182626375
10
55.49321818643648
20
63.71313182626375
97
1
330

75
0
76
1
47
0.4128176842155181
98
1
10
34.90568961886538
20
22.81183545379326
450
0
451
0
460
0
461
0
452
1
462
1
453
2
463
0
63
5
421
255
463
1
63
7
421
16777215
470
LINEAR
1001
ACAD
1010
0
1020
0
1030
0
0
HATCH
5
a56
100
AcDbEntity
8
TopSolderMaskLayer
100
AcDbHatch
10
0
20
0
30
0
210
0
220
0
230
1
2
SOLID
70
1
71
0
91
1
92
7
72
0
73
1
93
4
10
59.837643399809394
20
65.59852679705364
10
61.1184409614043
20
65.59852679705364
10
61.1184409614043
20
63.68773177546359
10
59.837643399809394
20
63.68773177546359
97
1
330

75
0
76
1
47
0.4128176842155181
98
1
10
34.90568961886538
20
22.81183545379326
450
0
451
0
460
0
461
0
452
1
462
1
453
2
463
0
63
5
421
255
463
1
63
7
421
16777215
470
LINEAR
1001
ACAD
1010
0
1020
0
1030
0
0
HATCH
5
a59
100
AcDbEntity
8
TopPasteMaskLayer
100
AcDbHatch
10
0
20
0
30
0
210
0
220
0
230
1
2
SOLID
70
1
71
0
91
1
92
7
72
0
73
1
93
4
10
59.86304292608588
20
65.57312674625348
10
61.0930403860807
20
65.57312674625348
10
61.0930403860807
20
63.71313182626375
10
59.86304292608588
20
63.71313182626375
97
1
330

75
0
76
1
47
0.4128176842155181
98
1
10
34.90568961886538
20
22.81183545379326
450
0
451
0
460
0
461
0
452
1
462
1
453
2
463
0
63
5
421
255
463
1
63
7
421
16777215
470
LINEAR
1001
ACAD
1010
0
1020
0
1030
0
0
HATCH
5
a5c
100
AcDbEntity
8
TopLayer
100
AcDbHatch
10
0
20
0
30
0
210
0
220
0
230
1
2
SOLID
70
1
71
0
91
1
92
7
72
0
73
1
93
4
10
59.86304292608588
20
65.57312674625348
10
61.0930403860807
20
65.57312674625348
10
61.0930403860807
20
63.71313182626375
10
59.86304292608588
20
63.71313182626375
97
1
330

75
0
76
1
47
0.4128176842155181
98
1
10
34.90568961886538
20
22.81183545379326
450
0
451
0
460
0
461
0
452
1
462
1
453
2
463
0
63
5
421
255
463
1
63
7
421
16777215
470
LINEAR
1001
ACAD
1010
0
1020
0
1030
0
0
HATCH
5
a5f
100
AcDbEntity
8
TopSolderMaskLayer
100
AcDbHatch
10
0
20
0
30
0
210
0
220
0
230
1
2
SOLID
70
1
71
0
91
1
92
7
72
0
73
1
93
4
10
24.30464327877553
20
82.01947480042884
10
24.30464327877553
20
83.28306589837632
10
26.241457813426678
20
83.28306589837632
10
26.241457813426678
20
82.01947480042884
97
1
330

75
0
76
1
47
0.4128176842155181
98
1
10
34.90568961886538
20
22.81183545379326
450
0
451
0
460
0
461
0
452
1
462
1
453
2
463
0
63
5
421
255
463
1
63
7
421
16777215
470
LINEAR
1001
ACAD
1010
0
1020
0
1030
0
0
HATCH
5
a62
100
AcDbEntity
8
TopPasteMaskLayer
100
AcDbHatch
10
0
20
0
30
0
210
0
220
0
230
1
2
SOLID
70
1
71
0
91
1
92
7
72
0
73
1
93
4
10
24.343053086106238
20
82.03627127254254
10
24.343053086106238
20
83.26626873253758
10
26.20304800609597
20
83.26626873253758
10
26.20304800609597
20
82.03627127254254
97
1
330

75
0
76
1
47
0.4128176842155181
98
1
10
34.90568961886538
20
22.81183545379326
450
0
451
0
460
0
461
0
452
1
462
1
453
2
463
0
63
5
421
255
463
1
63
7
421
16777215
470
LINEAR
1001
ACAD
1010
0
1020
0
1030
0
0
HATCH
5
a65
100
AcDbEntity
8
TopLayer
100
AcDbHatch
10
0
20
0
30
0
210
0
220
0
230
1
2
SOLID
70
1
71
0
91
1
92
7
72
0
73
1
93
4
10
24.343053086106238
20
82.03627127254254
10
24.343053086106238
20
83.26626873253758
10
26.20304800609597
20
83.26626873253758
10
26.20304800609597
20
82.03627127254254
97
1
330

75
0
76
1
47
0.4128176842155181
98
1
10
34.90568961886538
20
22.81183545379326
450
0
451
0
460
0
461
0
452
1
462
1
453
2
463
0
63
5
421
255
463
1
63
7
421
16777215
470
LINEAR
1001
ACAD
1010
0
1020
0
1030
0
0
HATCH
5
a68
100
AcDbEntity
8
TopSolderMaskLayer
100
AcDbHatch
10
0
20
0
30
0
210
0
220
0
230
1
2
SOLID
70
1
71
0
91
1
92
7
72
0
73
1
93
4
10
24.30464327877553
20
86.38929954007835
10
24.30464327877553
20
87.65289063802572
10
26.241457813426678
20
87.65289063802572
10
26.241457813426678
20
86.38929954007835
97
1
330

75
0
76
1
47
0.4128176842155181
98
1
10
34.90568961886538
20
22.81183545379326
450
0
451
0
460
0
461
0
452
1
462
1
453
2
463
0
63
5
421
255
463
1
63
7
421
16777215
470
LINEAR
1001
ACAD
1010
0
1020
0
1030
0
0
HATCH
5
a6b
100
AcDbEntity
8
TopPasteMaskLayer
100
AcDbHatch
10
0
20
0
30
0
210
0
220
0
230
1
2
SOLID
70
1
71
0
91
1
92
7
72
0
73
1
93
4
10
24.343053086106238
20
86.40609601219205
10
24.343053086106238
20
87.63609347218699
10
26.20304800609597
20
87.63609347218699
10
26.20304800609597
20
86.40609601219205
97
1
330

75
0
76
1
47
0.4128176842155181
98
1
10
34.90568961886538
20
22.81183545379326
450
0
451
0
460
0
461
0
452
1
462
1
453
2
463
0
63
5
421
255
463
1
63
7
421
16777215
470
LINEAR
1001
ACAD
1010
0
1020
0
1030
0
0
HATCH
5
a6e
100
AcDbEntity
8
TopLayer
100
AcDbHatch
10
0
20
0
30
0
210
0
220
0
230
1
2
SOLID
70
1
71
0
91
1
92
7
72
0
73
1
93
4
10
24.343053086106238
20
86.40609601219205
10
24.343053086106238
20
87.63609347218699
10
26.20304800609597
20
87.63609347218699
10
26.20304800609597
20
86.40609601219205
97
1
330

75
0
76
1
47
0.4128176842155181
98
1
10
34.90568961886538
20
22.81183545379326
450
0
451
0
460
0
461
0
452
1
462
1
453
2
463
0
63
5
421
255
463
1
63
7
421
16777215
470
LINEAR
1001
ACAD
1010
0
1020
0
1030
0
0
HATCH
5
a71
100
AcDbEntity
8
TopSolderMaskLayer
100
AcDbHatch
10
0
20
0
30
0
210
0
220
0
230
1
2
SOLID
70
1
71
0
91
1
92
7
72
0
73
1
93
4
10
57.737520805552776
20
62.50681425214941
10
57.737520805552776
20
61.24322315420193
10
55.8007062709014
20
61.24322315420193
10
55.8007062709014
20
62.50681425214941
97
1
330

75
0
76
1
47
0.4128176842155181
98
1
10
34.90568961886538
20
22.81183545379326
450
0
451
0
460
0
461
0
452
1
462
1
453
2
463
0
63
5
421
255
463
1
63
7
421
16777215
470
LINEAR
1001
ACAD
1010
0
1020
0
1030
0
0
HATCH
5
a74
100
AcDbEntity
8
TopPasteMaskLayer
100
AcDbHatch
10
0
20
0
30
0
210
0
220
0
230
1
2
SOLID
70
1
71
0
91
1
92
7
72
0
73
1
93
4
10
57.69911099822207
20
62.4900177800356
10
57.69911099822207
20
61.26002032004067
10
55.83911607823211
20
61.26002032004067
10
55.83911607823211
20
62.4900177800356
97
1
330

75
0
76
1
47
0.4128176842155181
98
1
10
34.90568961886538
20
22.81183545379326
450
0
451
0
460
0
461
0
452
1
462
1
453
2
463
0
63
5
421
255
463
1
63
7
421
16777215
470
LINEAR
1001
ACAD
1010
0
1020
0
1030
0
0
HATCH
5
a77
100
AcDbEntity
8
TopLayer
100
AcDbHatch
10
0
20
0
30
0
210
0
220
0
230
1
2
SOLID
70
1
71
0
91
1
92
7
72
0
73
1
93
4
10
57.69911099822207
20
62.4900177800356
10
57.69911099822207
20
61.26002032004067
10
55.83911607823211
20
61.26002032004067
10
55.83911607823211
20
62.4900177800356
97
1
330

75
0
76
1
47
0.4128176842155181
98
1
10
34.90568961886538
20
22.81183545379326
450
0
451
0
460
0
461
0
452
1
462
1
453
2
463
0
63
5
421
255
463
1
63
7
421
16777215
470
LINEAR
1001
ACAD
1010
0
1020
0
1030
0
0
HATCH
5
a7a
100
AcDbEntity
8
TopSolderMaskLayer
100
AcDbHatch
10
0
20
0
30
0
210
0
220
0
230
1
2
SOLID
70
1
71
0
91
1
92
7
72
0
73
1
93
4
10
57.737520805552776
20
58.136989512499895
10
57.737520805552776
20
56.873398414552526
10
55.8007062709014
20
56.873398414552526
10
55.8007062709014
20
58.136989512499895
97
1
330

75
0
76
1
47
0.4128176842155181
98
1
10
34.90568961886538
20
22.81183545379326
450
0
451
0
460
0
461
0
452
1
462
1
453
2
463
0
63
5
421
255
463
1
63
7
421
16777215
470
LINEAR
1001
ACAD
1010
0
1020
0
1030
0
0
HATCH
5
a7d
100
AcDbEntity
8
TopPasteMaskLayer
100
AcDbHatch
10
0
20
0
30
0
210
0
220
0
230
1
2
SOLID
70
1
71
0
91
1
92
7
72
0
73
1
93
4
10
57.69911099822207
20
58.120193040386084
10
57.69911099822207
20
56.890195580391264
10
55.83911607823211
20
56.890195580391264
10
55.83911607823211
20
58.120193040386084
97
1
330

75
0
76
1
47
0.4128176842155181
98
1
10
34.90568961886538
20
22.81183545379326
450
0
451
0
460
0
461
0
452
1
462
1
453
2
463
0
63
5
421
255
463
1
63
7
421
16777215
470
LINEAR
1001
ACAD
1010
0
1020
0
1030
0
0
HATCH
5
a80
100
AcDbEntity
8
TopLayer
100
AcDbHatch
10
0
20
0
30
0
210
0
220
0
230
1
2
SOLID
70
1
71
0
91
1
92
7
72
0
73
1
93
4
10
57.69911099822207
20
58.120193040386084
10
57.69911099822207
20
56.890195580391264
10
55.83911607823211
20
56.890195580391264
10
55.83911607823211
20
58.120193040386084
97
1
330

75
0
76
1
47
0.4128176842155181
98
1
10
34.90568961886538
20
22.81183545379326
450
0
451
0
460
0
461
0
452
1
462
1
453
2
463
0
63
5
421
255
463
1
63
7
421
16777215
470
LINEAR
1001
ACAD
1010
0
1020
0
1030
0
0
HATCH
5
a83
100
AcDbEntity
8
TopSolderMaskLayer
100
AcDbHatch
10
0
20
0
30
0
210
0
220
0
230
1
2
SOLID
70
1
71
0
91
1
92
7
72
0
73
1
93
4
10
68.22763525527034
20
74.22684785369574
10
68.22763525527034
20
73.60144780289568
10
66.92603505207012
20
73.60144780289568
10
66.92603505207012
20
74.22684785369574
97
1
330

75
0
76
1
47
0.4128176842155181
98
1
10
34.90568961886538
20
22.81183545379326
450
0
451
0
460
0
461
0
452
1
462
1
453
2
463
0
63
5
421
255
463
1
63
7
421
16777215
470
LINEAR
1001
ACAD
1010
0
1020
0
1030
0
0
HATCH
5
a86
100
AcDbEntity
8
TopPasteMaskLayer
100
AcDbHatch
10
0
20
0
30
0
210
0
220
0
230
1
2
SOLID
70
1
71
0
91
1
92
7
72
0
73
1
93
4
10
68.17683515367025
20
74.21414782829561
10
68.17683515367025
20
73.61414782829581
10
66.97683515367021
20
73.61414782829581
10
66.97683515367021
20
74.21414782829561
97
1
330

75
0
76
1
47
0.4128176842155181
98
1
10
34.90568961886538
20
22.81183545379326
450
0
451
0
460
0
461
0
452
1
462
1
453
2
463
0
63
5
421
255
463
1
63
7
421
16777215
470
LINEAR
1001
ACAD
1010
0
1020
0
1030
0
0
HATCH
5
a89
100
AcDbEntity
8
TopLayer
100
AcDbHatch
10
0
20
0
30
0
210
0
220
0
230
1
2
SOLID
70
1
71
0
91
1
92
7
72
0
73
1
93
4
10
68.17683515367025
20
74.21414782829561
10
68.17683515367025
20
73.61414782829581
10
66.97683515367021
20
73.61414782829581
10
66.97683515367021
20
74.21414782829561
97
1
330

75
0
76
1
47
0.4128176842155181
98
1
10
34.90568961886538
20
22.81183545379326
450
0
451
0
460
0
461
0
452
1
462
1
453
2
463
0
63
5
421
255
463
1
63
7
421
16777215
470
LINEAR
1001
ACAD
1010
0
1020
0
1030
0
0
HATCH
5
a8c
100
AcDbEntity
8
TopSolderMaskLayer
100
AcDbHatch
10
0
20
0
30
0
210
0
220
0
230
1
2
SOLID
70
1
71
0
91
1
92
7
72
0
73
1
93
4
10
68.22763525527034
20
72.95684531369068
10
68.22763525527034
20
72.33144526289061
10
66.92603505207012
20
72.33144526289061
10
66.92603505207012
20
72.95684531369068
97
1
330

75
0
76
1
47
0.4128176842155181
98
1
10
34.90568961886538
20
22.81183545379326
450
0
451
0
460
0
461
0
452
1
462
1
453
2
463
0
63
5
421
255
463
1
63
7
421
16777215
470
LINEAR
1001
ACAD
1010
0
1020
0
1030
0
0
HATCH
5
a8f
100
AcDbEntity
8
TopPasteMaskLayer
100
AcDbHatch
10
0
20
0
30
0
210
0
220
0
230
1
2
SOLID
70
1
71
0
91
1
92
7
72
0
73
1
93
4
10
68.17683515367025
20
72.94414528829054
10
68.17683515367025
20
72.34414528829063
10
66.97683515367021
20
72.34414528829063
10
66.97683515367021
20
72.94414528829054
97
1
330

75
0
76
1
47
0.4128176842155181
98
1
10
34.90568961886538
20
22.81183545379326
450
0
451
0
460
0
461
0
452
1
462
1
453
2
463
0
63
5
421
255
463
1
63
7
421
16777215
470
LINEAR
1001
ACAD
1010
0
1020
0
1030
0
0
HATCH
5
a92
100
AcDbEntity
8
TopLayer
100
AcDbHatch
10
0
20
0
30
0
210
0
220
0
230
1
2
SOLID
70
1
71
0
91
1
92
7
72
0
73
1
93
4
10
68.17683515367025
20
72.94414528829054
10
68.17683515367025
20
72.34414528829063
10
66.97683515367021
20
72.34414528829063
10
66.97683515367021
20
72.94414528829054
97
1
330

75
0
76
1
47
0.4128176842155181
98
1
10
34.90568961886538
20
22.81183545379326
450
0
451
0
460
0
461
0
452
1
462
1
453
2
463
0
63
5
421
255
463
1
63
7
421
16777215
470
LINEAR
1001
ACAD
1010
0
1020
0
1030
0
0
HATCH
5
a95
100
AcDbEntity
8
TopSolderMaskLayer
100
AcDbHatch
10
0
20
0
30
0
210
0
220
0
230
1
2
SOLID
70
1
71
0
91
1
92
7
72
0
73
1
93
4
10
68.22763525527034
20
71.68684277368561
10
68.22763525527034
20
71.06144272288554
10
66.92603505207012
20
71.06144272288554
10
66.92603505207012
20
71.68684277368561
97
1
330

75
0
76
1
47
0.4128176842155181
98
1
10
34.90568961886538
20
22.81183545379326
450
0
451
0
460
0
461
0
452
1
462
1
453
2
463
0
63
5
421
255
463
1
63
7
421
16777215
470
LINEAR
1001
ACAD
1010
0
1020
0
1030
0
0
HATCH
5
a98
100
AcDbEntity
8
TopPasteMaskLayer
100
AcDbHatch
10
0
20
0
30
0
210
0
220
0
230
1
2
SOLID
70
1
71
0
91
1
92
7
72
0
73
1
93
4
10
68.17683515367025
20
71.67414274828548
10
68.17683515367025
20
71.07414274828557
10
66.97683515367021
20
71.07414274828557
10
66.97683515367021
20
71.67414274828548
97
1
330

75
0
76
1
47
0.4128176842155181
98
1
10
34.90568961886538
20
22.81183545379326
450
0
451
0
460
0
461
0
452
1
462
1
453
2
463
0
63
5
421
255
463
1
63
7
421
16777215
470
LINEAR
1001
ACAD
1010
0
1020
0
1030
0
0
HATCH
5
a9b
100
AcDbEntity
8
TopLayer
100
AcDbHatch
10
0
20
0
30
0
210
0
220
0
230
1
2
SOLID
70
1
71
0
91
1
92
7
72
0
73
1
93
4
10
68.17683515367025
20
71.67414274828548
10
68.17683515367025
20
71.07414274828557
10
66.97683515367021
20
71.07414274828557
10
66.97683515367021
20
71.67414274828548
97
1
330

75
0
76
1
47
0.4128176842155181
98
1
10
34.90568961886538
20
22.81183545379326
450
0
451
0
460
0
461
0
452
1
462
1
453
2
463
0
63
5
421
255
463
1
63
7
421
16777215
470
LINEAR
1001
ACAD
1010
0
1020
0
1030
0
0
HATCH
5
a9e
100
AcDbEntity
8
TopSolderMaskLayer
100
AcDbHatch
10
0
20
0
30
0
210
0
220
0
230
1
2
SOLID
70
1
71
0
91
1
92
7
72
0
73
1
93
4
10
68.22763525527034
20
70.41684023368055
10
68.22763525527034
20
69.79144018288048
10
66.92603505207012
20
69.79144018288048
10
66.92603505207012
20
70.41684023368055
97
1
330

75
0
76
1
47
0.4128176842155181
98
1
10
34.90568961886538
20
22.81183545379326
450
0
451
0
460
0
461
0
452
1
462
1
453
2
463
0
63
5
421
255
463
1
63
7
421
16777215
470
LINEAR
1001
ACAD
1010
0
1020
0
1030
0
0
HATCH
5
aa1
100
AcDbEntity
8
TopPasteMaskLayer
100
AcDbHatch
10
0
20
0
30
0
210
0
220
0
230
1
2
SOLID
70
1
71
0
91
1
92
7
72
0
73
1
93
4
10
68.17683515367025
20
70.40414020828041
10
68.17683515367025
20
69.8041402082805
10
66.97683515367021
20
69.8041402082805
10
66.97683515367021
20
70.40414020828041
97
1
330

75
0
76
1
47
0.4128176842155181
98
1
10
34.90568961886538
20
22.81183545379326
450
0
451
0
460
0
461
0
452
1
462
1
453
2
463
0
63
5
421
255
463
1
63
7
421
16777215
470
LINEAR
1001
ACAD
1010
0
1020
0
1030
0
0
HATCH
5
aa4
100
AcDbEntity
8
TopLayer
100
AcDbHatch
10
0
20
0
30
0
210
0
220
0
230
1
2
SOLID
70
1
71
0
91
1
92
7
72
0
73
1
93
4
10
68.17683515367025
20
70.40414020828041
10
68.17683515367025
20
69.8041402082805
10
66.97683515367021
20
69.8041402082805
10
66.97683515367021
20
70.40414020828041
97
1
330

75
0
76
1
47
0.4128176842155181
98
1
10
34.90568961886538
20
22.81183545379326
450
0
451
0
460
0
461
0
452
1
462
1
453
2
463
0
63
5
421
255
463
1
63
7
421
16777215
470
LINEAR
1001
ACAD
1010
0
1020
0
1030
0
0
HATCH
5
aa7
100
AcDbEntity
8
TopSolderMaskLayer
100
AcDbHatch
10
0
20
0
30
0
210
0
220
0
230
1
2
SOLID
70
1
71
0
91
1
92
7
72
0
73
1
93
4
10
74.04424688849394
20
70.41684023368055
10
74.04424688849394
20
69.79144018288048
10
72.7426466852935
20
69.79144018288048
10
72.7426466852935
20
70.41684023368055
97
1
330

75
0
76
1
47
0.4128176842155181
98
1
10
34.90568961886538
20
22.81183545379326
450
0
451
0
460
0
461
0
452
1
462
1
453
2
463
0
63
5
421
255
463
1
63
7
421
16777215
470
LINEAR
1001
ACAD
1010
0
1020
0
1030
0
0
HATCH
5
aaa
100
AcDbEntity
8
TopPasteMaskLayer
100
AcDbHatch
10
0
20
0
30
0
210
0
220
0
230
1
2
SOLID
70
1
71
0
91
1
92
7
72
0
73
1
93
4
10
73.99344678689363
20
70.40414020828041
10
73.99344678689363
20
69.8041402082805
10
72.79344678689358
20
69.8041402082805
10
72.79344678689358
20
70.40414020828041
97
1
330

75
0
76
1
47
0.4128176842155181
98
1
10
34.90568961886538
20
22.81183545379326
450
0
451
0
460
0
461
0
452
1
462
1
453
2
463
0
63
5
421
255
463
1
63
7
421
16777215
470
LINEAR
1001
ACAD
1010
0
1020
0
1030
0
0
HATCH
5
aad
100
AcDbEntity
8
TopLayer
100
AcDbHatch
10
0
20
0
30
0
210
0
220
0
230
1
2
SOLID
70
1
71
0
91
1
92
7
72
0
73
1
93
4
10
73.99344678689363
20
70.40414020828041
10
73.99344678689363
20
69.8041402082805
10
72.79344678689358
20
69.8041402082805
10
72.79344678689358
20
70.40414020828041
97
1
330

75
0
76
1
47
0.4128176842155181
98
1
10
34.90568961886538
20
22.81183545379326
450
0
451
0
460
0
461
0
452
1
462
1
453
2
463
0
63
5
421
255
463
1
63
7
421
16777215
470
LINEAR
1001
ACAD
1010
0
1020
0
1030
0
0
HATCH
5
ab0
100
AcDbEntity
8
TopSolderMaskLayer
100
AcDbHatch
10
0
20
0
30
0
210
0
220
0
230
1
2
SOLID
70
1
71
0
91
1
92
7
72
0
73
1
93
4
10
74.04424688849394
20
71.68684277368561
10
74.04424688849394
20
71.06144272288554
10
72.7426466852935
20
71.06144272288554
10
72.7426466852935
20
71.68684277368561
97
1
330

75
0
76
1
47
0.4128176842155181
98
1
10
34.90568961886538
20
22.81183545379326
450
0
451
0
460
0
461
0
452
1
462
1
453
2
463
0
63
5
421
255
463
1
63
7
421
16777215
470
LINEAR
1001
ACAD
1010
0
1020
0
1030
0
0
HATCH
5
ab3
100
AcDbEntity
8
TopPasteMaskLayer
100
AcDbHatch
10
0
20
0
30
0
210
0
220
0
230
1
2
SOLID
70
1
71
0
91
1
92
7
72
0
73
1
93
4
10
73.99344678689363
20
71.67414274828548
10
73.99344678689363
20
71.07414274828557
10
72.79344678689358
20
71.07414274828557
10
72.79344678689358
20
71.67414274828548
97
1
330

75
0
76
1
47
0.4128176842155181
98
1
10
34.90568961886538
20
22.81183545379326
450
0
451
0
460
0
461
0
452
1
462
1
453
2
463
0
63
5
421
255
463
1
63
7
421
16777215
470
LINEAR
1001
ACAD
1010
0
1020
0
1030
0
0
HATCH
5
ab6
100
AcDbEntity
8
TopLayer
100
AcDbHatch
10
0
20
0
30
0
210
0
220
0
230
1
2
SOLID
70
1
71
0
91
1
92
7
72
0
73
1
93
4
10
73.99344678689363
20
71.67414274828548
10
73.99344678689363
20
71.07414274828557
10
72.79344678689358
20
71.07414274828557
10
72.79344678689358
20
71.67414274828548
97
1
330

75
0
76
1
47
0.4128176842155181
98
1
10
34.90568961886538
20
22.81183545379326
450
0
451
0
460
0
461
0
452
1
462
1
453
2
463
0
63
5
421
255
463
1
63
7
421
16777215
470
LINEAR
1001
ACAD
1010
0
1020
0
1030
0
0
HATCH
5
ab9
100
AcDbEntity
8
TopSolderMaskLayer
100
AcDbHatch
10
0
20
0
30
0
210
0
220
0
230
1
2
SOLID
70
1
71
0
91
1
92
7
72
0
73
1
93
4
10
74.04424688849394
20
72.95684531369068
10
74.04424688849394
20
72.33144526289061
10
72.7426466852935
20
72.33144526289061
10
72.7426466852935
20
72.95684531369068
97
1
330

75
0
76
1
47
0.4128176842155181
98
1
10
34.90568961886538
20
22.81183545379326
450
0
451
0
460
0
461
0
452
1
462
1
453
2
463
0
63
5
421
255
463
1
63
7
421
16777215
470
LINEAR
1001
ACAD
1010
0
1020
0
1030
0
0
HATCH
5
abc
100
AcDbEntity
8
TopPasteMaskLayer
100
AcDbHatch
10
0
20
0
30
0
210
0
220
0
230
1
2
SOLID
70
1
71
0
91
1
92
7
72
0
73
1
93
4
10
73.99344678689363
20
72.94414528829054
10
73.99344678689363
20
72.34414528829063
10
72.79344678689358
20
72.34414528829063
10
72.79344678689358
20
72.94414528829054
97
1
330

75
0
76
1
47
0.4128176842155181
98
1
10
34.90568961886538
20
22.81183545379326
450
0
451
0
460
0
461
0
452
1
462
1
453
2
463
0
63
5
421
255
463
1
63
7
421
16777215
470
LINEAR
1001
ACAD
1010
0
1020
0
1030
0
0
HATCH
5
abf
100
AcDbEntity
8
TopLayer
100
AcDbHatch
10
0
20
0
30
0
210
0
220
0
230
1
2
SOLID
70
1
71
0
91
1
92
7
72
0
73
1
93
4
10
73.99344678689363
20
72.94414528829054
10
73.99344678689363
20
72.34414528829063
10
72.79344678689358
20
72.34414528829063
10
72.79344678689358
20
72.94414528829054
97
1
330

75
0
76
1
47
0.4128176842155181
98
1
10
34.90568961886538
20
22.81183545379326
450
0
451
0
460
0
461
0
452
1
462
1
453
2
463
0
63
5
421
255
463
1
63
7
421
16777215
470
LINEAR
1001
ACAD
1010
0
1020
0
1030
0
0
HATCH
5
ac2
100
AcDbEntity
8
TopSolderMaskLayer
100
AcDbHatch
10
0
20
0
30
0
210
0
220
0
230
1
2
SOLID
70
1
71
0
91
1
92
7
72
0
73
1
93
4
10
74.04424688849394
20
74.22684785369574
10
74.04424688849394
20
73.60144780289568
10
72.7426466852935
20
73.60144780289568
10
72.7426466852935
20
74.22684785369574
97
1
330

75
0
76
1
47
0.4128176842155181
98
1
10
34.90568961886538
20
22.81183545379326
450
0
451
0
460
0
461
0
452
1
462
1
453
2
463
0
63
5
421
255
463
1
63
7
421
16777215
470
LINEAR
1001
ACAD
1010
0
1020
0
1030
0
0
HATCH
5
ac5
100
AcDbEntity
8
TopPasteMaskLayer
100
AcDbHatch
10
0
20
0
30
0
210
0
220
0
230
1
2
SOLID
70
1
71
0
91
1
92
7
72
0
73
1
93
4
10
73.99344678689363
20
74.21414782829561
10
73.99344678689363
20
73.61414782829581
10
72.79344678689358
20
73.61414782829581
10
72.79344678689358
20
74.21414782829561
97
1
330

75
0
76
1
47
0.4128176842155181
98
1
10
34.90568961886538
20
22.81183545379326
450
0
451
0
460
0
461
0
452
1
462
1
453
2
463
0
63
5
421
255
463
1
63
7
421
16777215
470
LINEAR
1001
ACAD
1010
0
1020
0
1030
0
0
HATCH
5
ac8
100
AcDbEntity
8
TopLayer
100
AcDbHatch
10
0
20
0
30
0
210
0
220
0
230
1
2
SOLID
70
1
71
0
91
1
92
7
72
0
73
1
93
4
10
73.99344678689363
20
74.21414782829561
10
73.99344678689363
20
73.61414782829581
10
72.79344678689358
20
73.61414782829581
10
72.79344678689358
20
74.21414782829561
97
1
330

75
0
76
1
47
0.4128176842155181
98
1
10
34.90568961886538
20
22.81183545379326
450
0
451
0
460
0
461
0
452
1
462
1
453
2
463
0
63
5
421
255
463
1
63
7
421
16777215
470
LINEAR
1001
ACAD
1010
0
1020
0
1030
0
0
HATCH
5
acb
100
AcDbEntity
8
TopSolderMaskLayer
100
AcDbHatch
10
0
20
0
30
0
210
0
220
0
230
1
2
SOLID
70
1
71
0
91
1
92
7
72
0
73
1
93
4
10
69.26666820606374
20
70.32420597959481
10
69.26666820606374
20
73.69405611929506
10
71.70361373450032
20
73.69405611929506
10
71.70361373450032
20
70.32420597959481
97
1
330

75
0
76
1
47
0.4128176842155181
98
1
10
34.90568961886538
20
22.81183545379326
450
0
451
0
460
0
461
0
452
1
462
1
453
2
463
0
63
5
421
255
463
1
63
7
421
16777215
470
LINEAR
1001
ACAD
1010
0
1020
0
1030
0
0
HATCH
5
ace
100
AcDbEntity
8
TopPasteMaskLayer
100
AcDbHatch
10
0
20
0
30
0
210
0
220
0
230
1
2
SOLID
70
1
71
0
91
1
92
7
72
0
73
1
93
4
10
69.28514097028187
20
70.35913131826271
10
69.28514097028187
20
73.65913131826267
10
71.68514097028196
20
73.65913131826267
10
71.68514097028196
20
70.35913131826271
97
1
330

75
0
76
1
47
0.4128176842155181
98
1
10
34.90568961886538
20
22.81183545379326
450
0
451
0
460
0
461
0
452
1
462
1
453
2
463
0
63
5
421
255
463
1
63
7
421
16777215
470
LINEAR
1001
ACAD
1010
0
1020
0
1030
0
0
HATCH
5
ad1
100
AcDbEntity
8
TopLayer
100
AcDbHatch
10
0
20
0
30
0
210
0
220
0
230
1
2
SOLID
70
1
71
0
91
1
92
7
72
0
73
1
93
4
10
69.28514097028187
20
70.35913131826271
10
69.28514097028187
20
73.65913131826267
10
71.68514097028196
20
73.65913131826267
10
71.68514097028196
20
70.35913131826271
97
1
330

75
0
76
1
47
0.4128176842155181
98
1
10
34.90568961886538
20
22.81183545379326
450
0
451
0
460
0
461
0
452
1
462
1
453
2
463
0
63
5
421
255
463
1
63
7
421
16777215
470
LINEAR
1001
ACAD
1010
0
1020
0
1030
0
0
HATCH
5
ad4
100
AcDbEntity
8
TopSolderMaskLayer
100
AcDbHatch
10
0
20
0
30
0
210
0
220
0
230
1
2
SOLID
70
1
71
0
91
1
92
7
72
0
73
1
93
4
10
77.03522965823686
20
67.64968871020562
10
77.03522965823686
20
67.09250077417346
10
75.8608841339908
20
67.09250077417346
10
75.8608841339908
20
67.64968871020562
97
1
330

75
0
76
1
47
0.4128176842155181
98
1
10
34.90568961886538
20
22.81183545379326
450
0
451
0
460
0
461
0
452
1
462
1
453
2
463
0
63
5
421
255
463
1
63
7
421
16777215
470
LINEAR
1001
ACAD
1010
0
1020
0
1030
0
0
HATCH
5
ad7
100
AcDbEntity
8
TopPasteMaskLayer
100
AcDbHatch
10
0
20
0
30
0
210
0
220
0
230
1
2
SOLID
70
1
71
0
91
1
92
7
72
0
73
1
93
4
10
76.98404876809741
20
67.63708407416823
10
76.98404876809741
20
67.10510541021085
10
75.91206502413002
20
67.10510541021085
10
75.91206502413002
20
67.63708407416823
97
1
330

75
0
76
1
47
0.4128176842155181
98
1
10
34.90568961886538
20
22.81183545379326
450
0
451
0
460
0
461
0
452
1
462
1
453
2
463
0
63
5
421
255
463
1
63
7
421
16777215
470
LINEAR
1001
ACAD
1010
0
1020
0
1030
0
0
HATCH
5
ada
100
AcDbEntity
8
TopLayer
100
AcDbHatch
10
0
20
0
30
0
210
0
220
0
230
1
2
SOLID
70
1
71
0
91
1
92
7
72
0
73
1
93
4
10
76.98404876809741
20
67.63708407416823
10
76.98404876809741
20
67.10510541021085
10
75.91206502413002
20
67.10510541021085
10
75.91206502413002
20
67.63708407416823
97
1
330

75
0
76
1
47
0.4128176842155181
98
1
10
34.90568961886538
20
22.81183545379326
450
0
451
0
460
0
461
0
452
1
462
1
453
2
463
0
63
5
421
255
463
1
63
7
421
16777215
470
LINEAR
1001
ACAD
1010
0
1020
0
1030
0
0
HATCH
5
add
100
AcDbEntity
8
TopSolderMaskLayer
100
AcDbHatch
10
0
20
0
30
0
210
0
220
0
230
1
2
SOLID
70
1
71
0
91
1
92
7
72
0
73
1
93
4
10
77.03522965823686
20
66.69972681028173
10
77.03522965823686
20
66.14253887424968
10
75.8608841339908
20
66.14253887424968
10
75.8608841339908
20
66.69972681028173
97
1
330

75
0
76
1
47
0.4128176842155181
98
1
10
34.90568961886538
20
22.81183545379326
450
0
451
0
460
0
461
0
452
1
462
1
453
2
463
0
63
5
421
255
463
1
63
7
421
16777215
470
LINEAR
1001
ACAD
1010
0
1020
0
1030
0
0
HATCH
5
ae0
100
AcDbEntity
8
TopPasteMaskLayer
100
AcDbHatch
10
0
20
0
30
0
210
0
220
0
230
1
2
SOLID
70
1
71
0
91
1
92
7
72
0
73
1
93
4
10
76.98404876809741
20
66.68712217424434
10
76.98404876809741
20
66.15514351028708
10
75.91206502413002
20
66.15514351028708
10
75.91206502413002
20
66.68712217424434
97
1
330

75
0
76
1
47
0.4128176842155181
98
1
10
34.90568961886538
20
22.81183545379326
450
0
451
0
460
0
461
0
452
1
462
1
453
2
463
0
63
5
421
255
463
1
63
7
421
16777215
470
LINEAR
1001
ACAD
1010
0
1020
0
1030
0
0
HATCH
5
ae3
100
AcDbEntity
8
TopLayer
100
AcDbHatch
10
0
20
0
30
0
210
0
220
0
230
1
2
SOLID
70
1
71
0
91
1
92
7
72
0
73
1
93
4
10
76.98404876809741
20
66.68712217424434
10
76.98404876809741
20
66.15514351028708
10
75.91206502413002
20
66.15514351028708
10
75.91206502413002
20
66.68712217424434
97
1
330

75
0
76
1
47
0.4128176842155181
98
1
10
34.90568961886538
20
22.81183545379326
450
0
451
0
460
0
461
0
452
1
462
1
453
2
463
0
63
5
421
255
463
1
63
7
421
16777215
470
LINEAR
1001
ACAD
1010
0
1020
0
1030
0
0
HATCH
5
ae6
100
AcDbEntity
8
TopSolderMaskLayer
100
AcDbHatch
10
0
20
0
30
0
210
0
220
0
230
1
2
SOLID
70
1
71
0
91
1
92
7
72
0
73
1
93
4
10
77.03522965823686
20
65.74976491035807
10
77.03522965823686
20
65.1925769743259
10
75.8608841339908
20
65.1925769743259
10
75.8608841339908
20
65.74976491035807
97
1
330

75
0
76
1
47
0.4128176842155181
98
1
10
34.90568961886538
20
22.81183545379326
450
0
451
0
460
0
461
0
452
1
462
1
453
2
463
0
63
5
421
255
463
1
63
7
421
16777215
470
LINEAR
1001
ACAD
1010
0
1020
0
1030
0
0
HATCH
5
ae9
100
AcDbEntity
8
TopPasteMaskLayer
100
AcDbHatch
10
0
20
0
30
0
210
0
220
0
230
1
2
SOLID
70
1
71
0
91
1
92
7
72
0
73
1
93
4
10
76.98404876809741
20
65.73716027432067
10
76.98404876809741
20
65.20518161036318
10
75.91206502413002
20
65.20518161036318
10
75.91206502413002
20
65.73716027432067
97
1
330

75
0
76
1
47
0.4128176842155181
98
1
10
34.90568961886538
20
22.81183545379326
450
0
451
0
460
0
461
0
452
1
462
1
453
2
463
0
63
5
421
255
463
1
63
7
421
16777215
470
LINEAR
1001
ACAD
1010
0
1020
0
1030
0
0
HATCH
5
aec
100
AcDbEntity
8
TopLayer
100
AcDbHatch
10
0
20
0
30
0
210
0
220
0
230
1
2
SOLID
70
1
71
0
91
1
92
7
72
0
73
1
93
4
10
76.98404876809741
20
65.73716027432067
10
76.98404876809741
20
65.20518161036318
10
75.91206502413002
20
65.20518161036318
10
75.91206502413002
20
65.73716027432067
97
1
330

75
0
76
1
47
0.4128176842155181
98
1
10
34.90568961886538
20
22.81183545379326
450
0
451
0
460
0
461
0
452
1
462
1
453
2
463
0
63
5
421
255
463
1
63
7
421
16777215
470
LINEAR
1001
ACAD
1010
0
1020
0
1030
0
0
HATCH
5
aef
100
AcDbEntity
8
TopSolderMaskLayer
100
AcDbHatch
10
0
20
0
30
0
210
0
220
0
230
1
2
SOLID
70
1
71
0
91
1
92
7
72
0
73
1
93
4
10
79.33342625463001
20
65.74976491035807
10
79.33342625463001
20
65.1925769743259
10
78.15908073038418
20
65.1925769743259
10
78.15908073038418
20
65.74976491035807
97
1
330

75
0
76
1
47
0.4128176842155181
98
1
10
34.90568961886538
20
22.81183545379326
450
0
451
0
460
0
461
0
452
1
462
1
453
2
463
0
63
5
421
255
463
1
63
7
421
16777215
470
LINEAR
1001
ACAD
1010
0
1020
0
1030
0
0
HATCH
5
af2
100
AcDbEntity
8
TopPasteMaskLayer
100
AcDbHatch
10
0
20
0
30
0
210
0
220
0
230
1
2
SOLID
70
1
71
0
91
1
92
7
72
0
73
1
93
4
10
79.28224536449079
20
65.73716027432067
10
79.28224536449079
20
65.20518161036318
10
78.2102616205234
20
65.20518161036318
10
78.2102616205234
20
65.73716027432067
97
1
330

75
0
76
1
47
0.4128176842155181
98
1
10
34.90568961886538
20
22.81183545379326
450
0
451
0
460
0
461
0
452
1
462
1
453
2
463
0
63
5
421
255
463
1
63
7
421
16777215
470
LINEAR
1001
ACAD
1010
0
1020
0
1030
0
0
HATCH
5
af5
100
AcDbEntity
8
TopLayer
100
AcDbHatch
10
0
20
0
30
0
210
0
220
0
230
1
2
SOLID
70
1
71
0
91
1
92
7
72
0
73
1
93
4
10
79.28224536449079
20
65.73716027432067
10
79.28224536449079
20
65.20518161036318
10
78.2102616205234
20
65.20518161036318
10
78.2102616205234
20
65.73716027432067
97
1
330

75
0
76
1
47
0.4128176842155181
98
1
10
34.90568961886538
20
22.81183545379326
450
0
451
0
460
0
461
0
452
1
462
1
453
2
463
0
63
5
421
255
463
1
63
7
421
16777215
470
LINEAR
1001
ACAD
1010
0
1020
0
1030
0
0
HATCH
5
af8
100
AcDbEntity
8
TopSolderMaskLayer
100
AcDbHatch
10
0
20
0
30
0
210
0
220
0
230
1
2
SOLID
70
1
71
0
91
1
92
7
72
0
73
1
93
4
10
79.33342625463001
20
66.69972681028173
10
79.33342625463001
20
66.14253887424968
10
78.15908073038418
20
66.14253887424968
10
78.15908073038418
20
66.69972681028173
97
1
330

75
0
76
1
47
0.4128176842155181
98
1
10
34.90568961886538
20
22.81183545379326
450
0
451
0
460
0
461
0
452
1
462
1
453
2
463
0
63
5
421
255
463
1
63
7
421
16777215
470
LINEAR
1001
ACAD
1010
0
1020
0
1030
0
0
HATCH
5
afb
100
AcDbEntity
8
TopPasteMaskLayer
100
AcDbHatch
10
0
20
0
30
0
210
0
220
0
230
1
2
SOLID
70
1
71
0
91
1
92
7
72
0
73
1
93
4
10
79.28224536449079
20
66.68712217424434
10
79.28224536449079
20
66.15514351028708
10
78.2102616205234
20
66.15514351028708
10
78.2102616205234
20
66.68712217424434
97
1
330

75
0
76
1
47
0.4128176842155181
98
1
10
34.90568961886538
20
22.81183545379326
450
0
451
0
460
0
461
0
452
1
462
1
453
2
463
0
63
5
421
255
463
1
63
7
421
16777215
470
LINEAR
1001
ACAD
1010
0
1020
0
1030
0
0
HATCH
5
afe
100
AcDbEntity
8
TopLayer
100
AcDbHatch
10
0
20
0
30
0
210
0
220
0
230
1
2
SOLID
70
1
71
0
91
1
92
7
72
0
73
1
93
4
10
79.28224536449079
20
66.68712217424434
10
79.28224536449079
20
66.15514351028708
10
78.2102616205234
20
66.15514351028708
10
78.2102616205234
20
66.68712217424434
97
1
330

75
0
76
1
47
0.4128176842155181
98
1
10
34.90568961886538
20
22.81183545379326
450
0
451
0
460
0
461
0
452
1
462
1
453
2
463
0
63
5
421
255
463
1
63
7
421
16777215
470
LINEAR
1001
ACAD
1010
0
1020
0
1030
0
0
HATCH
5
b01
100
AcDbEntity
8
TopSolderMaskLayer
100
AcDbHatch
10
0
20
0
30
0
210
0
220
0
230
1
2
SOLID
70
1
71
0
91
1
92
7
72
0
73
1
93
4
10
79.33342625463001
20
67.64968871020562
10
79.33342625463001
20
67.09250077417346
10
78.15908073038418
20
67.09250077417346
10
78.15908073038418
20
67.64968871020562
97
1
330

75
0
76
1
47
0.4128176842155181
98
1
10
34.90568961886538
20
22.81183545379326
450
0
451
0
460
0
461
0
452
1
462
1
453
2
463
0
63
5
421
255
463
1
63
7
421
16777215
470
LINEAR
1001
ACAD
1010
0
1020
0
1030
0
0
HATCH
5
b04
100
AcDbEntity
8
TopPasteMaskLayer
100
AcDbHatch
10
0
20
0
30
0
210
0
220
0
230
1
2
SOLID
70
1
71
0
91
1
92
7
72
0
73
1
93
4
10
79.28224536449079
20
67.63708407416823
10
79.28224536449079
20
67.10510541021085
10
78.2102616205234
20
67.10510541021085
10
78.2102616205234
20
67.63708407416823
97
1
330

75
0
76
1
47
0.4128176842155181
98
1
10
34.90568961886538
20
22.81183545379326
450
0
451
0
460
0
461
0
452
1
462
1
453
2
463
0
63
5
421
255
463
1
63
7
421
16777215
470
LINEAR
1001
ACAD
1010
0
1020
0
1030
0
0
HATCH
5
b07
100
AcDbEntity
8
TopLayer
100
AcDbHatch
10
0
20
0
30
0
210
0
220
0
230
1
2
SOLID
70
1
71
0
91
1
92
7
72
0
73
1
93
4
10
79.28224536449079
20
67.63708407416823
10
79.28224536449079
20
67.10510541021085
10
78.2102616205234
20
67.10510541021085
10
78.2102616205234
20
67.63708407416823
97
1
330

75
0
76
1
47
0.4128176842155181
98
1
10
34.90568961886538
20
22.81183545379326
450
0
451
0
460
0
461
0
452
1
462
1
453
2
463
0
63
5
421
255
463
1
63
7
421
16777215
470
LINEAR
1001
ACAD
1010
0
1020
0
1030
0
0
HATCH
5
b0a
100
AcDbEntity
8
TopSolderMaskLayer
100
AcDbHatch
10
0
20
0
30
0
210
0
220
0
230
1
2
SOLID
70
1
71
0
91
1
92
7
72
0
73
1
93
4
10
81.02505599556662
20
67.93681421556391
10
81.02505599556662
20
66.74368069596358
10
80.39734684923928
20
66.74368069596358
10
80.39734684923928
20
67.93681421556391
97
1
330

75
0
76
1
47
0.4128176842155181
98
1
10
34.90568961886538
20
22.81183545379326
450
0
451
0
460
0
461
0
452
1
462
1
453
2
463
0
63
5
421
255
463
1
63
7
421
16777215
470
LINEAR
1001
ACAD
1010
0
1020
0
1030
0
0
HATCH
5
b0d
100
AcDbEntity
8
TopPasteMaskLayer
100
AcDbHatch
10
0
20
0
30
0
210
0
220
0
230
1
2
SOLID
70
1
71
0
91
1
92
7
72
0
73
1
93
4
10
81.01120142240279
20
67.89024638049284
10
81.01120142240279
20
66.79024638049282
10
80.41120142240288
20
66.79024638049282
10
80.41120142240288
20
67.89024638049284
97
1
330

75
0
76
1
47
0.4128176842155181
98
1
10
34.90568961886538
20
22.81183545379326
450
0
451
0
460
0
461
0
452
1
462
1
453
2
463
0
63
5
421
255
463
1
63
7
421
16777215
470
LINEAR
1001
ACAD
1010
0
1020
0
1030
0
0
HATCH
5
b10
100
AcDbEntity
8
TopLayer
100
AcDbHatch
10
0
20
0
30
0
210
0
220
0
230
1
2
SOLID
70
1
71
0
91
1
92
7
72
0
73
1
93
4
10
81.01120142240279
20
67.89024638049284
10
81.01120142240279
20
66.79024638049282
10
80.41120142240288
20
66.79024638049282
10
80.41120142240288
20
67.89024638049284
97
1
330

75
0
76
1
47
0.4128176842155181
98
1
10
34.90568961886538
20
22.81183545379326
450
0
451
0
460
0
461
0
452
1
462
1
453
2
463
0
63
5
421
255
463
1
63
7
421
16777215
470
LINEAR
1001
ACAD
1010
0
1020
0
1030
0
0
HATCH
5
b13
100
AcDbEntity
8
TopSolderMaskLayer
100
AcDbHatch
10
0
20
0
30
0
210
0
220
0
230
1
2
SOLID
70
1
71
0
91
1
92
7
72
0
73
1
93
4
10
82.92497979541395
20
67.93681421556391
10
82.92497979541395
20
66.74368069596358
10
82.29727064908684
20
66.74368069596358
10
82.29727064908684
20
67.93681421556391
97
1
330

75
0
76
1
47
0.4128176842155181
98
1
10
34.90568961886538
20
22.81183545379326
450
0
451
0
460
0
461
0
452
1
462
1
453
2
463
0
63
5
421
255
463
1
63
7
421
16777215
470
LINEAR
1001
ACAD
1010
0
1020
0
1030
0
0
HATCH
5
b16
100
AcDbEntity
8
TopPasteMaskLayer
100
AcDbHatch
10
0
20
0
30
0
210
0
220
0
230
1
2
SOLID
70
1
71
0
91
1
92
7
72
0
73
1
93
4
10
82.91112522225035
20
67.89024638049284
10
82.91112522225035
20
66.79024638049282
10
82.31112522225044
20
66.79024638049282
10
82.31112522225044
20
67.89024638049284
97
1
330

75
0
76
1
47
0.4128176842155181
98
1
10
34.90568961886538
20
22.81183545379326
450
0
451
0
460
0
461
0
452
1
462
1
453
2
463
0
63
5
421
255
463
1
63
7
421
16777215
470
LINEAR
1001
ACAD
1010
0
1020
0
1030
0
0
HATCH
5
b19
100
AcDbEntity
8
TopLayer
100
AcDbHatch
10
0
20
0
30
0
210
0
220
0
230
1
2
SOLID
70
1
71
0
91
1
92
7
72
0
73
1
93
4
10
82.91112522225035
20
67.89024638049284
10
82.91112522225035
20
66.79024638049282
10
82.31112522225044
20
66.79024638049282
10
82.31112522225044
20
67.89024638049284
97
1
330

75
0
76
1
47
0.4128176842155181
98
1
10
34.90568961886538
20
22.81183545379326
450
0
451
0
460
0
461
0
452
1
462
1
453
2
463
0
63
5
421
255
463
1
63
7
421
16777215
470
LINEAR
1001
ACAD
1010
0
1020
0
1030
0
0
HATCH
5
b1c
100
AcDbEntity
8
TopSolderMaskLayer
100
AcDbHatch
10
0
20
0
30
0
210
0
220
0
230
1
2
SOLID
70
1
71
0
91
1
92
7
72
0
73
1
93
4
10
82.92497979541395
20
65.33658346456491
10
82.92497979541395
20
64.14344994496446
10
82.29727064908684
20
64.14344994496446
10
82.29727064908684
20
65.33658346456491
97
1
330

75
0
76
1
47
0.4128176842155181
98
1
10
34.90568961886538
20
22.81183545379326
450
0
451
0
460
0
461
0
452
1
462
1
453
2
463
0
63
5
421
255
463
1
63
7
421
16777215
470
LINEAR
1001
ACAD
1010
0
1020
0
1030
0
0
HATCH
5
b1f
100
AcDbEntity
8
TopPasteMaskLayer
100
AcDbHatch
10
0
20
0
30
0
210
0
220
0
230
1
2
SOLID
70
1
71
0
91
1
92
7
72
0
73
1
93
4
10
82.91112522225035
20
65.29001778003567
10
82.91112522225035
20
64.19001778003565
10
82.31112522225044
20
64.19001778003565
10
82.31112522225044
20
65.29001778003567
97
1
330

75
0
76
1
47
0.4128176842155181
98
1
10
34.90568961886538
20
22.81183545379326
450
0
451
0
460
0
461
0
452
1
462
1
453
2
463
0
63
5
421
255
463
1
63
7
421
16777215
470
LINEAR
1001
ACAD
1010
0
1020
0
1030
0
0
HATCH
5
b22
100
AcDbEntity
8
TopLayer
100
AcDbHatch
10
0
20
0
30
0
210
0
220
0
230
1
2
SOLID
70
1
71
0
91
1
92
7
72
0
73
1
93
4
10
82.91112522225035
20
65.29001778003567
10
82.91112522225035
20
64.19001778003565
10
82.31112522225044
20
64.19001778003565
10
82.31112522225044
20
65.29001778003567
97
1
330

75
0
76
1
47
0.4128176842155181
98
1
10
34.90568961886538
20
22.81183545379326
450
0
451
0
460
0
461
0
452
1
462
1
453
2
463
0
63
5
421
255
463
1
63
7
421
16777215
470
LINEAR
1001
ACAD
1010
0
1020
0
1030
0
0
HATCH
5
b25
100
AcDbEntity
8
TopSolderMaskLayer
100
AcDbHatch
10
0
20
0
30
0
210
0
220
0
230
1
2
SOLID
70
1
71
0
91
1
92
7
72
0
73
1
93
4
10
81.97501789549028
20
65.33658346456491
10
81.97501789549028
20
64.14344994496446
10
81.34730874916295
20
64.14344994496446
10
81.34730874916295
20
65.33658346456491
97
1
330

75
0
76
1
47
0.4128176842155181
98
1
10
34.90568961886538
20
22.81183545379326
450
0
451
0
460
0
461
0
452
1
462
1
453
2
463
0
63
5
421
255
463
1
63
7
421
16777215
470
LINEAR
1001
ACAD
1010
0
1020
0
1030
0
0
HATCH
5
b28
100
AcDbEntity
8
TopPasteMaskLayer
100
AcDbHatch
10
0
20
0
30
0
210
0
220
0
230
1
2
SOLID
70
1
71
0
91
1
92
7
72
0
73
1
93
4
10
81.96116332232668
20
65.29001778003567
10
81.96116332232668
20
64.19001778003565
10
81.36116332232677
20
64.19001778003565
10
81.36116332232677
20
65.29001778003567
97
1
330

75
0
76
1
47
0.4128176842155181
98
1
10
34.90568961886538
20
22.81183545379326
450
0
451
0
460
0
461
0
452
1
462
1
453
2
463
0
63
5
421
255
463
1
63
7
421
16777215
470
LINEAR
1001
ACAD
1010
0
1020
0
1030
0
0
HATCH
5
b2b
100
AcDbEntity
8
TopLayer
100
AcDbHatch
10
0
20
0
30
0
210
0
220
0
230
1
2
SOLID
70
1
71
0
91
1
92
7
72
0
73
1
93
4
10
81.96116332232668
20
65.29001778003567
10
81.96116332232668
20
64.19001778003565
10
81.36116332232677
20
64.19001778003565
10
81.36116332232677
20
65.29001778003567
97
1
330

75
0
76
1
47
0.4128176842155181
98
1
10
34.90568961886538
20
22.81183545379326
450
0
451
0
460
0
461
0
452
1
462
1
453
2
463
0
63
5
421
255
463
1
63
7
421
16777215
470
LINEAR
1001
ACAD
1010
0
1020
0
1030
0
0
HATCH
5
b2e
100
AcDbEntity
8
TopSolderMaskLayer
100
AcDbHatch
10
0
20
0
30
0
210
0
220
0
230
1
2
SOLID
70
1
71
0
91
1
92
7
72
0
73
1
93
4
10
81.02505599556662
20
65.33658346456491
10
81.02505599556662
20
64.14344994496446
10
80.39734684923928
20
64.14344994496446
10
80.39734684923928
20
65.33658346456491
97
1
330

75
0
76
1
47
0.4128176842155181
98
1
10
34.90568961886538
20
22.81183545379326
450
0
451
0
460
0
461
0
452
1
462
1
453
2
463
0
63
5
421
255
463
1
63
7
421
16777215
470
LINEAR
1001
ACAD
1010
0
1020
0
1030
0
0
HATCH
5
b31
100
AcDbEntity
8
TopPasteMaskLayer
100
AcDbHatch
10
0
20
0
30
0
210
0
220
0
230
1
2
SOLID
70
1
71
0
91
1
92
7
72
0
73
1
93
4
10
81.01120142240279
20
65.29001778003567
10
81.01120142240279
20
64.19001778003565
10
80.41120142240288
20
64.19001778003565
10
80.41120142240288
20
65.29001778003567
97
1
330

75
0
76
1
47
0.4128176842155181
98
1
10
34.90568961886538
20
22.81183545379326
450
0
451
0
460
0
461
0
452
1
462
1
453
2
463
0
63
5
421
255
463
1
63
7
421
16777215
470
LINEAR
1001
ACAD
1010
0
1020
0
1030
0
0
HATCH
5
b34
100
AcDbEntity
8
TopLayer
100
AcDbHatch
10
0
20
0
30
0
210
0
220
0
230
1
2
SOLID
70
1
71
0
91
1
92
7
72
0
73
1
93
4
10
81.01120142240279
20
65.29001778003567
10
81.01120142240279
20
64.19001778003565
10
80.41120142240288
20
64.19001778003565
10
80.41120142240288
20
65.29001778003567
97
1
330

75
0
76
1
47
0.4128176842155181
98
1
10
34.90568961886538
20
22.81183545379326
450
0
451
0
460
0
461
0
452
1
462
1
453
2
463
0
63
5
421
255
463
1
63
7
421
16777215
470
LINEAR
1001
ACAD
1010
0
1020
0
1030
0
0
HATCH
5
b37
100
AcDbEntity
8
TopSolderMaskLayer
100
AcDbHatch
10
0
20
0
30
0
210
0
220
0
230
1
2
SOLID
70
1
71
0
91
1
92
7
72
0
73
1
93
4
10
72.4215889679092
20
77.95387694861415
10
72.4215889679092
20
78.57419698925423
10
74.04861677250256
20
78.57419698925423
10
74.04861677250256
20
77.95387694861415
97
1
330

75
0
76
1
47
0.4128176842155181
98
1
10
34.90568961886538
20
22.81183545379326
450
0
451
0
460
0
461
0
452
1
462
1
453
2
463
0
63
5
421
255
463
1
63
7
421
16777215
470
LINEAR
1001
ACAD
1010
0
1020
0
1030
0
0
HATCH
5
b3a
100
AcDbEntity
8
TopPasteMaskLayer
100
AcDbHatch
10
0
20
0
30
0
210
0
220
0
230
1
2
SOLID
70
1
71
0
91
1
92
7
72
0
73
1
93
4
10
72.48509017018046
20
77.96403352806703
10
72.48509017018046
20
78.56403352806706
10
73.9851155702313
20
78.56403352806706
10
73.9851155702313
20
77.96403352806703
97
1
330

75
0
76
1
47
0.4128176842155181
98
1
10
34.90568961886538
20
22.81183545379326
450
0
451
0
460
0
461
0
452
1
462
1
453
2
463
0
63
5
421
255
463
1
63
7
421
16777215
470
LINEAR
1001
ACAD
1010
0
1020
0
1030
0
0
HATCH
5
b3d
100
AcDbEntity
8
TopLayer
100
AcDbHatch
10
0
20
0
30
0
210
0
220
0
230
1
2
SOLID
70
1
71
0
91
1
92
7
72
0
73
1
93
4
10
72.48509017018046
20
77.96403352806703
10
72.48509017018046
20
78.56403352806706
10
73.9851155702313
20
78.56403352806706
10
73.9851155702313
20
77.96403352806703
97
1
330

75
0
76
1
47
0.4128176842155181
98
1
10
34.90568961886538
20
22.81183545379326
450
0
451
0
460
0
461
0
452
1
462
1
453
2
463
0
63
5
421
255
463
1
63
7
421
16777215
470
LINEAR
1001
ACAD
1010
0
1020
0
1030
0
0
HATCH
5
b40
100
AcDbEntity
8
TopSolderMaskLayer
100
AcDbHatch
10
0
20
0
30
0
210
0
220
0
230
1
2
SOLID
70
1
71
0
91
1
92
7
72
0
73
1
93
4
10
72.4215889679092
20
78.95387694861427
10
72.4215889679092
20
79.57419698925423
10
74.04861677250256
20
79.57419698925423
10
74.04861677250256
20
78.95387694861427
97
1
330

75
0
76
1
47
0.4128176842155181
98
1
10
34.90568961886538
20
22.81183545379326
450
0
451
0
460
0
461
0
452
1
462
1
453
2
463
0
63
5
421
255
463
1
63
7
421
16777215
470
LINEAR
1001
ACAD
1010
0
1020
0
1030
0
0
HATCH
5
b43
100
AcDbEntity
8
TopPasteMaskLayer
100
AcDbHatch
10
0
20
0
30
0
210
0
220
0
230
1
2
SOLID
70
1
71
0
91
1
92
7
72
0
73
1
93
4
10
72.48509017018046
20
78.96403352806715
10
72.48509017018046
20
79.56403352806706
10
73.9851155702313
20
79.56403352806706
10
73.9851155702313
20
78.96403352806715
97
1
330

75
0
76
1
47
0.4128176842155181
98
1
10
34.90568961886538
20
22.81183545379326
450
0
451
0
460
0
461
0
452
1
462
1
453
2
463
0
63
5
421
255
463
1
63
7
421
16777215
470
LINEAR
1001
ACAD
1010
0
1020
0
1030
0
0
HATCH
5
b46
100
AcDbEntity
8
TopLayer
100
AcDbHatch
10
0
20
0
30
0
210
0
220
0
230
1
2
SOLID
70
1
71
0
91
1
92
7
72
0
73
1
93
4
10
72.48509017018046
20
78.96403352806715
10
72.48509017018046
20
79.56403352806706
10
73.9851155702313
20
79.56403352806706
10
73.9851155702313
20
78.96403352806715
97
1
330

75
0
76
1
47
0.4128176842155181
98
1
10
34.90568961886538
20
22.81183545379326
450
0
451
0
460
0
461
0
452
1
462
1
453
2
463
0
63
5
421
255
463
1
63
7
421
16777215
470
LINEAR
1001
ACAD
1010
0
1020
0
1030
0
0
HATCH
5
b49
100
AcDbEntity
8
TopSolderMaskLayer
100
AcDbHatch
10
0
20
0
30
0
210
0
220
0
230
1
2
SOLID
70
1
71
0
91
1
92
7
72
0
73
1
93
4
10
72.4215889679092
20
79.95387694861427
10
72.4215889679092
20
80.57419698925435
10
74.04861677250256
20
80.57419698925435
10
74.04861677250256
20
79.95387694861427
97
1
330

75
0
76
1
47
0.4128176842155181
98
1
10
34.90568961886538
20
22.81183545379326
450
0
451
0
460
0
461
0
452
1
462
1
453
2
463
0
63
5
421
255
463
1
63
7
421
16777215
470
LINEAR
1001
ACAD
1010
0
1020
0
1030
0
0
HATCH
5
b4c
100
AcDbEntity
8
TopPasteMaskLayer
100
AcDbHatch
10
0
20
0
30
0
210
0
220
0
230
1
2
SOLID
70
1
71
0
91
1
92
7
72
0
73
1
93
4
10
72.48509017018046
20
79.96403352806715
10
72.48509017018046
20
80.56403352806717
10
73.9851155702313
20
80.56403352806717
10
73.9851155702313
20
79.96403352806715
97
1
330

75
0
76
1
47
0.4128176842155181
98
1
10
34.90568961886538
20
22.81183545379326
450
0
451
0
460
0
461
0
452
1
462
1
453
2
463
0
63
5
421
255
463
1
63
7
421
16777215
470
LINEAR
1001
ACAD
1010
0
1020
0
1030
0
0
HATCH
5
b4f
100
AcDbEntity
8
TopLayer
100
AcDbHatch
10
0
20
0
30
0
210
0
220
0
230
1
2
SOLID
70
1
71
0
91
1
92
7
72
0
73
1
93
4
10
72.48509017018046
20
79.96403352806715
10
72.48509017018046
20
80.56403352806717
10
73.9851155702313
20
80.56403352806717
10
73.9851155702313
20
79.96403352806715
97
1
330

75
0
76
1
47
0.4128176842155181
98
1
10
34.90568961886538
20
22.81183545379326
450
0
451
0
460
0
461
0
452
1
462
1
453
2
463
0
63
5
421
255
463
1
63
7
421
16777215
470
LINEAR
1001
ACAD
1010
0
1020
0
1030
0
0
HATCH
5
b52
100
AcDbEntity
8
TopSolderMaskLayer
100
AcDbHatch
10
0
20
0
30
0
210
0
220
0
230
1
2
SOLID
70
1
71
0
91
1
92
7
72
0
73
1
93
4
10
72.4215889679092
20
80.95387694861427
10
72.4215889679092
20
81.57419698925423
10
74.04861677250256
20
81.57419698925423
10
74.04861677250256
20
80.95387694861427
97
1
330

75
0
76
1
47
0.4128176842155181
98
1
10
34.90568961886538
20
22.81183545379326
450
0
451
0
460
0
461
0
452
1
462
1
453
2
463
0
63
5
421
255
463
1
63
7
421
16777215
470
LINEAR
1001
ACAD
1010
0
1020
0
1030
0
0
HATCH
5
b55
100
AcDbEntity
8
TopPasteMaskLayer
100
AcDbHatch
10
0
20
0
30
0
210
0
220
0
230
1
2
SOLID
70
1
71
0
91
1
92
7
72
0
73
1
93
4
10
72.48509017018046
20
80.96403352806715
10
72.48509017018046
20
81.56403352806717
10
73.9851155702313
20
81.56403352806717
10
73.9851155702313
20
80.96403352806715
97
1
330

75
0
76
1
47
0.4128176842155181
98
1
10
34.90568961886538
20
22.81183545379326
450
0
451
0
460
0
461
0
452
1
462
1
453
2
463
0
63
5
421
255
463
1
63
7
421
16777215
470
LINEAR
1001
ACAD
1010
0
1020
0
1030
0
0
HATCH
5
b58
100
AcDbEntity
8
TopLayer
100
AcDbHatch
10
0
20
0
30
0
210
0
220
0
230
1
2
SOLID
70
1
71
0
91
1
92
7
72
0
73
1
93
4
10
72.48509017018046
20
80.96403352806715
10
72.48509017018046
20
81.56403352806717
10
73.9851155702313
20
81.56403352806717
10
73.9851155702313
20
80.96403352806715
97
1
330

75
0
76
1
47
0.4128176842155181
98
1
10
34.90568961886538
20
22.81183545379326
450
0
451
0
460
0
461
0
452
1
462
1
453
2
463
0
63
5
421
255
463
1
63
7
421
16777215
470
LINEAR
1001
ACAD
1010
0
1020
0
1030
0
0
HATCH
5
b5b
100
AcDbEntity
8
TopSolderMaskLayer
100
AcDbHatch
10
0
20
0
30
0
210
0
220
0
230
1
2
SOLID
70
1
71
0
91
1
92
7
72
0
73
1
93
4
10
72.4215889679092
20
81.95387694861415
10
72.4215889679092
20
82.57419698925423
10
74.04861677250256
20
82.57419698925423
10
74.04861677250256
20
81.95387694861415
97
1
330

75
0
76
1
47
0.4128176842155181
98
1
10
34.90568961886538
20
22.81183545379326
450
0
451
0
460
0
461
0
452
1
462
1
453
2
463
0
63
5
421
255
463
1
63
7
421
16777215
470
LINEAR
1001
ACAD
1010
0
1020
0
1030
0
0
HATCH
5
b5e
100
AcDbEntity
8
TopPasteMaskLayer
100
AcDbHatch
10
0
20
0
30
0
210
0
220
0
230
1
2
SOLID
70
1
71
0
91
1
92
7
72
0
73
1
93
4
10
72.48509017018046
20
81.96403352806703
10
72.48509017018046
20
82.56403352806706
10
73.9851155702313
20
82.56403352806706
10
73.9851155702313
20
81.96403352806703
97
1
330

75
0
76
1
47
0.4128176842155181
98
1
10
34.90568961886538
20
22.81183545379326
450
0
451
0
460
0
461
0
452
1
462
1
453
2
463
0
63
5
421
255
463
1
63
7
421
16777215
470
LINEAR
1001
ACAD
1010
0
1020
0
1030
0
0
HATCH
5
b61
100
AcDbEntity
8
TopLayer
100
AcDbHatch
10
0
20
0
30
0
210
0
220
0
230
1
2
SOLID
70
1
71
0
91
1
92
7
72
0
73
1
93
4
10
72.48509017018046
20
81.96403352806703
10
72.48509017018046
20
82.56403352806706
10
73.9851155702313
20
82.56403352806706
10
73.9851155702313
20
81.96403352806703
97
1
330

75
0
76
1
47
0.4128176842155181
98
1
10
34.90568961886538
20
22.81183545379326
450
0
451
0
460
0
461
0
452
1
462
1
453
2
463
0
63
5
421
255
463
1
63
7
421
16777215
470
LINEAR
1001
ACAD
1010
0
1020
0
1030
0
0
HATCH
5
b64
100
AcDbEntity
8
TopSolderMaskLayer
100
AcDbHatch
10
0
20
0
30
0
210
0
220
0
230
1
2
SOLID
70
1
71
0
91
1
92
7
72
0
73
1
93
4
10
66.92171596816297
20
81.95387694861415
10
66.92171596816297
20
82.57419698925423
10
68.54874377275655
20
82.57419698925423
10
68.54874377275655
20
81.95387694861415
97
1
330

75
0
76
1
47
0.4128176842155181
98
1
10
34.90568961886538
20
22.81183545379326
450
0
451
0
460
0
461
0
452
1
462
1
453
2
463
0
63
5
421
255
463
1
63
7
421
16777215
470
LINEAR
1001
ACAD
1010
0
1020
0
1030
0
0
HATCH
5
b67
100
AcDbEntity
8
TopPasteMaskLayer
100
AcDbHatch
10
0
20
0
30
0
210
0
220
0
230
1
2
SOLID
70
1
71
0
91
1
92
7
72
0
73
1
93
4
10
66.98521717043445
20
81.96403352806703
10
66.98521717043445
20
82.56403352806706
10
68.4852425704853
20
82.56403352806706
10
68.4852425704853
20
81.96403352806703
97
1
330

75
0
76
1
47
0.4128176842155181
98
1
10
34.90568961886538
20
22.81183545379326
450
0
451
0
460
0
461
0
452
1
462
1
453
2
463
0
63
5
421
255
463
1
63
7
421
16777215
470
LINEAR
1001
ACAD
1010
0
1020
0
1030
0
0
HATCH
5
b6a
100
AcDbEntity
8
TopLayer
100
AcDbHatch
10
0
20
0
30
0
210
0
220
0
230
1
2
SOLID
70
1
71
0
91
1
92
7
72
0
73
1
93
4
10
66.98521717043445
20
81.96403352806703
10
66.98521717043445
20
82.56403352806706
10
68.4852425704853
20
82.56403352806706
10
68.4852425704853
20
81.96403352806703
97
1
330

75
0
76
1
47
0.4128176842155181
98
1
10
34.90568961886538
20
22.81183545379326
450
0
451
0
460
0
461
0
452
1
462
1
453
2
463
0
63
5
421
255
463
1
63
7
421
16777215
470
LINEAR
1001
ACAD
1010
0
1020
0
1030
0
0
HATCH
5
b6d
100
AcDbEntity
8
TopSolderMaskLayer
100
AcDbHatch
10
0
20
0
30
0
210
0
220
0
230
1
2
SOLID
70
1
71
0
91
1
92
7
72
0
73
1
93
4
10
66.92171596816297
20
80.95387694861427
10
66.92171596816297
20
81.57419698925423
10
68.54874377275655
20
81.57419698925423
10
68.54874377275655
20
80.95387694861427
97
1
330

75
0
76
1
47
0.4128176842155181
98
1
10
34.90568961886538
20
22.81183545379326
450
0
451
0
460
0
461
0
452
1
462
1
453
2
463
0
63
5
421
255
463
1
63
7
421
16777215
470
LINEAR
1001
ACAD
1010
0
1020
0
1030
0
0
HATCH
5
b70
100
AcDbEntity
8
TopPasteMaskLayer
100
AcDbHatch
10
0
20
0
30
0
210
0
220
0
230
1
2
SOLID
70
1
71
0
91
1
92
7
72
0
73
1
93
4
10
66.98521717043445
20
80.96403352806715
10
66.98521717043445
20
81.56403352806717
10
68.4852425704853
20
81.56403352806717
10
68.4852425704853
20
80.96403352806715
97
1
330

75
0
76
1
47
0.4128176842155181
98
1
10
34.90568961886538
20
22.81183545379326
450
0
451
0
460
0
461
0
452
1
462
1
453
2
463
0
63
5
421
255
463
1
63
7
421
16777215
470
LINEAR
1001
ACAD
1010
0
1020
0
1030
0
0
HATCH
5
b73
100
AcDbEntity
8
TopLayer
100
AcDbHatch
10
0
20
0
30
0
210
0
220
0
230
1
2
SOLID
70
1
71
0
91
1
92
7
72
0
73
1
93
4
10
66.98521717043445
20
80.96403352806715
10
66.98521717043445
20
81.56403352806717
10
68.4852425704853
20
81.56403352806717
10
68.4852425704853
20
80.96403352806715
97
1
330

75
0
76
1
47
0.4128176842155181
98
1
10
34.90568961886538
20
22.81183545379326
450
0
451
0
460
0
461
0
452
1
462
1
453
2
463
0
63
5
421
255
463
1
63
7
421
16777215
470
LINEAR
1001
ACAD
1010
0
1020
0
1030
0
0
HATCH
5
b76
100
AcDbEntity
8
TopSolderMaskLayer
100
AcDbHatch
10
0
20
0
30
0
210
0
220
0
230
1
2
SOLID
70
1
71
0
91
1
92
7
72
0
73
1
93
4
10
66.92171596816297
20
79.95387694861427
10
66.92171596816297
20
80.57419698925435
10
68.54874377275655
20
80.57419698925435
10
68.54874377275655
20
79.95387694861427
97
1
330

75
0
76
1
47
0.4128176842155181
98
1
10
34.90568961886538
20
22.81183545379326
450
0
451
0
460
0
461
0
452
1
462
1
453
2
463
0
63
5
421
255
463
1
63
7
421
16777215
470
LINEAR
1001
ACAD
1010
0
1020
0
1030
0
0
HATCH
5
b79
100
AcDbEntity
8
TopPasteMaskLayer
100
AcDbHatch
10
0
20
0
30
0
210
0
220
0
230
1
2
SOLID
70
1
71
0
91
1
92
7
72
0
73
1
93
4
10
66.98521717043445
20
79.96403352806715
10
66.98521717043445
20
80.56403352806717
10
68.4852425704853
20
80.56403352806717
10
68.4852425704853
20
79.96403352806715
97
1
330

75
0
76
1
47
0.4128176842155181
98
1
10
34.90568961886538
20
22.81183545379326
450
0
451
0
460
0
461
0
452
1
462
1
453
2
463
0
63
5
421
255
463
1
63
7
421
16777215
470
LINEAR
1001
ACAD
1010
0
1020
0
1030
0
0
HATCH
5
b7c
100
AcDbEntity
8
TopLayer
100
AcDbHatch
10
0
20
0
30
0
210
0
220
0
230
1
2
SOLID
70
1
71
0
91
1
92
7
72
0
73
1
93
4
10
66.98521717043445
20
79.96403352806715
10
66.98521717043445
20
80.56403352806717
10
68.4852425704853
20
80.56403352806717
10
68.4852425704853
20
79.96403352806715
97
1
330

75
0
76
1
47
0.4128176842155181
98
1
10
34.90568961886538
20
22.81183545379326
450
0
451
0
460
0
461
0
452
1
462
1
453
2
463
0
63
5
421
255
463
1
63
7
421
16777215
470
LINEAR
1001
ACAD
1010
0
1020
0
1030
0
0
HATCH
5
b7f
100
AcDbEntity
8
TopSolderMaskLayer
100
AcDbHatch
10
0
20
0
30
0
210
0
220
0
230
1
2
SOLID
70
1
71
0
91
1
92
7
72
0
73
1
93
4
10
66.92171596816297
20
78.95387694861427
10
66.92171596816297
20
79.57419698925423
10
68.54874377275655
20
79.57419698925423
10
68.54874377275655
20
78.95387694861427
97
1
330

75
0
76
1
47
0.4128176842155181
98
1
10
34.90568961886538
20
22.81183545379326
450
0
451
0
460
0
461
0
452
1
462
1
453
2
463
0
63
5
421
255
463
1
63
7
421
16777215
470
LINEAR
1001
ACAD
1010
0
1020
0
1030
0
0
HATCH
5
b82
100
AcDbEntity
8
TopPasteMaskLayer
100
AcDbHatch
10
0
20
0
30
0
210
0
220
0
230
1
2
SOLID
70
1
71
0
91
1
92
7
72
0
73
1
93
4
10
66.98521717043445
20
78.96403352806715
10
66.98521717043445
20
79.56403352806706
10
68.4852425704853
20
79.56403352806706
10
68.4852425704853
20
78.96403352806715
97
1
330

75
0
76
1
47
0.4128176842155181
98
1
10
34.90568961886538
20
22.81183545379326
450
0
451
0
460
0
461
0
452
1
462
1
453
2
463
0
63
5
421
255
463
1
63
7
421
16777215
470
LINEAR
1001
ACAD
1010
0
1020
0
1030
0
0
HATCH
5
b85
100
AcDbEntity
8
TopLayer
100
AcDbHatch
10
0
20
0
30
0
210
0
220
0
230
1
2
SOLID
70
1
71
0
91
1
92
7
72
0
73
1
93
4
10
66.98521717043445
20
78.96403352806715
10
66.98521717043445
20
79.56403352806706
10
68.4852425704853
20
79.56403352806706
10
68.4852425704853
20
78.96403352806715
97
1
330

75
0
76
1
47
0.4128176842155181
98
1
10
34.90568961886538
20
22.81183545379326
450
0
451
0
460
0
461
0
452
1
462
1
453
2
463
0
63
5
421
255
463
1
63
7
421
16777215
470
LINEAR
1001
ACAD
1010
0
1020
0
1030
0
0
HATCH
5
b88
100
AcDbEntity
8
TopSolderMaskLayer
100
AcDbHatch
10
0
20
0
30
0
210
0
220
0
230
1
2
SOLID
70
1
71
0
91
1
92
7
72
0
73
1
93
4
10
66.92171596816297
20
77.95387694861415
10
66.92171596816297
20
78.57419698925423
10
68.54874377275655
20
78.57419698925423
10
68.54874377275655
20
77.95387694861415
97
1
330

75
0
76
1
47
0.4128176842155181
98
1
10
34.90568961886538
20
22.81183545379326
450
0
451
0
460
0
461
0
452
1
462
1
453
2
463
0
63
5
421
255
463
1
63
7
421
16777215
470
LINEAR
1001
ACAD
1010
0
1020
0
1030
0
0
HATCH
5
b8b
100
AcDbEntity
8
TopPasteMaskLayer
100
AcDbHatch
10
0
20
0
30
0
210
0
220
0
230
1
2
SOLID
70
1
71
0
91
1
92
7
72
0
73
1
93
4
10
66.98521717043445
20
77.96403352806703
10
66.98521717043445
20
78.56403352806706
10
68.4852425704853
20
78.56403352806706
10
68.4852425704853
20
77.96403352806703
97
1
330

75
0
76
1
47
0.4128176842155181
98
1
10
34.90568961886538
20
22.81183545379326
450
0
451
0
460
0
461
0
452
1
462
1
453
2
463
0
63
5
421
255
463
1
63
7
421
16777215
470
LINEAR
1001
ACAD
1010
0
1020
0
1030
0
0
HATCH
5
b8e
100
AcDbEntity
8
TopLayer
100
AcDbHatch
10
0
20
0
30
0
210
0
220
0
230
1
2
SOLID
70
1
71
0
91
1
92
7
72
0
73
1
93
4
10
66.98521717043445
20
77.96403352806703
10
66.98521717043445
20
78.56403352806706
10
68.4852425704853
20
78.56403352806706
10
68.4852425704853
20
77.96403352806703
97
1
330

75
0
76
1
47
0.4128176842155181
98
1
10
34.90568961886538
20
22.81183545379326
450
0
451
0
460
0
461
0
452
1
462
1
453
2
463
0
63
5
421
255
463
1
63
7
421
16777215
470
LINEAR
1001
ACAD
1010
0
1020
0
1030
0
0
HATCH
5
b91
100
AcDbEntity
8
TopSolderMaskLayer
100
AcDbHatch
10
0
20
0
30
0
210
0
220
0
230
1
2
SOLID
70
1
71
0
91
1
92
7
72
0
73
1
93
4
10
71.70693553829506
20
81.69366907120923
10
71.70693553829506
20
78.83440228600887
10
69.26339259406632
20
78.83440228600887
10
69.26339259406632
20
81.69366907120923
97
1
330

75
0
76
1
47
0.4128176842155181
98
1
10
34.90568961886538
20
22.81183545379326
450
0
451
0
460
0
461
0
452
1
462
1
453
2
463
0
63
5
421
255
463
1
63
7
421
16777215
470
LINEAR
1001
ACAD
1010
0
1020
0
1030
0
0
HATCH
5
b94
100
AcDbEntity
8
TopPasteMaskLayer
100
AcDbHatch
10
0
20
0
30
0
210
0
220
0
230
1
2
SOLID
70
1
71
0
91
1
92
7
72
0
73
1
93
4
10
71.68516637033281
20
81.6640335280672
10
71.68516637033281
20
78.86403352806713
10
69.28516637033272
20
78.86403352806713
10
69.28516637033272
20
81.6640335280672
97
1
330

75
0
76
1
47
0.4128176842155181
98
1
10
34.90568961886538
20
22.81183545379326
450
0
451
0
460
0
461
0
452
1
462
1
453
2
463
0
63
5
421
255
463
1
63
7
421
16777215
470
LINEAR
1001
ACAD
1010
0
1020
0
1030
0
0
HATCH
5
b97
100
AcDbEntity
8
TopLayer
100
AcDbHatch
10
0
20
0
30
0
210
0
220
0
230
1
2
SOLID
70
1
71
0
91
1
92
7
72
0
73
1
93
4
10
71.68516637033281
20
81.6640335280672
10
71.68516637033281
20
78.86403352806713
10
69.28516637033272
20
78.86403352806713
10
69.28516637033272
20
81.6640335280672
97
1
330

75
0
76
1
47
0.4128176842155181
98
1
10
34.90568961886538
20
22.81183545379326
450
0
451
0
460
0
461
0
452
1
462
1
453
2
463
0
63
5
421
255
463
1
63
7
421
16777215
470
LINEAR
1001
ACAD
1010
0
1020
0
1030
0
0
HATCH
5
b9a
100
AcDbEntity
8
TopSolderMaskLayer
100
AcDbHatch
10
0
20
0
30
0
210
0
220
0
230
1
2
SOLID
70
1
71
0
91
1
92
7
72
0
73
1
93
4
10
39.370067310457216
20
85.69714320002129
10
40.92008001048248
20
85.69714320002129
10
40.92008001048248
20
84.74710368847263
10
39.370067310457216
20
84.74710368847263
97
1
330

75
0
76
1
47
0.4128176842155181
98
1
10
34.90568961886538
20
22.81183545379326
450
0
451
0
460
0
461
0
452
1
462
1
453
2
463
0
63
5
421
255
463
1
63
7
421
16777215
470
LINEAR
1001
ACAD
1010
0
1020
0
1030
0
0
HATCH
5
b9d
100
AcDbEntity
8
TopPasteMaskLayer
100
AcDbHatch
10
0
20
0
30
0
210
0
220
0
230
1
2
SOLID
70
1
71
0
91
1
92
7
72
0
73
1
93
4
10
39.39507239014483
20
85.67213614427237
10
40.89507239014483
20
85.67213614427237
10
40.89507239014483
20
84.77211074422155
10
39.39507239014483
20
84.77211074422155
97
1
330

75
0
76
1
47
0.4128176842155181
98
1
10
34.90568961886538
20
22.81183545379326
450
0
451
0
460
0
461
0
452
1
462
1
453
2
463
0
63
5
421
255
463
1
63
7
421
16777215
470
LINEAR
1001
ACAD
1010
0
1020
0
1030
0
0
HATCH
5
ba0
100
AcDbEntity
8
TopLayer
100
AcDbHatch
10
0
20
0
30
0
210
0
220
0
230
1
2
SOLID
70
1
71
0
91
1
92
7
72
0
73
1
93
4
10
39.39507239014483
20
85.67213614427237
10
40.89507239014483
20
85.67213614427237
10
40.89507239014483
20
84.77211074422155
10
39.39507239014483
20
84.77211074422155
97
1
330

75
0
76
1
47
0.4128176842155181
98
1
10
34.90568961886538
20
22.81183545379326
450
0
451
0
460
0
461
0
452
1
462
1
453
2
463
0
63
5
421
255
463
1
63
7
421
16777215
470
LINEAR
1001
ACAD
1010
0
1020
0
1030
0
0
HATCH
5
ba3
100
AcDbEntity
8
TopSolderMaskLayer
100
AcDbHatch
10
0
20
0
30
0
210
0
220
0
230
1
2
SOLID
70
1
71
0
91
1
92
7
72
0
73
1
93
4
10
39.370067310457216
20
84.42714066001622
10
40.92010625741682
20
84.42714066001622
10
40.92010625741682
20
83.47710114846757
10
39.370067310457216
20
83.47710114846757
97
1
330

75
0
76
1
47
0.4128176842155181
98
1
10
34.90568961886538
20
22.81183545379326
450
0
451
0
460
0
461
0
452
1
462
1
453
2
463
0
63
5
421
255
463
1
63
7
421
16777215
470
LINEAR
1001
ACAD
1010
0
1020
0
1030
0
0
HATCH
5
ba6
100
AcDbEntity
8
TopPasteMaskLayer
100
AcDbHatch
10
0
20
0
30
0
210
0
220
0
230
1
2
SOLID
70
1
71
0
91
1
92
7
72
0
73
1
93
4
10
39.39507239014483
20
84.4021336042673
10
40.89509779019568
20
84.4021336042673
10
40.89509779019568
20
83.50210820421648
10
39.39507239014483
20
83.50210820421648
97
1
330

75
0
76
1
47
0.4128176842155181
98
1
10
34.90568961886538
20
22.81183545379326
450
0
451
0
460
0
461
0
452
1
462
1
453
2
463
0
63
5
421
255
463
1
63
7
421
16777215
470
LINEAR
1001
ACAD
1010
0
1020
0
1030
0
0
HATCH
5
ba9
100
AcDbEntity
8
TopLayer
100
AcDbHatch
10
0
20
0
30
0
210
0
220
0
230
1
2
SOLID
70
1
71
0
91
1
92
7
72
0
73
1
93
4
10
39.39507239014483
20
84.4021336042673
10
40.89509779019568
20
84.4021336042673
10
40.89509779019568
20
83.50210820421648
10
39.39507239014483
20
83.50210820421648
97
1
330

75
0
76
1
47
0.4128176842155181
98
1
10
34.90568961886538
20
22.81183545379326
450
0
451
0
460
0
461
0
452
1
462
1
453
2
463
0
63
5
421
255
463
1
63
7
421
16777215
470
LINEAR
1001
ACAD
1010
0
1020
0
1030
0
0
HATCH
5
bac
100
AcDbEntity
8
TopSolderMaskLayer
100
AcDbHatch
10
0
20
0
30
0
210
0
220
0
230
1
2
SOLID
70
1
71
0
91
1
92
7
72
0
73
1
93
4
10
39.370067310457216
20
83.15713812001115
10
40.92010625741682
20
83.15713812001115
10
40.92010625741682
20
82.2070986084625
10
39.370067310457216
20
82.2070986084625
97
1
330

75
0
76
1
47
0.4128176842155181
98
1
10
34.90568961886538
20
22.81183545379326
450
0
451
0
460
0
461
0
452
1
462
1
453
2
463
0
63
5
421
255
463
1
63
7
421
16777215
470
LINEAR
1001
ACAD
1010
0
1020
0
1030
0
0
HATCH
5
baf
100
AcDbEntity
8
TopPasteMaskLayer
100
AcDbHatch
10
0
20
0
30
0
210
0
220
0
230
1
2
SOLID
70
1
71
0
91
1
92
7
72
0
73
1
93
4
10
39.39507239014483
20
83.13213106426224
10
40.89509779019568
20
83.13213106426224
10
40.89509779019568
20
82.23210566421142
10
39.39507239014483
20
82.23210566421142
97
1
330

75
0
76
1
47
0.4128176842155181
98
1
10
34.90568961886538
20
22.81183545379326
450
0
451
0
460
0
461
0
452
1
462
1
453
2
463
0
63
5
421
255
463
1
63
7
421
16777215
470
LINEAR
1001
ACAD
1010
0
1020
0
1030
0
0
HATCH
5
bb2
100
AcDbEntity
8
TopLayer
100
AcDbHatch
10
0
20
0
30
0
210
0
220
0
230
1
2
SOLID
70
1
71
0
91
1
92
7
72
0
73
1
93
4
10
39.39507239014483
20
83.13213106426224
10
40.89509779019568
20
83.13213106426224
10
40.89509779019568
20
82.23210566421142
10
39.39507239014483
20
82.23210566421142
97
1
330

75
0
76
1
47
0.4128176842155181
98
1
10
34.90568961886538
20
22.81183545379326
450
0
451
0
460
0
461
0
452
1
462
1
453
2
463
0
63
5
421
255
463
1
63
7
421
16777215
470
LINEAR
1001
ACAD
1010
0
1020
0
1030
0
0
HATCH
5
bb5
100
AcDbEntity
8
TopSolderMaskLayer
100
AcDbHatch
10
0
20
0
30
0
210
0
220
0
230
1
2
SOLID
70
1
71
0
91
1
92
7
72
0
73
1
93
4
10
39.370067310457216
20
81.88713558000609
10
40.92010625741682
20
81.88713558000609
10
40.92010625741682
20
80.93709606845744
10
39.370067310457216
20
80.93709606845744
97
1
330

75
0
76
1
47
0.4128176842155181
98
1
10
34.90568961886538
20
22.81183545379326
450
0
451
0
460
0
461
0
452
1
462
1
453
2
463
0
63
5
421
255
463
1
63
7
421
16777215
470
LINEAR
1001
ACAD
1010
0
1020
0
1030
0
0
HATCH
5
bb8
100
AcDbEntity
8
TopPasteMaskLayer
100
AcDbHatch
10
0
20
0
30
0
210
0
220
0
230
1
2
SOLID
70
1
71
0
91
1
92
7
72
0
73
1
93
4
10
39.39507239014483
20
81.86212852425717
10
40.89509779019568
20
81.86212852425717
10
40.89509779019568
20
80.96210312420635
10
39.39507239014483
20
80.96210312420635
97
1
330

75
0
76
1
47
0.4128176842155181
98
1
10
34.90568961886538
20
22.81183545379326
450
0
451
0
460
0
461
0
452
1
462
1
453
2
463
0
63
5
421
255
463
1
63
7
421
16777215
470
LINEAR
1001
ACAD
1010
0
1020
0
1030
0
0
HATCH
5
bbb
100
AcDbEntity
8
TopLayer
100
AcDbHatch
10
0
20
0
30
0
210
0
220
0
230
1
2
SOLID
70
1
71
0
91
1
92
7
72
0
73
1
93
4
10
39.39507239014483
20
81.86212852425717
10
40.89509779019568
20
81.86212852425717
10
40.89509779019568
20
80.96210312420635
10
39.39507239014483
20
80.96210312420635
97
1
330

75
0
76
1
47
0.4128176842155181
98
1
10
34.90568961886538
20
22.81183545379326
450
0
451
0
460
0
461
0
452
1
462
1
453
2
463
0
63
5
421
255
463
1
63
7
421
16777215
470
LINEAR
1001
ACAD
1010
0
1020
0
1030
0
0
HATCH
5
bbe
100
AcDbEntity
8
TopSolderMaskLayer
100
AcDbHatch
10
0
20
0
30
0
210
0
220
0
230
1
2
SOLID
70
1
71
0
91
1
92
7
72
0
73
1
93
4
10
39.370067310457216
20
80.61713304000102
10
40.92010625741682
20
80.61713304000102
10
40.92010625741682
20
79.66709352845237
10
39.370067310457216
20
79.66709352845237
97
1
330

75
0
76
1
47
0.4128176842155181
98
1
10
34.90568961886538
20
22.81183545379326
450
0
451
0
460
0
461
0
452
1
462
1
453
2
463
0
63
5
421
255
463
1
63
7
421
16777215
470
LINEAR
1001
ACAD
1010
0
1020
0
1030
0
0
HATCH
5
bc1
100
AcDbEntity
8
TopPasteMaskLayer
100
AcDbHatch
10
0
20
0
30
0
210
0
220
0
230
1
2
SOLID
70
1
71
0
91
1
92
7
72
0
73
1
93
4
10
39.39507239014483
20
80.592125984252
10
40.89509779019568
20
80.592125984252
10
40.89509779019568
20
79.69210058420128
10
39.39507239014483
20
79.69210058420128
97
1
330

75
0
76
1
47
0.4128176842155181
98
1
10
34.90568961886538
20
22.81183545379326
450
0
451
0
460
0
461
0
452
1
462
1
453
2
463
0
63
5
421
255
463
1
63
7
421
16777215
470
LINEAR
1001
ACAD
1010
0
1020
0
1030
0
0
HATCH
5
bc4
100
AcDbEntity
8
TopLayer
100
AcDbHatch
10
0
20
0
30
0
210
0
220
0
230
1
2
SOLID
70
1
71
0
91
1
92
7
72
0
73
1
93
4
10
39.39507239014483
20
80.592125984252
10
40.89509779019568
20
80.592125984252
10
40.89509779019568
20
79.69210058420128
10
39.39507239014483
20
79.69210058420128
97
1
330

75
0
76
1
47
0.4128176842155181
98
1
10
34.90568961886538
20
22.81183545379326
450
0
451
0
460
0
461
0
452
1
462
1
453
2
463
0
63
5
421
255
463
1
63
7
421
16777215
470
LINEAR
1001
ACAD
1010
0
1020
0
1030
0
0
HATCH
5
bc7
100
AcDbEntity
8
TopSolderMaskLayer
100
AcDbHatch
10
0
20
0
30
0
210
0
220
0
230
1
2
SOLID
70
1
71
0
91
1
92
7
72
0
73
1
93
4
10
39.370067310457216
20
79.34713049999584
10
40.92010625741682
20
79.34713049999584
10
40.92010625741682
20
78.39709098844719
10
39.370067310457216
20
78.39709098844719
97
1
330

75
0
76
1
47
0.4128176842155181
98
1
10
34.90568961886538
20
22.81183545379326
450
0
451
0
460
0
461
0
452
1
462
1
453
2
463
0
63
5
421
255
463
1
63
7
421
16777215
470
LINEAR
1001
ACAD
1010
0
1020
0
1030
0
0
HATCH
5
bca
100
AcDbEntity
8
TopPasteMaskLayer
100
AcDbHatch
10
0
20
0
30
0
210
0
220
0
230
1
2
SOLID
70
1
71
0
91
1
92
7
72
0
73
1
93
4
10
39.39507239014483
20
79.32212344424693
10
40.89509779019568
20
79.32212344424693
10
40.89509779019568
20
78.42209804419622
10
39.39507239014483
20
78.42209804419622
97
1
330

75
0
76
1
47
0.4128176842155181
98
1
10
34.90568961886538
20
22.81183545379326
450
0
451
0
460
0
461
0
452
1
462
1
453
2
463
0
63
5
421
255
463
1
63
7
421
16777215
470
LINEAR
1001
ACAD
1010
0
1020
0
1030
0
0
HATCH
5
bcd
100
AcDbEntity
8
TopLayer
100
AcDbHatch
10
0
20
0
30
0
210
0
220
0
230
1
2
SOLID
70
1
71
0
91
1
92
7
72
0
73
1
93
4
10
39.39507239014483
20
79.32212344424693
10
40.89509779019568
20
79.32212344424693
10
40.89509779019568
20
78.42209804419622
10
39.39507239014483
20
78.42209804419622
97
1
330

75
0
76
1
47
0.4128176842155181
98
1
10
34.90568961886538
20
22.81183545379326
450
0
451
0
460
0
461
0
452
1
462
1
453
2
463
0
63
5
421
255
463
1
63
7
421
16777215
470
LINEAR
1001
ACAD
1010
0
1020
0
1030
0
0
HATCH
5
bd0
100
AcDbEntity
8
TopSolderMaskLayer
100
AcDbHatch
10
0
20
0
30
0
210
0
220
0
230
1
2
SOLID
70
1
71
0
91
1
92
7
72
0
73
1
93
4
10
39.370067310457216
20
78.07712795999078
10
40.92010625741682
20
78.07712795999078
10
40.92010625741682
20
77.12708844844212
10
39.370067310457216
20
77.12708844844212
97
1
330

75
0
76
1
47
0.4128176842155181
98
1
10
34.90568961886538
20
22.81183545379326
450
0
451
0
460
0
461
0
452
1
462
1
453
2
463
0
63
5
421
255
463
1
63
7
421
16777215
470
LINEAR
1001
ACAD
1010
0
1020
0
1030
0
0
HATCH
5
bd3
100
AcDbEntity
8
TopPasteMaskLayer
100
AcDbHatch
10
0
20
0
30
0
210
0
220
0
230
1
2
SOLID
70
1
71
0
91
1
92
7
72
0
73
1
93
4
10
39.39507239014483
20
78.05212090424186
10
40.89509779019568
20
78.05212090424186
10
40.89509779019568
20
77.15209550419104
10
39.39507239014483
20
77.15209550419104
97
1
330

75
0
76
1
47
0.4128176842155181
98
1
10
34.90568961886538
20
22.81183545379326
450
0
451
0
460
0
461
0
452
1
462
1
453
2
463
0
63
5
421
255
463
1
63
7
421
16777215
470
LINEAR
1001
ACAD
1010
0
1020
0
1030
0
0
HATCH
5
bd6
100
AcDbEntity
8
TopLayer
100
AcDbHatch
10
0
20
0
30
0
210
0
220
0
230
1
2
SOLID
70
1
71
0
91
1
92
7
72
0
73
1
93
4
10
39.39507239014483
20
78.05212090424186
10
40.89509779019568
20
78.05212090424186
10
40.89509779019568
20
77.15209550419104
10
39.39507239014483
20
77.15209550419104
97
1
330

75
0
76
1
47
0.4128176842155181
98
1
10
34.90568961886538
20
22.81183545379326
450
0
451
0
460
0
461
0
452
1
462
1
453
2
463
0
63
5
421
255
463
1
63
7
421
16777215
470
LINEAR
1001
ACAD
1010
0
1020
0
1030
0
0
HATCH
5
bd9
100
AcDbEntity
8
TopSolderMaskLayer
100
AcDbHatch
10
0
20
0
30
0
210
0
220
0
230
1
2
SOLID
70
1
71
0
91
1
92
7
72
0
73
1
93
4
10
39.370067310457216
20
76.80712541998571
10
40.92010625741682
20
76.80712541998571
10
40.92010625741682
20
75.85708590843706
10
39.370067310457216
20
75.85708590843706
97
1
330

75
0
76
1
47
0.4128176842155181
98
1
10
34.90568961886538
20
22.81183545379326
450
0
451
0
460
0
461
0
452
1
462
1
453
2
463
0
63
5
421
255
463
1
63
7
421
16777215
470
LINEAR
1001
ACAD
1010
0
1020
0
1030
0
0
HATCH
5
bdc
100
AcDbEntity
8
TopPasteMaskLayer
100
AcDbHatch
10
0
20
0
30
0
210
0
220
0
230
1
2
SOLID
70
1
71
0
91
1
92
7
72
0
73
1
93
4
10
39.39507239014483
20
76.7821183642368
10
40.89509779019568
20
76.7821183642368
10
40.89509779019568
20
75.88209296418597
10
39.39507239014483
20
75.88209296418597
97
1
330

75
0
76
1
47
0.4128176842155181
98
1
10
34.90568961886538
20
22.81183545379326
450
0
451
0
460
0
461
0
452
1
462
1
453
2
463
0
63
5
421
255
463
1
63
7
421
16777215
470
LINEAR
1001
ACAD
1010
0
1020
0
1030
0
0
HATCH
5
bdf
100
AcDbEntity
8
TopLayer
100
AcDbHatch
10
0
20
0
30
0
210
0
220
0
230
1
2
SOLID
70
1
71
0
91
1
92
7
72
0
73
1
93
4
10
39.39507239014483
20
76.7821183642368
10
40.89509779019568
20
76.7821183642368
10
40.89509779019568
20
75.88209296418597
10
39.39507239014483
20
75.88209296418597
97
1
330

75
0
76
1
47
0.4128176842155181
98
1
10
34.90568961886538
20
22.81183545379326
450
0
451
0
460
0
461
0
452
1
462
1
453
2
463
0
63
5
421
255
463
1
63
7
421
16777215
470
LINEAR
1001
ACAD
1010
0
1020
0
1030
0
0
HATCH
5
be2
100
AcDbEntity
8
TopSolderMaskLayer
100
AcDbHatch
10
0
20
0
30
0
210
0
220
0
230
1
2
SOLID
70
1
71
0
91
1
92
7
72
0
73
1
93
4
10
39.370067310457216
20
75.53712287998064
10
40.92010625741682
20
75.53712287998064
10
40.92010625741682
20
74.58708336843199
10
39.370067310457216
20
74.58708336843199
97
1
330

75
0
76
1
47
0.4128176842155181
98
1
10
34.90568961886538
20
22.81183545379326
450
0
451
0
460
0
461
0
452
1
462
1
453
2
463
0
63
5
421
255
463
1
63
7
421
16777215
470
LINEAR
1001
ACAD
1010
0
1020
0
1030
0
0
HATCH
5
be5
100
AcDbEntity
8
TopPasteMaskLayer
100
AcDbHatch
10
0
20
0
30
0
210
0
220
0
230
1
2
SOLID
70
1
71
0
91
1
92
7
72
0
73
1
93
4
10
39.39507239014483
20
75.51211582423173
10
40.89509779019568
20
75.51211582423173
10
40.89509779019568
20
74.6120904241809
10
39.39507239014483
20
74.6120904241809
97
1
330

75
0
76
1
47
0.4128176842155181
98
1
10
34.90568961886538
20
22.81183545379326
450
0
451
0
460
0
461
0
452
1
462
1
453
2
463
0
63
5
421
255
463
1
63
7
421
16777215
470
LINEAR
1001
ACAD
1010
0
1020
0
1030
0
0
HATCH
5
be8
100
AcDbEntity
8
TopLayer
100
AcDbHatch
10
0
20
0
30
0
210
0
220
0
230
1
2
SOLID
70
1
71
0
91
1
92
7
72
0
73
1
93
4
10
39.39507239014483
20
75.51211582423173
10
40.89509779019568
20
75.51211582423173
10
40.89509779019568
20
74.6120904241809
10
39.39507239014483
20
74.6120904241809
97
1
330

75
0
76
1
47
0.4128176842155181
98
1
10
34.90568961886538
20
22.81183545379326
450
0
451
0
460
0
461
0
452
1
462
1
453
2
463
0
63
5
421
255
463
1
63
7
421
16777215
470
LINEAR
1001
ACAD
1010
0
1020
0
1030
0
0
HATCH
5
beb
100
AcDbEntity
8
TopSolderMaskLayer
100
AcDbHatch
10
0
20
0
30
0
210
0
220
0
230
1
2
SOLID
70
1
71
0
91
1
92
7
72
0
73
1
93
4
10
39.370067310457216
20
74.26712033997558
10
40.92010625741682
20
74.26712033997558
10
40.92010625741682
20
73.31708082842692
10
39.370067310457216
20
73.31708082842692
97
1
330

75
0
76
1
47
0.4128176842155181
98
1
10
34.90568961886538
20
22.81183545379326
450
0
451
0
460
0
461
0
452
1
462
1
453
2
463
0
63
5
421
255
463
1
63
7
421
16777215
470
LINEAR
1001
ACAD
1010
0
1020
0
1030
0
0
HATCH
5
bee
100
AcDbEntity
8
TopPasteMaskLayer
100
AcDbHatch
10
0
20
0
30
0
210
0
220
0
230
1
2
SOLID
70
1
71
0
91
1
92
7
72
0
73
1
93
4
10
39.39507239014483
20
74.24211328422666
10
40.89509779019568
20
74.24211328422666
10
40.89509779019568
20
73.34208788417584
10
39.39507239014483
20
73.34208788417584
97
1
330

75
0
76
1
47
0.4128176842155181
98
1
10
34.90568961886538
20
22.81183545379326
450
0
451
0
460
0
461
0
452
1
462
1
453
2
463
0
63
5
421
255
463
1
63
7
421
16777215
470
LINEAR
1001
ACAD
1010
0
1020
0
1030
0
0
HATCH
5
bf1
100
AcDbEntity
8
TopLayer
100
AcDbHatch
10
0
20
0
30
0
210
0
220
0
230
1
2
SOLID
70
1
71
0
91
1
92
7
72
0
73
1
93
4
10
39.39507239014483
20
74.24211328422666
10
40.89509779019568
20
74.24211328422666
10
40.89509779019568
20
73.34208788417584
10
39.39507239014483
20
73.34208788417584
97
1
330

75
0
76
1
47
0.4128176842155181
98
1
10
34.90568961886538
20
22.81183545379326
450
0
451
0
460
0
461
0
452
1
462
1
453
2
463
0
63
5
421
255
463
1
63
7
421
16777215
470
LINEAR
1001
ACAD
1010
0
1020
0
1030
0
0
HATCH
5
bf4
100
AcDbEntity
8
TopSolderMaskLayer
100
AcDbHatch
10
0
20
0
30
0
210
0
220
0
230
1
2
SOLID
70
1
71
0
91
1
92
7
72
0
73
1
93
4
10
39.370067310457216
20
72.99711779997051
10
40.92010625741682
20
72.99711779997051
10
40.92010625741682
20
72.04707828842186
10
39.370067310457216
20
72.04707828842186
97
1
330

75
0
76
1
47
0.4128176842155181
98
1
10
34.90568961886538
20
22.81183545379326
450
0
451
0
460
0
461
0
452
1
462
1
453
2
463
0
63
5
421
255
463
1
63
7
421
16777215
470
LINEAR
1001
ACAD
1010
0
1020
0
1030
0
0
HATCH
5
bf7
100
AcDbEntity
8
TopPasteMaskLayer
100
AcDbHatch
10
0
20
0
30
0
210
0
220
0
230
1
2
SOLID
70
1
71
0
91
1
92
7
72
0
73
1
93
4
10
39.39507239014483
20
72.9721107442216
10
40.89509779019568
20
72.9721107442216
10
40.89509779019568
20
72.07208534417077
10
39.39507239014483
20
72.07208534417077
97
1
330

75
0
76
1
47
0.4128176842155181
98
1
10
34.90568961886538
20
22.81183545379326
450
0
451
0
460
0
461
0
452
1
462
1
453
2
463
0
63
5
421
255
463
1
63
7
421
16777215
470
LINEAR
1001
ACAD
1010
0
1020
0
1030
0
0
HATCH
5
bfa
100
AcDbEntity
8
TopLayer
100
AcDbHatch
10
0
20
0
30
0
210
0
220
0
230
1
2
SOLID
70
1
71
0
91
1
92
7
72
0
73
1
93
4
10
39.39507239014483
20
72.9721107442216
10
40.89509779019568
20
72.9721107442216
10
40.89509779019568
20
72.07208534417077
10
39.39507239014483
20
72.07208534417077
97
1
330

75
0
76
1
47
0.4128176842155181
98
1
10
34.90568961886538
20
22.81183545379326
450
0
451
0
460
0
461
0
452
1
462
1
453
2
463
0
63
5
421
255
463
1
63
7
421
16777215
470
LINEAR
1001
ACAD
1010
0
1020
0
1030
0
0
HATCH
5
bfd
100
AcDbEntity
8
TopSolderMaskLayer
100
AcDbHatch
10
0
20
0
30
0
210
0
220
0
230
1
2
SOLID
70
1
71
0
91
1
92
7
72
0
73
1
93
4
10
39.370067310457216
20
71.72711525996544
10
40.92010625741682
20
71.72711525996544
10
40.92010625741682
20
70.77707574841679
10
39.370067310457216
20
70.77707574841679
97
1
330

75
0
76
1
47
0.4128176842155181
98
1
10
34.90568961886538
20
22.81183545379326
450
0
451
0
460
0
461
0
452
1
462
1
453
2
463
0
63
5
421
255
463
1
63
7
421
16777215
470
LINEAR
1001
ACAD
1010
0
1020
0
1030
0
0
HATCH
5
c00
100
AcDbEntity
8
TopPasteMaskLayer
100
AcDbHatch
10
0
20
0
30
0
210
0
220
0
230
1
2
SOLID
70
1
71
0
91
1
92
7
72
0
73
1
93
4
10
39.39507239014483
20
71.70210820421653
10
40.89509779019568
20
71.70210820421653
10
40.89509779019568
20
70.8020828041657
10
39.39507239014483
20
70.8020828041657
97
1
330

75
0
76
1
47
0.4128176842155181
98
1
10
34.90568961886538
20
22.81183545379326
450
0
451
0
460
0
461
0
452
1
462
1
453
2
463
0
63
5
421
255
463
1
63
7
421
16777215
470
LINEAR
1001
ACAD
1010
0
1020
0
1030
0
0
HATCH
5
c03
100
AcDbEntity
8
TopLayer
100
AcDbHatch
10
0
20
0
30
0
210
0
220
0
230
1
2
SOLID
70
1
71
0
91
1
92
7
72
0
73
1
93
4
10
39.39507239014483
20
71.70210820421653
10
40.89509779019568
20
71.70210820421653
10
40.89509779019568
20
70.8020828041657
10
39.39507239014483
20
70.8020828041657
97
1
330

75
0
76
1
47
0.4128176842155181
98
1
10
34.90568961886538
20
22.81183545379326
450
0
451
0
460
0
461
0
452
1
462
1
453
2
463
0
63
5
421
255
463
1
63
7
421
16777215
470
LINEAR
1001
ACAD
1010
0
1020
0
1030
0
0
HATCH
5
c06
100
AcDbEntity
8
TopSolderMaskLayer
100
AcDbHatch
10
0
20
0
30
0
210
0
220
0
230
1
2
SOLID
70
1
71
0
91
1
92
7
72
0
73
1
93
4
10
39.370067310457216
20
70.45711271996038
10
40.92010625741682
20
70.45711271996038
10
40.92010625741682
20
69.50707320841173
10
39.370067310457216
20
69.50707320841173
97
1
330

75
0
76
1
47
0.4128176842155181
98
1
10
34.90568961886538
20
22.81183545379326
450
0
451
0
460
0
461
0
452
1
462
1
453
2
463
0
63
5
421
255
463
1
63
7
421
16777215
470
LINEAR
1001
ACAD
1010
0
1020
0
1030
0
0
HATCH
5
c09
100
AcDbEntity
8
TopPasteMaskLayer
100
AcDbHatch
10
0
20
0
30
0
210
0
220
0
230
1
2
SOLID
70
1
71
0
91
1
92
7
72
0
73
1
93
4
10
39.39507239014483
20
70.43210566421146
10
40.89509779019568
20
70.43210566421146
10
40.89509779019568
20
69.53208026416064
10
39.39507239014483
20
69.53208026416064
97
1
330

75
0
76
1
47
0.4128176842155181
98
1
10
34.90568961886538
20
22.81183545379326
450
0
451
0
460
0
461
0
452
1
462
1
453
2
463
0
63
5
421
255
463
1
63
7
421
16777215
470
LINEAR
1001
ACAD
1010
0
1020
0
1030
0
0
HATCH
5
c0c
100
AcDbEntity
8
TopLayer
100
AcDbHatch
10
0
20
0
30
0
210
0
220
0
230
1
2
SOLID
70
1
71
0
91
1
92
7
72
0
73
1
93
4
10
39.39507239014483
20
70.43210566421146
10
40.89509779019568
20
70.43210566421146
10
40.89509779019568
20
69.53208026416064
10
39.39507239014483
20
69.53208026416064
97
1
330

75
0
76
1
47
0.4128176842155181
98
1
10
34.90568961886538
20
22.81183545379326
450
0
451
0
460
0
461
0
452
1
462
1
453
2
463
0
63
5
421
255
463
1
63
7
421
16777215
470
LINEAR
1001
ACAD
1010
0
1020
0
1030
0
0
HATCH
5
c0f
100
AcDbEntity
8
TopSolderMaskLayer
100
AcDbHatch
10
0
20
0
30
0
210
0
220
0
230
1
2
SOLID
70
1
71
0
91
1
92
7
72
0
73
1
93
4
10
39.370067310457216
20
69.18711017995531
10
40.92010625741682
20
69.18711017995531
10
40.92010625741682
20
68.23707066840655
10
39.370067310457216
20
68.23707066840655
97
1
330

75
0
76
1
47
0.4128176842155181
98
1
10
34.90568961886538
20
22.81183545379326
450
0
451
0
460
0
461
0
452
1
462
1
453
2
463
0
63
5
421
255
463
1
63
7
421
16777215
470
LINEAR
1001
ACAD
1010
0
1020
0
1030
0
0
HATCH
5
c12
100
AcDbEntity
8
TopPasteMaskLayer
100
AcDbHatch
10
0
20
0
30
0
210
0
220
0
230
1
2
SOLID
70
1
71
0
91
1
92
7
72
0
73
1
93
4
10
39.39507239014483
20
69.16210312420628
10
40.89509779019568
20
69.16210312420628
10
40.89509779019568
20
68.26207772415557
10
39.39507239014483
20
68.26207772415557
97
1
330

75
0
76
1
47
0.4128176842155181
98
1
10
34.90568961886538
20
22.81183545379326
450
0
451
0
460
0
461
0
452
1
462
1
453
2
463
0
63
5
421
255
463
1
63
7
421
16777215
470
LINEAR
1001
ACAD
1010
0
1020
0
1030
0
0
HATCH
5
c15
100
AcDbEntity
8
TopLayer
100
AcDbHatch
10
0
20
0
30
0
210
0
220
0
230
1
2
SOLID
70
1
71
0
91
1
92
7
72
0
73
1
93
4
10
39.39507239014483
20
69.16210312420628
10
40.89509779019568
20
69.16210312420628
10
40.89509779019568
20
68.26207772415557
10
39.39507239014483
20
68.26207772415557
97
1
330

75
0
76
1
47
0.4128176842155181
98
1
10
34.90568961886538
20
22.81183545379326
450
0
451
0
460
0
461
0
452
1
462
1
453
2
463
0
63
5
421
255
463
1
63
7
421
16777215
470
LINEAR
1001
ACAD
1010
0
1020
0
1030
0
0
HATCH
5
c18
100
AcDbEntity
8
TopSolderMaskLayer
100
AcDbHatch
10
0
20
0
30
0
210
0
220
0
230
1
2
SOLID
70
1
71
0
91
1
92
7
72
0
73
1
93
4
10
41.44506688669276
20
66.64038396248839
10
41.44506688669276
20
68.22376527405379
10
42.37510075364253
20
68.22376527405379
10
42.37510075364253
20
66.64038396248839
97
1
330

75
0
76
1
47
0.4128176842155181
98
1
10
34.90568961886538
20
22.81183545379326
450
0
451
0
460
0
461
0
452
1
462
1
453
2
463
0
63
5
421
255
463
1
63
7
421
16777215
470
LINEAR
1001
ACAD
1010
0
1020
0
1030
0
0
HATCH
5
c1b
100
AcDbEntity
8
TopPasteMaskLayer
100
AcDbHatch
10
0
20
0
30
0
210
0
220
0
230
1
2
SOLID
70
1
71
0
91
1
92
7
72
0
73
1
93
4
10
41.460071120142175
20
66.6820675641352
10
41.460071120142175
20
68.18209296418593
10
42.36009652019311
20
68.18209296418593
10
42.36009652019311
20
66.6820675641352
97
1
330

75
0
76
1
47
0.4128176842155181
98
1
10
34.90568961886538
20
22.81183545379326
450
0
451
0
460
0
461
0
452
1
462
1
453
2
463
0
63
5
421
255
463
1
63
7
421
16777215
470
LINEAR
1001
ACAD
1010
0
1020
0
1030
0
0
HATCH
5
c1e
100
AcDbEntity
8
TopLayer
100
AcDbHatch
10
0
20
0
30
0
210
0
220
0
230
1
2
SOLID
70
1
71
0
91
1
92
7
72
0
73
1
93
4
10
41.460071120142175
20
66.6820675641352
10
41.460071120142175
20
68.18209296418593
10
42.36009652019311
20
68.18209296418593
10
42.36009652019311
20
66.6820675641352
97
1
330

75
0
76
1
47
0.4128176842155181
98
1
10
34.90568961886538
20
22.81183545379326
450
0
451
0
460
0
461
0
452
1
462
1
453
2
463
0
63
5
421
255
463
1
63
7
421
16777215
470
LINEAR
1001
ACAD
1010
0
1020
0
1030
0
0
HATCH
5
c21
100
AcDbEntity
8
TopSolderMaskLayer
100
AcDbHatch
10
0
20
0
30
0
210
0
220
0
230
1
2
SOLID
70
1
71
0
91
1
92
7
72
0
73
1
93
4
10
42.71506942669794
20
66.64038396248839
10
42.71506942669794
20
68.22376527405379
10
43.64510329364771
20
68.22376527405379
10
43.64510329364771
20
66.64038396248839
97
1
330

75
0
76
1
47
0.4128176842155181
98
1
10
34.90568961886538
20
22.81183545379326
450
0
451
0
460
0
461
0
452
1
462
1
453
2
463
0
63
5
421
255
463
1
63
7
421
16777215
470
LINEAR
1001
ACAD
1010
0
1020
0
1030
0
0
HATCH
5
c24
100
AcDbEntity
8
TopPasteMaskLayer
100
AcDbHatch
10
0
20
0
30
0
210
0
220
0
230
1
2
SOLID
70
1
71
0
91
1
92
7
72
0
73
1
93
4
10
42.730073660147355
20
66.6820675641352
10
42.730073660147355
20
68.18209296418593
10
43.63009906019829
20
68.18209296418593
10
43.63009906019829
20
66.6820675641352
97
1
330

75
0
76
1
47
0.4128176842155181
98
1
10
34.90568961886538
20
22.81183545379326
450
0
451
0
460
0
461
0
452
1
462
1
453
2
463
0
63
5
421
255
463
1
63
7
421
16777215
470
LINEAR
1001
ACAD
1010
0
1020
0
1030
0
0
HATCH
5
c27
100
AcDbEntity
8
TopLayer
100
AcDbHatch
10
0
20
0
30
0
210
0
220
0
230
1
2
SOLID
70
1
71
0
91
1
92
7
72
0
73
1
93
4
10
42.730073660147355
20
66.6820675641352
10
42.730073660147355
20
68.18209296418593
10
43.63009906019829
20
68.18209296418593
10
43.63009906019829
20
66.6820675641352
97
1
330

75
0
76
1
47
0.4128176842155181
98
1
10
34.90568961886538
20
22.81183545379326
450
0
451
0
460
0
461
0
452
1
462
1
453
2
463
0
63
5
421
255
463
1
63
7
421
16777215
470
LINEAR
1001
ACAD
1010
0
1020
0
1030
0
0
HATCH
5
c2a
100
AcDbEntity
8
TopSolderMaskLayer
100
AcDbHatch
10
0
20
0
30
0
210
0
220
0
230
1
2
SOLID
70
1
71
0
91
1
92
7
72
0
73
1
93
4
10
43.98507196670289
20
66.64038396248839
10
43.98507196670289
20
68.22376527405379
10
44.91510583365266
20
68.22376527405379
10
44.91510583365266
20
66.64038396248839
97
1
330

75
0
76
1
47
0.4128176842155181
98
1
10
34.90568961886538
20
22.81183545379326
450
0
451
0
460
0
461
0
452
1
462
1
453
2
463
0
63
5
421
255
463
1
63
7
421
16777215
470
LINEAR
1001
ACAD
1010
0
1020
0
1030
0
0
HATCH
5
c2d
100
AcDbEntity
8
TopPasteMaskLayer
100
AcDbHatch
10
0
20
0
30
0
210
0
220
0
230
1
2
SOLID
70
1
71
0
91
1
92
7
72
0
73
1
93
4
10
44.00007620015231
20
66.6820675641352
10
44.00007620015231
20
68.18209296418593
10
44.90010160020324
20
68.18209296418593
10
44.90010160020324
20
66.6820675641352
97
1
330

75
0
76
1
47
0.4128176842155181
98
1
10
34.90568961886538
20
22.81183545379326
450
0
451
0
460
0
461
0
452
1
462
1
453
2
463
0
63
5
421
255
463
1
63
7
421
16777215
470
LINEAR
1001
ACAD
1010
0
1020
0
1030
0
0
HATCH
5
c30
100
AcDbEntity
8
TopLayer
100
AcDbHatch
10
0
20
0
30
0
210
0
220
0
230
1
2
SOLID
70
1
71
0
91
1
92
7
72
0
73
1
93
4
10
44.00007620015231
20
66.6820675641352
10
44.00007620015231
20
68.18209296418593
10
44.90010160020324
20
68.18209296418593
10
44.90010160020324
20
66.6820675641352
97
1
330

75
0
76
1
47
0.4128176842155181
98
1
10
34.90568961886538
20
22.81183545379326
450
0
451
0
460
0
461
0
452
1
462
1
453
2
463
0
63
5
421
255
463
1
63
7
421
16777215
470
LINEAR
1001
ACAD
1010
0
1020
0
1030
0
0
HATCH
5
c33
100
AcDbEntity
8
TopSolderMaskLayer
100
AcDbHatch
10
0
20
0
30
0
210
0
220
0
230
1
2
SOLID
70
1
71
0
91
1
92
7
72
0
73
1
93
4
10
45.25507450670807
20
66.64038396248839
10
45.25507450670807
20
68.22376527405379
10
46.18510837365784
20
68.22376527405379
10
46.18510837365784
20
66.64038396248839
97
1
330

75
0
76
1
47
0.4128176842155181
98
1
10
34.90568961886538
20
22.81183545379326
450
0
451
0
460
0
461
0
452
1
462
1
453
2
463
0
63
5
421
255
463
1
63
7
421
16777215
470
LINEAR
1001
ACAD
1010
0
1020
0
1030
0
0
HATCH
5
c36
100
AcDbEntity
8
TopPasteMaskLayer
100
AcDbHatch
10
0
20
0
30
0
210
0
220
0
230
1
2
SOLID
70
1
71
0
91
1
92
7
72
0
73
1
93
4
10
45.27007874015749
20
66.6820675641352
10
45.27007874015749
20
68.18209296418593
10
46.17010414020842
20
68.18209296418593
10
46.17010414020842
20
66.6820675641352
97
1
330

75
0
76
1
47
0.4128176842155181
98
1
10
34.90568961886538
20
22.81183545379326
450
0
451
0
460
0
461
0
452
1
462
1
453
2
463
0
63
5
421
255
463
1
63
7
421
16777215
470
LINEAR
1001
ACAD
1010
0
1020
0
1030
0
0
HATCH
5
c39
100
AcDbEntity
8
TopLayer
100
AcDbHatch
10
0
20
0
30
0
210
0
220
0
230
1
2
SOLID
70
1
71
0
91
1
92
7
72
0
73
1
93
4
10
45.27007874015749
20
66.6820675641352
10
45.27007874015749
20
68.18209296418593
10
46.17010414020842
20
68.18209296418593
10
46.17010414020842
20
66.6820675641352
97
1
330

75
0
76
1
47
0.4128176842155181
98
1
10
34.90568961886538
20
22.81183545379326
450
0
451
0
460
0
461
0
452
1
462
1
453
2
463
0
63
5
421
255
463
1
63
7
421
16777215
470
LINEAR
1001
ACAD
1010
0
1020
0
1030
0
0
HATCH
5
c3c
100
AcDbEntity
8
TopSolderMaskLayer
100
AcDbHatch
10
0
20
0
30
0
210
0
220
0
230
1
2
SOLID
70
1
71
0
91
1
92
7
72
0
73
1
93
4
10
46.52507704671302
20
66.64038396248839
10
46.52507704671302
20
68.22376527405379
10
47.45511091366279
20
68.22376527405379
10
47.45511091366279
20
66.64038396248839
97
1
330

75
0
76
1
47
0.4128176842155181
98
1
10
34.90568961886538
20
22.81183545379326
450
0
451
0
460
0
461
0
452
1
462
1
453
2
463
0
63
5
421
255
463
1
63
7
421
16777215
470
LINEAR
1001
ACAD
1010
0
1020
0
1030
0
0
HATCH
5
c3f
100
AcDbEntity
8
TopPasteMaskLayer
100
AcDbHatch
10
0
20
0
30
0
210
0
220
0
230
1
2
SOLID
70
1
71
0
91
1
92
7
72
0
73
1
93
4
10
46.54008128016244
20
66.6820675641352
10
46.54008128016244
20
68.18209296418593
10
47.440106680213376
20
68.18209296418593
10
47.440106680213376
20
66.6820675641352
97
1
330

75
0
76
1
47
0.4128176842155181
98
1
10
34.90568961886538
20
22.81183545379326
450
0
451
0
460
0
461
0
452
1
462
1
453
2
463
0
63
5
421
255
463
1
63
7
421
16777215
470
LINEAR
1001
ACAD
1010
0
1020
0
1030
0
0
HATCH
5
c42
100
AcDbEntity
8
TopLayer
100
AcDbHatch
10
0
20
0
30
0
210
0
220
0
230
1
2
SOLID
70
1
71
0
91
1
92
7
72
0
73
1
93
4
10
46.54008128016244
20
66.6820675641352
10
46.54008128016244
20
68.18209296418593
10
47.440106680213376
20
68.18209296418593
10
47.440106680213376
20
66.6820675641352
97
1
330

75
0
76
1
47
0.4128176842155181
98
1
10
34.90568961886538
20
22.81183545379326
450
0
451
0
460
0
461
0
452
1
462
1
453
2
463
0
63
5
421
255
463
1
63
7
421
16777215
470
LINEAR
1001
ACAD
1010
0
1020
0
1030
0
0
HATCH
5
c45
100
AcDbEntity
8
TopSolderMaskLayer
100
AcDbHatch
10
0
20
0
30
0
210
0
220
0
230
1
2
SOLID
70
1
71
0
91
1
92
7
72
0
73
1
93
4
10
47.7950795867182
20
66.64038396248839
10
47.7950795867182
20
68.22376527405379
10
48.72511345366797
20
68.22376527405379
10
48.72511345366797
20
66.64038396248839
97
1
330

75
0
76
1
47
0.4128176842155181
98
1
10
34.90568961886538
20
22.81183545379326
450
0
451
0
460
0
461
0
452
1
462
1
453
2
463
0
63
5
421
255
463
1
63
7
421
16777215
470
LINEAR
1001
ACAD
1010
0
1020
0
1030
0
0
HATCH
5
c48
100
AcDbEntity
8
TopPasteMaskLayer
100
AcDbHatch
10
0
20
0
30
0
210
0
220
0
230
1
2
SOLID
70
1
71
0
91
1
92
7
72
0
73
1
93
4
10
47.81008382016762
20
66.6820675641352
10
47.81008382016762
20
68.18209296418593
10
48.710109220218555
20
68.18209296418593
10
48.710109220218555
20
66.6820675641352
97
1
330

75
0
76
1
47
0.4128176842155181
98
1
10
34.90568961886538
20
22.81183545379326
450
0
451
0
460
0
461
0
452
1
462
1
453
2
463
0
63
5
421
255
463
1
63
7
421
16777215
470
LINEAR
1001
ACAD
1010
0
1020
0
1030
0
0
HATCH
5
c4b
100
AcDbEntity
8
TopLayer
100
AcDbHatch
10
0
20
0
30
0
210
0
220
0
230
1
2
SOLID
70
1
71
0
91
1
92
7
72
0
73
1
93
4
10
47.81008382016762
20
66.6820675641352
10
47.81008382016762
20
68.18209296418593
10
48.710109220218555
20
68.18209296418593
10
48.710109220218555
20
66.6820675641352
97
1
330

75
0
76
1
47
0.4128176842155181
98
1
10
34.90568961886538
20
22.81183545379326
450
0
451
0
460
0
461
0
452
1
462
1
453
2
463
0
63
5
421
255
463
1
63
7
421
16777215
470
LINEAR
1001
ACAD
1010
0
1020
0
1030
0
0
HATCH
5
c4e
100
AcDbEntity
8
TopSolderMaskLayer
100
AcDbHatch
10
0
20
0
30
0
210
0
220
0
230
1
2
SOLID
70
1
71
0
91
1
92
7
72
0
73
1
93
4
10
49.065082126723155
20
66.64038396248839
10
49.065082126723155
20
68.22376527405379
10
49.995115993672925
20
68.22376527405379
10
49.995115993672925
20
66.64038396248839
97
1
330

75
0
76
1
47
0.4128176842155181
98
1
10
34.90568961886538
20
22.81183545379326
450
0
451
0
460
0
461
0
452
1
462
1
453
2
463
0
63
5
421
255
463
1
63
7
421
16777215
470
LINEAR
1001
ACAD
1010
0
1020
0
1030
0
0
HATCH
5
c51
100
AcDbEntity
8
TopPasteMaskLayer
100
AcDbHatch
10
0
20
0
30
0
210
0
220
0
230
1
2
SOLID
70
1
71
0
91
1
92
7
72
0
73
1
93
4
10
49.08008636017257
20
66.6820675641352
10
49.08008636017257
20
68.18209296418593
10
49.98011176022351
20
68.18209296418593
10
49.98011176022351
20
66.6820675641352
97
1
330

75
0
76
1
47
0.4128176842155181
98
1
10
34.90568961886538
20
22.81183545379326
450
0
451
0
460
0
461
0
452
1
462
1
453
2
463
0
63
5
421
255
463
1
63
7
421
16777215
470
LINEAR
1001
ACAD
1010
0
1020
0
1030
0
0
HATCH
5
c54
100
AcDbEntity
8
TopLayer
100
AcDbHatch
10
0
20
0
30
0
210
0
220
0
230
1
2
SOLID
70
1
71
0
91
1
92
7
72
0
73
1
93
4
10
49.08008636017257
20
66.6820675641352
10
49.08008636017257
20
68.18209296418593
10
49.98011176022351
20
68.18209296418593
10
49.98011176022351
20
66.6820675641352
97
1
330

75
0
76
1
47
0.4128176842155181
98
1
10
34.90568961886538
20
22.81183545379326
450
0
451
0
460
0
461
0
452
1
462
1
453
2
463
0
63
5
421
255
463
1
63
7
421
16777215
470
LINEAR
1001
ACAD
1010
0
1020
0
1030
0
0
HATCH
5
c57
100
AcDbEntity
8
TopSolderMaskLayer
100
AcDbHatch
10
0
20
0
30
0
210
0
220
0
230
1
2
SOLID
70
1
71
0
91
1
92
7
72
0
73
1
93
4
10
50.335084666728335
20
66.64038396248839
10
50.335084666728335
20
68.22376527405379
10
51.265118533678105
20
68.22376527405379
10
51.265118533678105
20
66.64038396248839
97
1
330

75
0
76
1
47
0.4128176842155181
98
1
10
34.90568961886538
20
22.81183545379326
450
0
451
0
460
0
461
0
452
1
462
1
453
2
463
0
63
5
421
255
463
1
63
7
421
16777215
470
LINEAR
1001
ACAD
1010
0
1020
0
1030
0
0
HATCH
5
c5a
100
AcDbEntity
8
TopPasteMaskLayer
100
AcDbHatch
10
0
20
0
30
0
210
0
220
0
230
1
2
SOLID
70
1
71
0
91
1
92
7
72
0
73
1
93
4
10
50.35008890017775
20
66.6820675641352
10
50.35008890017775
20
68.18209296418593
10
51.25011430022869
20
68.18209296418593
10
51.25011430022869
20
66.6820675641352
97
1
330

75
0
76
1
47
0.4128176842155181
98
1
10
34.90568961886538
20
22.81183545379326
450
0
451
0
460
0
461
0
452
1
462
1
453
2
463
0
63
5
421
255
463
1
63
7
421
16777215
470
LINEAR
1001
ACAD
1010
0
1020
0
1030
0
0
HATCH
5
c5d
100
AcDbEntity
8
TopLayer
100
AcDbHatch
10
0
20
0
30
0
210
0
220
0
230
1
2
SOLID
70
1
71
0
91
1
92
7
72
0
73
1
93
4
10
50.35008890017775
20
66.6820675641352
10
50.35008890017775
20
68.18209296418593
10
51.25011430022869
20
68.18209296418593
10
51.25011430022869
20
66.6820675641352
97
1
330

75
0
76
1
47
0.4128176842155181
98
1
10
34.90568961886538
20
22.81183545379326
450
0
451
0
460
0
461
0
452
1
462
1
453
2
463
0
63
5
421
255
463
1
63
7
421
16777215
470
LINEAR
1001
ACAD
1010
0
1020
0
1030
0
0
HATCH
5
c60
100
AcDbEntity
8
TopSolderMaskLayer
100
AcDbHatch
10
0
20
0
30
0
210
0
220
0
230
1
2
SOLID
70
1
71
0
91
1
92
7
72
0
73
1
93
4
10
51.605087206733515
20
66.64038396248839
10
51.605087206733515
20
68.22376527405379
10
52.535121073683285
20
68.22376527405379
10
52.535121073683285
20
66.64038396248839
97
1
330

75
0
76
1
47
0.4128176842155181
98
1
10
34.90568961886538
20
22.81183545379326
450
0
451
0
460
0
461
0
452
1
462
1
453
2
463
0
63
5
421
255
463
1
63
7
421
16777215
470
LINEAR
1001
ACAD
1010
0
1020
0
1030
0
0
HATCH
5
c63
100
AcDbEntity
8
TopPasteMaskLayer
100
AcDbHatch
10
0
20
0
30
0
210
0
220
0
230
1
2
SOLID
70
1
71
0
91
1
92
7
72
0
73
1
93
4
10
51.62009144018293
20
66.6820675641352
10
51.62009144018293
20
68.18209296418593
10
52.52011684023387
20
68.18209296418593
10
52.52011684023387
20
66.6820675641352
97
1
330

75
0
76
1
47
0.4128176842155181
98
1
10
34.90568961886538
20
22.81183545379326
450
0
451
0
460
0
461
0
452
1
462
1
453
2
463
0
63
5
421
255
463
1
63
7
421
16777215
470
LINEAR
1001
ACAD
1010
0
1020
0
1030
0
0
HATCH
5
c66
100
AcDbEntity
8
TopLayer
100
AcDbHatch
10
0
20
0
30
0
210
0
220
0
230
1
2
SOLID
70
1
71
0
91
1
92
7
72
0
73
1
93
4
10
51.62009144018293
20
66.6820675641352
10
51.62009144018293
20
68.18209296418593
10
52.52011684023387
20
68.18209296418593
10
52.52011684023387
20
66.6820675641352
97
1
330

75
0
76
1
47
0.4128176842155181
98
1
10
34.90568961886538
20
22.81183545379326
450
0
451
0
460
0
461
0
452
1
462
1
453
2
463
0
63
5
421
255
463
1
63
7
421
16777215
470
LINEAR
1001
ACAD
1010
0
1020
0
1030
0
0
HATCH
5
c69
100
AcDbEntity
8
TopSolderMaskLayer
100
AcDbHatch
10
0
20
0
30
0
210
0
220
0
230
1
2
SOLID
70
1
71
0
91
1
92
7
72
0
73
1
93
4
10
52.87508974673847
20
66.64038396248839
10
52.87508974673847
20
68.22376527405379
10
53.80512361368824
20
68.22376527405379
10
53.80512361368824
20
66.64038396248839
97
1
330

75
0
76
1
47
0.4128176842155181
98
1
10
34.90568961886538
20
22.81183545379326
450
0
451
0
460
0
461
0
452
1
462
1
453
2
463
0
63
5
421
255
463
1
63
7
421
16777215
470
LINEAR
1001
ACAD
1010
0
1020
0
1030
0
0
HATCH
5
c6c
100
AcDbEntity
8
TopPasteMaskLayer
100
AcDbHatch
10
0
20
0
30
0
210
0
220
0
230
1
2
SOLID
70
1
71
0
91
1
92
7
72
0
73
1
93
4
10
52.890093980187885
20
66.6820675641352
10
52.890093980187885
20
68.18209296418593
10
53.79011938023882
20
68.18209296418593
10
53.79011938023882
20
66.6820675641352
97
1
330

75
0
76
1
47
0.4128176842155181
98
1
10
34.90568961886538
20
22.81183545379326
450
0
451
0
460
0
461
0
452
1
462
1
453
2
463
0
63
5
421
255
463
1
63
7
421
16777215
470
LINEAR
1001
ACAD
1010
0
1020
0
1030
0
0
HATCH
5
c6f
100
AcDbEntity
8
TopLayer
100
AcDbHatch
10
0
20
0
30
0
210
0
220
0
230
1
2
SOLID
70
1
71
0
91
1
92
7
72
0
73
1
93
4
10
52.890093980187885
20
66.6820675641352
10
52.890093980187885
20
68.18209296418593
10
53.79011938023882
20
68.18209296418593
10
53.79011938023882
20
66.6820675641352
97
1
330

75
0
76
1
47
0.4128176842155181
98
1
10
34.90568961886538
20
22.81183545379326
450
0
451
0
460
0
461
0
452
1
462
1
453
2
463
0
63
5
421
255
463
1
63
7
421
16777215
470
LINEAR
1001
ACAD
1010
0
1020
0
1030
0
0
HATCH
5
c72
100
AcDbEntity
8
TopSolderMaskLayer
100
AcDbHatch
10
0
20
0
30
0
210
0
220
0
230
1
2
SOLID
70
1
71
0
91
1
92
7
72
0
73
1
93
4
10
54.14509228674365
20
66.64038396248839
10
54.14509228674365
20
68.22376527405379
10
55.07512615369342
20
68.22376527405379
10
55.07512615369342
20
66.64038396248839
97
1
330

75
0
76
1
47
0.4128176842155181
98
1
10
34.90568961886538
20
22.81183545379326
450
0
451
0
460
0
461
0
452
1
462
1
453
2
463
0
63
5
421
255
463
1
63
7
421
16777215
470
LINEAR
1001
ACAD
1010
0
1020
0
1030
0
0
HATCH
5
c75
100
AcDbEntity
8
TopPasteMaskLayer
100
AcDbHatch
10
0
20
0
30
0
210
0
220
0
230
1
2
SOLID
70
1
71
0
91
1
92
7
72
0
73
1
93
4
10
54.160096520193065
20
66.6820675641352
10
54.160096520193065
20
68.18209296418593
10
55.060121920244
20
68.18209296418593
10
55.060121920244
20
66.6820675641352
97
1
330

75
0
76
1
47
0.4128176842155181
98
1
10
34.90568961886538
20
22.81183545379326
450
0
451
0
460
0
461
0
452
1
462
1
453
2
463
0
63
5
421
255
463
1
63
7
421
16777215
470
LINEAR
1001
ACAD
1010
0
1020
0
1030
0
0
HATCH
5
c78
100
AcDbEntity
8
TopLayer
100
AcDbHatch
10
0
20
0
30
0
210
0
220
0
230
1
2
SOLID
70
1
71
0
91
1
92
7
72
0
73
1
93
4
10
54.160096520193065
20
66.6820675641352
10
54.160096520193065
20
68.18209296418593
10
55.060121920244
20
68.18209296418593
10
55.060121920244
20
66.6820675641352
97
1
330

75
0
76
1
47
0.4128176842155181
98
1
10
34.90568961886538
20
22.81183545379326
450
0
451
0
460
0
461
0
452
1
462
1
453
2
463
0
63
5
421
255
463
1
63
7
421
16777215
470
LINEAR
1001
ACAD
1010
0
1020
0
1030
0
0
HATCH
5
c7b
100
AcDbEntity
8
TopSolderMaskLayer
100
AcDbHatch
10
0
20
0
30
0
210
0
220
0
230
1
2
SOLID
70
1
71
0
91
1
92
7
72
0
73
1
93
4
10
55.4150948267486
20
66.67043645700198
10
55.4150948267486
20
68.2538177685675
10
56.34512869369837
20
68.2538177685675
10
56.34512869369837
20
66.67043645700198
97
1
330

75
0
76
1
47
0.4128176842155181
98
1
10
34.90568961886538
20
22.81183545379326
450
0
451
0
460
0
461
0
452
1
462
1
453
2
463
0
63
5
421
255
463
1
63
7
421
16777215
470
LINEAR
1001
ACAD
1010
0
1020
0
1030
0
0
HATCH
5
c7e
100
AcDbEntity
8
TopPasteMaskLayer
100
AcDbHatch
10
0
20
0
30
0
210
0
220
0
230
1
2
SOLID
70
1
71
0
91
1
92
7
72
0
73
1
93
4
10
55.43009906019802
20
66.71211582423166
10
55.43009906019802
20
68.2121412242825
10
56.33012446024895
20
68.2121412242825
10
56.33012446024895
20
66.71211582423166
97
1
330

75
0
76
1
47
0.4128176842155181
98
1
10
34.90568961886538
20
22.81183545379326
450
0
451
0
460
0
461
0
452
1
462
1
453
2
463
0
63
5
421
255
463
1
63
7
421
16777215
470
LINEAR
1001
ACAD
1010
0
1020
0
1030
0
0
HATCH
5
c81
100
AcDbEntity
8
TopLayer
100
AcDbHatch
10
0
20
0
30
0
210
0
220
0
230
1
2
SOLID
70
1
71
0
91
1
92
7
72
0
73
1
93
4
10
55.43009906019802
20
66.71211582423166
10
55.43009906019802
20
68.2121412242825
10
56.33012446024895
20
68.2121412242825
10
56.33012446024895
20
66.71211582423166
97
1
330

75
0
76
1
47
0.4128176842155181
98
1
10
34.90568961886538
20
22.81183545379326
450
0
451
0
460
0
461
0
452
1
462
1
453
2
463
0
63
5
421
255
463
1
63
7
421
16777215
470
LINEAR
1001
ACAD
1010
0
1020
0
1030
0
0
HATCH
5
c84
100
AcDbEntity
8
TopSolderMaskLayer
100
AcDbHatch
10
0
20
0
30
0
210
0
220
0
230
1
2
SOLID
70
1
71
0
91
1
92
7
72
0
73
1
93
4
10
58.42012826993391
20
68.23707066840655
10
56.87008932297431
20
68.23707066840655
10
56.87008932297431
20
69.18711017995531
10
58.42012826993391
20
69.18711017995531
97
1
330

75
0
76
1
47
0.4128176842155181
98
1
10
34.90568961886538
20
22.81183545379326
450
0
451
0
460
0
461
0
452
1
462
1
453
2
463
0
63
5
421
255
463
1
63
7
421
16777215
470
LINEAR
1001
ACAD
1010
0
1020
0
1030
0
0
HATCH
5
c87
100
AcDbEntity
8
TopPasteMaskLayer
100
AcDbHatch
10
0
20
0
30
0
210
0
220
0
230
1
2
SOLID
70
1
71
0
91
1
92
7
72
0
73
1
93
4
10
58.39512319024652
20
68.26207772415557
10
56.89509779019568
20
68.26207772415557
10
56.89509779019568
20
69.16210312420628
10
58.39512319024652
20
69.16210312420628
97
1
330

75
0
76
1
47
0.4128176842155181
98
1
10
34.90568961886538
20
22.81183545379326
450
0
451
0
460
0
461
0
452
1
462
1
453
2
463
0
63
5
421
255
463
1
63
7
421
16777215
470
LINEAR
1001
ACAD
1010
0
1020
0
1030
0
0
HATCH
5
c8a
100
AcDbEntity
8
TopLayer
100
AcDbHatch
10
0
20
0
30
0
210
0
220
0
230
1
2
SOLID
70
1
71
0
91
1
92
7
72
0
73
1
93
4
10
58.39512319024652
20
68.26207772415557
10
56.89509779019568
20
68.26207772415557
10
56.89509779019568
20
69.16210312420628
10
58.39512319024652
20
69.16210312420628
97
1
330

75
0
76
1
47
0.4128176842155181
98
1
10
34.90568961886538
20
22.81183545379326
450
0
451
0
460
0
461
0
452
1
462
1
453
2
463
0
63
5
421
255
463
1
63
7
421
16777215
470
LINEAR
1001
ACAD
1010
0
1020
0
1030
0
0
HATCH
5
c8d
100
AcDbEntity
8
TopSolderMaskLayer
100
AcDbHatch
10
0
20
0
30
0
210
0
220
0
230
1
2
SOLID
70
1
71
0
91
1
92
7
72
0
73
1
93
4
10
58.42012826993391
20
69.50707320841173
10
56.87008932297431
20
69.50707320841173
10
56.87008932297431
20
70.45711271996038
10
58.42012826993391
20
70.45711271996038
97
1
330

75
0
76
1
47
0.4128176842155181
98
1
10
34.90568961886538
20
22.81183545379326
450
0
451
0
460
0
461
0
452
1
462
1
453
2
463
0
63
5
421
255
463
1
63
7
421
16777215
470
LINEAR
1001
ACAD
1010
0
1020
0
1030
0
0
HATCH
5
c90
100
AcDbEntity
8
TopPasteMaskLayer
100
AcDbHatch
10
0
20
0
30
0
210
0
220
0
230
1
2
SOLID
70
1
71
0
91
1
92
7
72
0
73
1
93
4
10
58.39512319024652
20
69.53208026416064
10
56.89509779019568
20
69.53208026416064
10
56.89509779019568
20
70.43210566421146
10
58.39512319024652
20
70.43210566421146
97
1
330

75
0
76
1
47
0.4128176842155181
98
1
10
34.90568961886538
20
22.81183545379326
450
0
451
0
460
0
461
0
452
1
462
1
453
2
463
0
63
5
421
255
463
1
63
7
421
16777215
470
LINEAR
1001
ACAD
1010
0
1020
0
1030
0
0
HATCH
5
c93
100
AcDbEntity
8
TopLayer
100
AcDbHatch
10
0
20
0
30
0
210
0
220
0
230
1
2
SOLID
70
1
71
0
91
1
92
7
72
0
73
1
93
4
10
58.39512319024652
20
69.53208026416064
10
56.89509779019568
20
69.53208026416064
10
56.89509779019568
20
70.43210566421146
10
58.39512319024652
20
70.43210566421146
97
1
330

75
0
76
1
47
0.4128176842155181
98
1
10
34.90568961886538
20
22.81183545379326
450
0
451
0
460
0
461
0
452
1
462
1
453
2
463
0
63
5
421
255
463
1
63
7
421
16777215
470
LINEAR
1001
ACAD
1010
0
1020
0
1030
0
0
HATCH
5
c96
100
AcDbEntity
8
TopSolderMaskLayer
100
AcDbHatch
10
0
20
0
30
0
210
0
220
0
230
1
2
SOLID
70
1
71
0
91
1
92
7
72
0
73
1
93
4
10
58.42012826993391
20
70.77707574841679
10
56.87008932297431
20
70.77707574841679
10
56.87008932297431
20
71.72711525996544
10
58.42012826993391
20
71.72711525996544
97
1
330

75
0
76
1
47
0.4128176842155181
98
1
10
34.90568961886538
20
22.81183545379326
450
0
451
0
460
0
461
0
452
1
462
1
453
2
463
0
63
5
421
255
463
1
63
7
421
16777215
470
LINEAR
1001
ACAD
1010
0
1020
0
1030
0
0
HATCH
5
c99
100
AcDbEntity
8
TopPasteMaskLayer
100
AcDbHatch
10
0
20
0
30
0
210
0
220
0
230
1
2
SOLID
70
1
71
0
91
1
92
7
72
0
73
1
93
4
10
58.39512319024652
20
70.8020828041657
10
56.89509779019568
20
70.8020828041657
10
56.89509779019568
20
71.70210820421653
10
58.39512319024652
20
71.70210820421653
97
1
330

75
0
76
1
47
0.4128176842155181
98
1
10
34.90568961886538
20
22.81183545379326
450
0
451
0
460
0
461
0
452
1
462
1
453
2
463
0
63
5
421
255
463
1
63
7
421
16777215
470
LINEAR
1001
ACAD
1010
0
1020
0
1030
0
0
HATCH
5
c9c
100
AcDbEntity
8
TopLayer
100
AcDbHatch
10
0
20
0
30
0
210
0
220
0
230
1
2
SOLID
70
1
71
0
91
1
92
7
72
0
73
1
93
4
10
58.39512319024652
20
70.8020828041657
10
56.89509779019568
20
70.8020828041657
10
56.89509779019568
20
71.70210820421653
10
58.39512319024652
20
71.70210820421653
97
1
330

75
0
76
1
47
0.4128176842155181
98
1
10
34.90568961886538
20
22.81183545379326
450
0
451
0
460
0
461
0
452
1
462
1
453
2
463
0
63
5
421
255
463
1
63
7
421
16777215
470
LINEAR
1001
ACAD
1010
0
1020
0
1030
0
0
HATCH
5
c9f
100
AcDbEntity
8
TopSolderMaskLayer
100
AcDbHatch
10
0
20
0
30
0
210
0
220
0
230
1
2
SOLID
70
1
71
0
91
1
92
7
72
0
73
1
93
4
10
58.42012826993391
20
72.04707828842186
10
56.87008932297431
20
72.04707828842186
10
56.87008932297431
20
72.99711779997051
10
58.42012826993391
20
72.99711779997051
97
1
330

75
0
76
1
47
0.4128176842155181
98
1
10
34.90568961886538
20
22.81183545379326
450
0
451
0
460
0
461
0
452
1
462
1
453
2
463
0
63
5
421
255
463
1
63
7
421
16777215
470
LINEAR
1001
ACAD
1010
0
1020
0
1030
0
0
HATCH
5
ca2
100
AcDbEntity
8
TopPasteMaskLayer
100
AcDbHatch
10
0
20
0
30
0
210
0
220
0
230
1
2
SOLID
70
1
71
0
91
1
92
7
72
0
73
1
93
4
10
58.39512319024652
20
72.07208534417077
10
56.89509779019568
20
72.07208534417077
10
56.89509779019568
20
72.9721107442216
10
58.39512319024652
20
72.9721107442216
97
1
330

75
0
76
1
47
0.4128176842155181
98
1
10
34.90568961886538
20
22.81183545379326
450
0
451
0
460
0
461
0
452
1
462
1
453
2
463
0
63
5
421
255
463
1
63
7
421
16777215
470
LINEAR
1001
ACAD
1010
0
1020
0
1030
0
0
HATCH
5
ca5
100
AcDbEntity
8
TopLayer
100
AcDbHatch
10
0
20
0
30
0
210
0
220
0
230
1
2
SOLID
70
1
71
0
91
1
92
7
72
0
73
1
93
4
10
58.39512319024652
20
72.07208534417077
10
56.89509779019568
20
72.07208534417077
10
56.89509779019568
20
72.9721107442216
10
58.39512319024652
20
72.9721107442216
97
1
330

75
0
76
1
47
0.4128176842155181
98
1
10
34.90568961886538
20
22.81183545379326
450
0
451
0
460
0
461
0
452
1
462
1
453
2
463
0
63
5
421
255
463
1
63
7
421
16777215
470
LINEAR
1001
ACAD
1010
0
1020
0
1030
0
0
HATCH
5
ca8
100
AcDbEntity
8
TopSolderMaskLayer
100
AcDbHatch
10
0
20
0
30
0
210
0
220
0
230
1
2
SOLID
70
1
71
0
91
1
92
7
72
0
73
1
93
4
10
58.42012826993391
20
73.31708082842692
10
56.87008932297431
20
73.31708082842692
10
56.87008932297431
20
74.26712033997558
10
58.42012826993391
20
74.26712033997558
97
1
330

75
0
76
1
47
0.4128176842155181
98
1
10
34.90568961886538
20
22.81183545379326
450
0
451
0
460
0
461
0
452
1
462
1
453
2
463
0
63
5
421
255
463
1
63
7
421
16777215
470
LINEAR
1001
ACAD
1010
0
1020
0
1030
0
0
HATCH
5
cab
100
AcDbEntity
8
TopPasteMaskLayer
100
AcDbHatch
10
0
20
0
30
0
210
0
220
0
230
1
2
SOLID
70
1
71
0
91
1
92
7
72
0
73
1
93
4
10
58.39512319024652
20
73.34208788417584
10
56.89509779019568
20
73.34208788417584
10
56.89509779019568
20
74.24211328422666
10
58.39512319024652
20
74.24211328422666
97
1
330

75
0
76
1
47
0.4128176842155181
98
1
10
34.90568961886538
20
22.81183545379326
450
0
451
0
460
0
461
0
452
1
462
1
453
2
463
0
63
5
421
255
463
1
63
7
421
16777215
470
LINEAR
1001
ACAD
1010
0
1020
0
1030
0
0
HATCH
5
cae
100
AcDbEntity
8
TopLayer
100
AcDbHatch
10
0
20
0
30
0
210
0
220
0
230
1
2
SOLID
70
1
71
0
91
1
92
7
72
0
73
1
93
4
10
58.39512319024652
20
73.34208788417584
10
56.89509779019568
20
73.34208788417584
10
56.89509779019568
20
74.24211328422666
10
58.39512319024652
20
74.24211328422666
97
1
330

75
0
76
1
47
0.4128176842155181
98
1
10
34.90568961886538
20
22.81183545379326
450
0
451
0
460
0
461
0
452
1
462
1
453
2
463
0
63
5
421
255
463
1
63
7
421
16777215
470
LINEAR
1001
ACAD
1010
0
1020
0
1030
0
0
HATCH
5
cb1
100
AcDbEntity
8
TopSolderMaskLayer
100
AcDbHatch
10
0
20
0
30
0
210
0
220
0
230
1
2
SOLID
70
1
71
0
91
1
92
7
72
0
73
1
93
4
10
58.42012826993391
20
74.58708336843199
10
56.87008932297431
20
74.58708336843199
10
56.87008932297431
20
75.53712287998064
10
58.42012826993391
20
75.53712287998064
97
1
330

75
0
76
1
47
0.4128176842155181
98
1
10
34.90568961886538
20
22.81183545379326
450
0
451
0
460
0
461
0
452
1
462
1
453
2
463
0
63
5
421
255
463
1
63
7
421
16777215
470
LINEAR
1001
ACAD
1010
0
1020
0
1030
0
0
HATCH
5
cb4
100
AcDbEntity
8
TopPasteMaskLayer
100
AcDbHatch
10
0
20
0
30
0
210
0
220
0
230
1
2
SOLID
70
1
71
0
91
1
92
7
72
0
73
1
93
4
10
58.39512319024652
20
74.6120904241809
10
56.89509779019568
20
74.6120904241809
10
56.89509779019568
20
75.51211582423173
10
58.39512319024652
20
75.51211582423173
97
1
330

75
0
76
1
47
0.4128176842155181
98
1
10
34.90568961886538
20
22.81183545379326
450
0
451
0
460
0
461
0
452
1
462
1
453
2
463
0
63
5
421
255
463
1
63
7
421
16777215
470
LINEAR
1001
ACAD
1010
0
1020
0
1030
0
0
HATCH
5
cb7
100
AcDbEntity
8
TopLayer
100
AcDbHatch
10
0
20
0
30
0
210
0
220
0
230
1
2
SOLID
70
1
71
0
91
1
92
7
72
0
73
1
93
4
10
58.39512319024652
20
74.6120904241809
10
56.89509779019568
20
74.6120904241809
10
56.89509779019568
20
75.51211582423173
10
58.39512319024652
20
75.51211582423173
97
1
330

75
0
76
1
47
0.4128176842155181
98
1
10
34.90568961886538
20
22.81183545379326
450
0
451
0
460
0
461
0
452
1
462
1
453
2
463
0
63
5
421
255
463
1
63
7
421
16777215
470
LINEAR
1001
ACAD
1010
0
1020
0
1030
0
0
HATCH
5
cba
100
AcDbEntity
8
TopSolderMaskLayer
100
AcDbHatch
10
0
20
0
30
0
210
0
220
0
230
1
2
SOLID
70
1
71
0
91
1
92
7
72
0
73
1
93
4
10
58.42012826993391
20
75.85708590843706
10
56.87008932297431
20
75.85708590843706
10
56.87008932297431
20
76.80712541998571
10
58.42012826993391
20
76.80712541998571
97
1
330

75
0
76
1
47
0.4128176842155181
98
1
10
34.90568961886538
20
22.81183545379326
450
0
451
0
460
0
461
0
452
1
462
1
453
2
463
0
63
5
421
255
463
1
63
7
421
16777215
470
LINEAR
1001
ACAD
1010
0
1020
0
1030
0
0
HATCH
5
cbd
100
AcDbEntity
8
TopPasteMaskLayer
100
AcDbHatch
10
0
20
0
30
0
210
0
220
0
230
1
2
SOLID
70
1
71
0
91
1
92
7
72
0
73
1
93
4
10
58.39512319024652
20
75.88209296418597
10
56.89509779019568
20
75.88209296418597
10
56.89509779019568
20
76.7821183642368
10
58.39512319024652
20
76.7821183642368
97
1
330

75
0
76
1
47
0.4128176842155181
98
1
10
34.90568961886538
20
22.81183545379326
450
0
451
0
460
0
461
0
452
1
462
1
453
2
463
0
63
5
421
255
463
1
63
7
421
16777215
470
LINEAR
1001
ACAD
1010
0
1020
0
1030
0
0
HATCH
5
cc0
100
AcDbEntity
8
TopLayer
100
AcDbHatch
10
0
20
0
30
0
210
0
220
0
230
1
2
SOLID
70
1
71
0
91
1
92
7
72
0
73
1
93
4
10
58.39512319024652
20
75.88209296418597
10
56.89509779019568
20
75.88209296418597
10
56.89509779019568
20
76.7821183642368
10
58.39512319024652
20
76.7821183642368
97
1
330

75
0
76
1
47
0.4128176842155181
98
1
10
34.90568961886538
20
22.81183545379326
450
0
451
0
460
0
461
0
452
1
462
1
453
2
463
0
63
5
421
255
463
1
63
7
421
16777215
470
LINEAR
1001
ACAD
1010
0
1020
0
1030
0
0
HATCH
5
cc3
100
AcDbEntity
8
TopSolderMaskLayer
100
AcDbHatch
10
0
20
0
30
0
210
0
220
0
230
1
2
SOLID
70
1
71
0
91
1
92
7
72
0
73
1
93
4
10
58.42012826993391
20
77.12708844844212
10
56.87008932297431
20
77.12708844844212
10
56.87008932297431
20
78.07712795999078
10
58.42012826993391
20
78.07712795999078
97
1
330

75
0
76
1
47
0.4128176842155181
98
1
10
34.90568961886538
20
22.81183545379326
450
0
451
0
460
0
461
0
452
1
462
1
453
2
463
0
63
5
421
255
463
1
63
7
421
16777215
470
LINEAR
1001
ACAD
1010
0
1020
0
1030
0
0
HATCH
5
cc6
100
AcDbEntity
8
TopPasteMaskLayer
100
AcDbHatch
10
0
20
0
30
0
210
0
220
0
230
1
2
SOLID
70
1
71
0
91
1
92
7
72
0
73
1
93
4
10
58.39512319024652
20
77.15209550419104
10
56.89509779019568
20
77.15209550419104
10
56.89509779019568
20
78.05212090424186
10
58.39512319024652
20
78.05212090424186
97
1
330

75
0
76
1
47
0.4128176842155181
98
1
10
34.90568961886538
20
22.81183545379326
450
0
451
0
460
0
461
0
452
1
462
1
453
2
463
0
63
5
421
255
463
1
63
7
421
16777215
470
LINEAR
1001
ACAD
1010
0
1020
0
1030
0
0
HATCH
5
cc9
100
AcDbEntity
8
TopLayer
100
AcDbHatch
10
0
20
0
30
0
210
0
220
0
230
1
2
SOLID
70
1
71
0
91
1
92
7
72
0
73
1
93
4
10
58.39512319024652
20
77.15209550419104
10
56.89509779019568
20
77.15209550419104
10
56.89509779019568
20
78.05212090424186
10
58.39512319024652
20
78.05212090424186
97
1
330

75
0
76
1
47
0.4128176842155181
98
1
10
34.90568961886538
20
22.81183545379326
450
0
451
0
460
0
461
0
452
1
462
1
453
2
463
0
63
5
421
255
463
1
63
7
421
16777215
470
LINEAR
1001
ACAD
1010
0
1020
0
1030
0
0
HATCH
5
ccc
100
AcDbEntity
8
TopSolderMaskLayer
100
AcDbHatch
10
0
20
0
30
0
210
0
220
0
230
1
2
SOLID
70
1
71
0
91
1
92
7
72
0
73
1
93
4
10
58.42012826993391
20
78.39709098844719
10
56.87008932297431
20
78.39709098844719
10
56.87008932297431
20
79.34713049999584
10
58.42012826993391
20
79.34713049999584
97
1
330

75
0
76
1
47
0.4128176842155181
98
1
10
34.90568961886538
20
22.81183545379326
450
0
451
0
460
0
461
0
452
1
462
1
453
2
463
0
63
5
421
255
463
1
63
7
421
16777215
470
LINEAR
1001
ACAD
1010
0
1020
0
1030
0
0
HATCH
5
ccf
100
AcDbEntity
8
TopPasteMaskLayer
100
AcDbHatch
10
0
20
0
30
0
210
0
220
0
230
1
2
SOLID
70
1
71
0
91
1
92
7
72
0
73
1
93
4
10
58.39512319024652
20
78.42209804419622
10
56.89509779019568
20
78.42209804419622
10
56.89509779019568
20
79.32212344424693
10
58.39512319024652
20
79.32212344424693
97
1
330

75
0
76
1
47
0.4128176842155181
98
1
10
34.90568961886538
20
22.81183545379326
450
0
451
0
460
0
461
0
452
1
462
1
453
2
463
0
63
5
421
255
463
1
63
7
421
16777215
470
LINEAR
1001
ACAD
1010
0
1020
0
1030
0
0
HATCH
5
cd2
100
AcDbEntity
8
TopLayer
100
AcDbHatch
10
0
20
0
30
0
210
0
220
0
230
1
2
SOLID
70
1
71
0
91
1
92
7
72
0
73
1
93
4
10
58.39512319024652
20
78.42209804419622
10
56.89509779019568
20
78.42209804419622
10
56.89509779019568
20
79.32212344424693
10
58.39512319024652
20
79.32212344424693
97
1
330

75
0
76
1
47
0.4128176842155181
98
1
10
34.90568961886538
20
22.81183545379326
450
0
451
0
460
0
461
0
452
1
462
1
453
2
463
0
63
5
421
255
463
1
63
7
421
16777215
470
LINEAR
1001
ACAD
1010
0
1020
0
1030
0
0
HATCH
5
cd5
100
AcDbEntity
8
TopSolderMaskLayer
100
AcDbHatch
10
0
20
0
30
0
210
0
220
0
230
1
2
SOLID
70
1
71
0
91
1
92
7
72
0
73
1
93
4
10
58.42012826993391
20
79.66709352845237
10
56.87008932297431
20
79.66709352845237
10
56.87008932297431
20
80.61713304000102
10
58.42012826993391
20
80.61713304000102
97
1
330

75
0
76
1
47
0.4128176842155181
98
1
10
34.90568961886538
20
22.81183545379326
450
0
451
0
460
0
461
0
452
1
462
1
453
2
463
0
63
5
421
255
463
1
63
7
421
16777215
470
LINEAR
1001
ACAD
1010
0
1020
0
1030
0
0
HATCH
5
cd8
100
AcDbEntity
8
TopPasteMaskLayer
100
AcDbHatch
10
0
20
0
30
0
210
0
220
0
230
1
2
SOLID
70
1
71
0
91
1
92
7
72
0
73
1
93
4
10
58.39512319024652
20
79.69210058420128
10
56.89509779019568
20
79.69210058420128
10
56.89509779019568
20
80.592125984252
10
58.39512319024652
20
80.592125984252
97
1
330

75
0
76
1
47
0.4128176842155181
98
1
10
34.90568961886538
20
22.81183545379326
450
0
451
0
460
0
461
0
452
1
462
1
453
2
463
0
63
5
421
255
463
1
63
7
421
16777215
470
LINEAR
1001
ACAD
1010
0
1020
0
1030
0
0
HATCH
5
cdb
100
AcDbEntity
8
TopLayer
100
AcDbHatch
10
0
20
0
30
0
210
0
220
0
230
1
2
SOLID
70
1
71
0
91
1
92
7
72
0
73
1
93
4
10
58.39512319024652
20
79.69210058420128
10
56.89509779019568
20
79.69210058420128
10
56.89509779019568
20
80.592125984252
10
58.39512319024652
20
80.592125984252
97
1
330

75
0
76
1
47
0.4128176842155181
98
1
10
34.90568961886538
20
22.81183545379326
450
0
451
0
460
0
461
0
452
1
462
1
453
2
463
0
63
5
421
255
463
1
63
7
421
16777215
470
LINEAR
1001
ACAD
1010
0
1020
0
1030
0
0
HATCH
5
cde
100
AcDbEntity
8
TopSolderMaskLayer
100
AcDbHatch
10
0
20
0
30
0
210
0
220
0
230
1
2
SOLID
70
1
71
0
91
1
92
7
72
0
73
1
93
4
10
58.42012826993391
20
80.93709606845744
10
56.87008932297431
20
80.93709606845744
10
56.87008932297431
20
81.88713558000609
10
58.42012826993391
20
81.88713558000609
97
1
330

75
0
76
1
47
0.4128176842155181
98
1
10
34.90568961886538
20
22.81183545379326
450
0
451
0
460
0
461
0
452
1
462
1
453
2
463
0
63
5
421
255
463
1
63
7
421
16777215
470
LINEAR
1001
ACAD
1010
0
1020
0
1030
0
0
HATCH
5
ce1
100
AcDbEntity
8
TopPasteMaskLayer
100
AcDbHatch
10
0
20
0
30
0
210
0
220
0
230
1
2
SOLID
70
1
71
0
91
1
92
7
72
0
73
1
93
4
10
58.39512319024652
20
80.96210312420635
10
56.89509779019568
20
80.96210312420635
10
56.89509779019568
20
81.86212852425717
10
58.39512319024652
20
81.86212852425717
97
1
330

75
0
76
1
47
0.4128176842155181
98
1
10
34.90568961886538
20
22.81183545379326
450
0
451
0
460
0
461
0
452
1
462
1
453
2
463
0
63
5
421
255
463
1
63
7
421
16777215
470
LINEAR
1001
ACAD
1010
0
1020
0
1030
0
0
HATCH
5
ce4
100
AcDbEntity
8
TopLayer
100
AcDbHatch
10
0
20
0
30
0
210
0
220
0
230
1
2
SOLID
70
1
71
0
91
1
92
7
72
0
73
1
93
4
10
58.39512319024652
20
80.96210312420635
10
56.89509779019568
20
80.96210312420635
10
56.89509779019568
20
81.86212852425717
10
58.39512319024652
20
81.86212852425717
97
1
330

75
0
76
1
47
0.4128176842155181
98
1
10
34.90568961886538
20
22.81183545379326
450
0
451
0
460
0
461
0
452
1
462
1
453
2
463
0
63
5
421
255
463
1
63
7
421
16777215
470
LINEAR
1001
ACAD
1010
0
1020
0
1030
0
0
HATCH
5
ce7
100
AcDbEntity
8
TopSolderMaskLayer
100
AcDbHatch
10
0
20
0
30
0
210
0
220
0
230
1
2
SOLID
70
1
71
0
91
1
92
7
72
0
73
1
93
4
10
58.42012826993391
20
82.2070986084625
10
56.87008932297431
20
82.2070986084625
10
56.87008932297431
20
83.15713812001115
10
58.42012826993391
20
83.15713812001115
97
1
330

75
0
76
1
47
0.4128176842155181
98
1
10
34.90568961886538
20
22.81183545379326
450
0
451
0
460
0
461
0
452
1
462
1
453
2
463
0
63
5
421
255
463
1
63
7
421
16777215
470
LINEAR
1001
ACAD
1010
0
1020
0
1030
0
0
HATCH
5
cea
100
AcDbEntity
8
TopPasteMaskLayer
100
AcDbHatch
10
0
20
0
30
0
210
0
220
0
230
1
2
SOLID
70
1
71
0
91
1
92
7
72
0
73
1
93
4
10
58.39512319024652
20
82.23210566421142
10
56.89509779019568
20
82.23210566421142
10
56.89509779019568
20
83.13213106426224
10
58.39512319024652
20
83.13213106426224
97
1
330

75
0
76
1
47
0.4128176842155181
98
1
10
34.90568961886538
20
22.81183545379326
450
0
451
0
460
0
461
0
452
1
462
1
453
2
463
0
63
5
421
255
463
1
63
7
421
16777215
470
LINEAR
1001
ACAD
1010
0
1020
0
1030
0
0
HATCH
5
ced
100
AcDbEntity
8
TopLayer
100
AcDbHatch
10
0
20
0
30
0
210
0
220
0
230
1
2
SOLID
70
1
71
0
91
1
92
7
72
0
73
1
93
4
10
58.39512319024652
20
82.23210566421142
10
56.89509779019568
20
82.23210566421142
10
56.89509779019568
20
83.13213106426224
10
58.39512319024652
20
83.13213106426224
97
1
330

75
0
76
1
47
0.4128176842155181
98
1
10
34.90568961886538
20
22.81183545379326
450
0
451
0
460
0
461
0
452
1
462
1
453
2
463
0
63
5
421
255
463
1
63
7
421
16777215
470
LINEAR
1001
ACAD
1010
0
1020
0
1030
0
0
HATCH
5
cf0
100
AcDbEntity
8
TopSolderMaskLayer
100
AcDbHatch
10
0
20
0
30
0
210
0
220
0
230
1
2
SOLID
70
1
71
0
91
1
92
7
72
0
73
1
93
4
10
58.42012826993391
20
83.47710114846757
10
56.87008932297431
20
83.47710114846757
10
56.87008932297431
20
84.42714066001622
10
58.42012826993391
20
84.42714066001622
97
1
330

75
0
76
1
47
0.4128176842155181
98
1
10
34.90568961886538
20
22.81183545379326
450
0
451
0
460
0
461
0
452
1
462
1
453
2
463
0
63
5
421
255
463
1
63
7
421
16777215
470
LINEAR
1001
ACAD
1010
0
1020
0
1030
0
0
HATCH
5
cf3
100
AcDbEntity
8
TopPasteMaskLayer
100
AcDbHatch
10
0
20
0
30
0
210
0
220
0
230
1
2
SOLID
70
1
71
0
91
1
92
7
72
0
73
1
93
4
10
58.39512319024652
20
83.50210820421648
10
56.89509779019568
20
83.50210820421648
10
56.89509779019568
20
84.4021336042673
10
58.39512319024652
20
84.4021336042673
97
1
330

75
0
76
1
47
0.4128176842155181
98
1
10
34.90568961886538
20
22.81183545379326
450
0
451
0
460
0
461
0
452
1
462
1
453
2
463
0
63
5
421
255
463
1
63
7
421
16777215
470
LINEAR
1001
ACAD
1010
0
1020
0
1030
0
0
HATCH
5
cf6
100
AcDbEntity
8
TopLayer
100
AcDbHatch
10
0
20
0
30
0
210
0
220
0
230
1
2
SOLID
70
1
71
0
91
1
92
7
72
0
73
1
93
4
10
58.39512319024652
20
83.50210820421648
10
56.89509779019568
20
83.50210820421648
10
56.89509779019568
20
84.4021336042673
10
58.39512319024652
20
84.4021336042673
97
1
330

75
0
76
1
47
0.4128176842155181
98
1
10
34.90568961886538
20
22.81183545379326
450
0
451
0
460
0
461
0
452
1
462
1
453
2
463
0
63
5
421
255
463
1
63
7
421
16777215
470
LINEAR
1001
ACAD
1010
0
1020
0
1030
0
0
HATCH
5
cf9
100
AcDbEntity
8
TopSolderMaskLayer
100
AcDbHatch
10
0
20
0
30
0
210
0
220
0
230
1
2
SOLID
70
1
71
0
91
1
92
7
72
0
73
1
93
4
10
58.42012826993391
20
84.74710368847263
10
56.87008932297431
20
84.74710368847263
10
56.87008932297431
20
85.69714320002129
10
58.42012826993391
20
85.69714320002129
97
1
330

75
0
76
1
47
0.4128176842155181
98
1
10
34.90568961886538
20
22.81183545379326
450
0
451
0
460
0
461
0
452
1
462
1
453
2
463
0
63
5
421
255
463
1
63
7
421
16777215
470
LINEAR
1001
ACAD
1010
0
1020
0
1030
0
0
HATCH
5
cfc
100
AcDbEntity
8
TopPasteMaskLayer
100
AcDbHatch
10
0
20
0
30
0
210
0
220
0
230
1
2
SOLID
70
1
71
0
91
1
92
7
72
0
73
1
93
4
10
58.39512319024652
20
84.77211074422155
10
56.89509779019568
20
84.77211074422155
10
56.89509779019568
20
85.67213614427237
10
58.39512319024652
20
85.67213614427237
97
1
330

75
0
76
1
47
0.4128176842155181
98
1
10
34.90568961886538
20
22.81183545379326
450
0
451
0
460
0
461
0
452
1
462
1
453
2
463
0
63
5
421
255
463
1
63
7
421
16777215
470
LINEAR
1001
ACAD
1010
0
1020
0
1030
0
0
HATCH
5
cff
100
AcDbEntity
8
TopLayer
100
AcDbHatch
10
0
20
0
30
0
210
0
220
0
230
1
2
SOLID
70
1
71
0
91
1
92
7
72
0
73
1
93
4
10
58.39512319024652
20
84.77211074422155
10
56.89509779019568
20
84.77211074422155
10
56.89509779019568
20
85.67213614427237
10
58.39512319024652
20
85.67213614427237
97
1
330

75
0
76
1
47
0.4128176842155181
98
1
10
34.90568961886538
20
22.81183545379326
450
0
451
0
460
0
461
0
452
1
462
1
453
2
463
0
63
5
421
255
463
1
63
7
421
16777215
470
LINEAR
1001
ACAD
1010
0
1020
0
1030
0
0
HATCH
5
d02
100
AcDbEntity
8
TopSolderMaskLayer
100
AcDbHatch
10
0
20
0
30
0
210
0
220
0
230
1
2
SOLID
70
1
71
0
91
1
92
7
72
0
73
1
93
4
10
46.91958415601425
20
77.02656486890032
10
46.91958415601425
20
77.97744547173681
10
47.870411091359756
20
77.97744547173681
10
47.870411091359756
20
77.02656486890032
97
1
330

75
0
76
1
47
0.4128176842155181
98
1
10
34.90568961886538
20
22.81183545379326
450
0
451
0
460
0
461
0
452
1
462
1
453
2
463
0
63
5
421
255
463
1
63
7
421
16777215
470
LINEAR
1001
ACAD
1010
0
1020
0
1030
0
0
HATCH
5
d05
100
AcDbEntity
8
TopPasteMaskLayer
100
AcDbHatch
10
0
20
0
30
0
210
0
220
0
230
1
2
SOLID
70
1
71
0
91
1
92
7
72
0
73
1
93
4
10
46.944983489966944
20
77.05196850393702
10
46.944983489966944
20
77.95204470408942
10
47.84500889001765
20
77.95204470408942
10
47.84500889001765
20
77.05196850393702
97
1
330

75
0
76
1
47
0.4128176842155181
98
1
10
34.90568961886538
20
22.81183545379326
450
0
451
0
460
0
461
0
452
1
462
1
453
2
463
0
63
5
421
255
463
1
63
7
421
16777215
470
LINEAR
1001
ACAD
1010
0
1020
0
1030
0
0
HATCH
5
d08
100
AcDbEntity
8
TopLayer
100
AcDbHatch
10
0
20
0
30
0
210
0
220
0
230
1
2
SOLID
70
1
71
0
91
1
92
7
72
0
73
1
93
4
10
46.944983489966944
20
77.05196850393702
10
46.944983489966944
20
77.95204470408942
10
47.84500889001765
20
77.95204470408942
10
47.84500889001765
20
77.05196850393702
97
1
330

75
0
76
1
47
0.4128176842155181
98
1
10
34.90568961886538
20
22.81183545379326
450
0
451
0
460
0
461
0
452
1
462
1
453
2
463
0
63
5
421
255
463
1
63
7
421
16777215
470
LINEAR
1001
ACAD
1010
0
1020
0
1030
0
0
HATCH
5
d0b
100
AcDbEntity
8
TopSolderMaskLayer
100
AcDbHatch
10
0
20
0
30
0
210
0
220
0
230
1
2
SOLID
70
1
71
0
91
1
92
7
72
0
73
1
93
4
10
45.5196138571489
20
77.02656486890032
10
45.5196138571489
20
77.97744547173681
10
46.47041395874908
20
77.97744547173681
10
46.47041395874908
20
77.02656486890032
97
1
330

75
0
76
1
47
0.4128176842155181
98
1
10
34.90568961886538
20
22.81183545379326
450
0
451
0
460
0
461
0
452
1
462
1
453
2
463
0
63
5
421
255
463
1
63
7
421
16777215
470
LINEAR
1001
ACAD
1010
0
1020
0
1030
0
0
HATCH
5
d0e
100
AcDbEntity
8
TopPasteMaskLayer
100
AcDbHatch
10
0
20
0
30
0
210
0
220
0
230
1
2
SOLID
70
1
71
0
91
1
92
7
72
0
73
1
93
4
10
45.5450088900177
20
77.05196850393702
10
45.5450088900177
20
77.95204470408942
10
46.44500889001779
20
77.95204470408942
10
46.44500889001779
20
77.05196850393702
97
1
330

75
0
76
1
47
0.4128176842155181
98
1
10
34.90568961886538
20
22.81183545379326
450
0
451
0
460
0
461
0
452
1
462
1
453
2
463
0
63
5
421
255
463
1
63
7
421
16777215
470
LINEAR
1001
ACAD
1010
0
1020
0
1030
0
0
HATCH
5
d11
100
AcDbEntity
8
TopLayer
100
AcDbHatch
10
0
20
0
30
0
210
0
220
0
230
1
2
SOLID
70
1
71
0
91
1
92
7
72
0
73
1
93
4
10
45.5450088900177
20
77.05196850393702
10
45.5450088900177
20
77.95204470408942
10
46.44500889001779
20
77.95204470408942
10
46.44500889001779
20
77.05196850393702
97
1
330

75
0
76
1
47
0.4128176842155181
98
1
10
34.90568961886538
20
22.81183545379326
450
0
451
0
460
0
461
0
452
1
462
1
453
2
463
0
63
5
421
255
463
1
63
7
421
16777215
470
LINEAR
1001
ACAD
1010
0
1020
0
1030
0
0
HATCH
5
d14
100
AcDbEntity
8
TopSolderMaskLayer
100
AcDbHatch
10
0
20
0
30
0
210
0
220
0
230
1
2
SOLID
70
1
71
0
91
1
92
7
72
0
73
1
93
4
10
48.31955445487961
20
77.02656486890032
10
48.31955445487961
20
77.97744547173681
10
49.270435057715986
20
77.97744547173681
10
49.270435057715986
20
77.02656486890032
97
1
330

75
0
76
1
47
0.4128176842155181
98
1
10
34.90568961886538
20
22.81183545379326
450
0
451
0
460
0
461
0
452
1
462
1
453
2
463
0
63
5
421
255
463
1
63
7
421
16777215
470
LINEAR
1001
ACAD
1010
0
1020
0
1030
0
0
HATCH
5
d17
100
AcDbEntity
8
TopPasteMaskLayer
100
AcDbHatch
10
0
20
0
30
0
210
0
220
0
230
1
2
SOLID
70
1
71
0
91
1
92
7
72
0
73
1
93
4
10
48.34495808991619
20
77.05196850393702
10
48.34495808991619
20
77.95204470408942
10
49.24503429006859
20
77.95204470408942
10
49.24503429006859
20
77.05196850393702
97
1
330

75
0
76
1
47
0.4128176842155181
98
1
10
34.90568961886538
20
22.81183545379326
450
0
451
0
460
0
461
0
452
1
462
1
453
2
463
0
63
5
421
255
463
1
63
7
421
16777215
470
LINEAR
1001
ACAD
1010
0
1020
0
1030
0
0
HATCH
5
d1a
100
AcDbEntity
8
TopLayer
100
AcDbHatch
10
0
20
0
30
0
210
0
220
0
230
1
2
SOLID
70
1
71
0
91
1
92
7
72
0
73
1
93
4
10
48.34495808991619
20
77.05196850393702
10
48.34495808991619
20
77.95204470408942
10
49.24503429006859
20
77.95204470408942
10
49.24503429006859
20
77.05196850393702
97
1
330

75
0
76
1
47
0.4128176842155181
98
1
10
34.90568961886538
20
22.81183545379326
450
0
451
0
460
0
461
0
452
1
462
1
453
2
463
0
63
5
421
255
463
1
63
7
421
16777215
470
LINEAR
1001
ACAD
1010
0
1020
0
1030
0
0
HATCH
5
d1d
100
AcDbEntity
8
TopSolderMaskLayer
100
AcDbHatch
10
0
20
0
30
0
210
0
220
0
230
1
2
SOLID
70
1
71
0
91
1
92
7
72
0
73
1
93
4
10
48.31955445487961
20
78.42658883525655
10
48.31955445487961
20
79.37741577060217
10
49.270435057715986
20
79.37741577060217
10
49.270435057715986
20
78.42658883525655
97
1
330

75
0
76
1
47
0.4128176842155181
98
1
10
34.90568961886538
20
22.81183545379326
450
0
451
0
460
0
461
0
452
1
462
1
453
2
463
0
63
5
421
255
463
1
63
7
421
16777215
470
LINEAR
1001
ACAD
1010
0
1020
0
1030
0
0
HATCH
5
d20
100
AcDbEntity
8
TopPasteMaskLayer
100
AcDbHatch
10
0
20
0
30
0
210
0
220
0
230
1
2
SOLID
70
1
71
0
91
1
92
7
72
0
73
1
93
4
10
48.34495808991619
20
78.45199390398784
10
48.34495808991619
20
79.35201930403866
10
49.24503429006859
20
79.35201930403866
10
49.24503429006859
20
78.45199390398784
97
1
330

75
0
76
1
47
0.4128176842155181
98
1
10
34.90568961886538
20
22.81183545379326
450
0
451
0
460
0
461
0
452
1
462
1
453
2
463
0
63
5
421
255
463
1
63
7
421
16777215
470
LINEAR
1001
ACAD
1010
0
1020
0
1030
0
0
HATCH
5
d23
100
AcDbEntity
8
TopLayer
100
AcDbHatch
10
0
20
0
30
0
210
0
220
0
230
1
2
SOLID
70
1
71
0
91
1
92
7
72
0
73
1
93
4
10
48.34495808991619
20
78.45199390398784
10
48.34495808991619
20
79.35201930403866
10
49.24503429006859
20
79.35201930403866
10
49.24503429006859
20
78.45199390398784
97
1
330

75
0
76
1
47
0.4128176842155181
98
1
10
34.90568961886538
20
22.81183545379326
450
0
451
0
460
0
461
0
452
1
462
1
453
2
463
0
63
5
421
255
463
1
63
7
421
16777215
470
LINEAR
1001
ACAD
1010
0
1020
0
1030
0
0
HATCH
5
d26
100
AcDbEntity
8
TopSolderMaskLayer
100
AcDbHatch
10
0
20
0
30
0
210
0
220
0
230
1
2
SOLID
70
1
71
0
91
1
92
7
72
0
73
1
93
4
10
46.91958415601425
20
78.42658883525655
10
46.91958415601425
20
79.37741577060217
10
47.870411091359756
20
79.37741577060217
10
47.870411091359756
20
78.42658883525655
97
1
330

75
0
76
1
47
0.4128176842155181
98
1
10
34.90568961886538
20
22.81183545379326
450
0
451
0
460
0
461
0
452
1
462
1
453
2
463
0
63
5
421
255
463
1
63
7
421
16777215
470
LINEAR
1001
ACAD
1010
0
1020
0
1030
0
0
HATCH
5
d29
100
AcDbEntity
8
TopPasteMaskLayer
100
AcDbHatch
10
0
20
0
30
0
210
0
220
0
230
1
2
SOLID
70
1
71
0
91
1
92
7
72
0
73
1
93
4
10
46.944983489966944
20
78.45199390398784
10
46.944983489966944
20
79.35201930403866
10
47.84500889001765
20
79.35201930403866
10
47.84500889001765
20
78.45199390398784
97
1
330

75
0
76
1
47
0.4128176842155181
98
1
10
34.90568961886538
20
22.81183545379326
450
0
451
0
460
0
461
0
452
1
462
1
453
2
463
0
63
5
421
255
463
1
63
7
421
16777215
470
LINEAR
1001
ACAD
1010
0
1020
0
1030
0
0
HATCH
5
d2c
100
AcDbEntity
8
TopLayer
100
AcDbHatch
10
0
20
0
30
0
210
0
220
0
230
1
2
SOLID
70
1
71
0
91
1
92
7
72
0
73
1
93
4
10
46.944983489966944
20
78.45199390398784
10
46.944983489966944
20
79.35201930403866
10
47.84500889001765
20
79.35201930403866
10
47.84500889001765
20
78.45199390398784
97
1
330

75
0
76
1
47
0.4128176842155181
98
1
10
34.90568961886538
20
22.81183545379326
450
0
451
0
460
0
461
0
452
1
462
1
453
2
463
0
63
5
421
255
463
1
63
7
421
16777215
470
LINEAR
1001
ACAD
1010
0
1020
0
1030
0
0
HATCH
5
d2f
100
AcDbEntity
8
TopSolderMaskLayer
100
AcDbHatch
10
0
20
0
30
0
210
0
220
0
230
1
2
SOLID
70
1
71
0
91
1
92
7
72
0
73
1
93
4
10
45.5196138571489
20
78.42658883525655
10
45.5196138571489
20
79.37741577060217
10
46.4704407924944
20
79.37741577060217
10
46.4704407924944
20
78.42658883525655
97
1
330

75
0
76
1
47
0.4128176842155181
98
1
10
34.90568961886538
20
22.81183545379326
450
0
451
0
460
0
461
0
452
1
462
1
453
2
463
0
63
5
421
255
463
1
63
7
421
16777215
470
LINEAR
1001
ACAD
1010
0
1020
0
1030
0
0
HATCH
5
d32
100
AcDbEntity
8
TopPasteMaskLayer
100
AcDbHatch
10
0
20
0
30
0
210
0
220
0
230
1
2
SOLID
70
1
71
0
91
1
92
7
72
0
73
1
93
4
10
45.5450088900177
20
78.45199390398784
10
45.5450088900177
20
79.35201930403866
10
46.445034290068406
20
79.35201930403866
10
46.445034290068406
20
78.45199390398784
97
1
330

75
0
76
1
47
0.4128176842155181
98
1
10
34.90568961886538
20
22.81183545379326
450
0
451
0
460
0
461
0
452
1
462
1
453
2
463
0
63
5
421
255
463
1
63
7
421
16777215
470
LINEAR
1001
ACAD
1010
0
1020
0
1030
0
0
HATCH
5
d35
100
AcDbEntity
8
TopLayer
100
AcDbHatch
10
0
20
0
30
0
210
0
220
0
230
1
2
SOLID
70
1
71
0
91
1
92
7
72
0
73
1
93
4
10
45.5450088900177
20
78.45199390398784
10
45.5450088900177
20
79.35201930403866
10
46.445034290068406
20
79.35201930403866
10
46.445034290068406
20
78.45199390398784
97
1
330

75
0
76
1
47
0.4128176842155181
98
1
10
34.90568961886538
20
22.81183545379326
450
0
451
0
460
0
461
0
452
1
462
1
453
2
463
0
63
5
421
255
463
1
63
7
421
16777215
470
LINEAR
1001
ACAD
1010
0
1020
0
1030
0
0
HATCH
5
d38
100
AcDbEntity
8
TopSolderMaskLayer
100
AcDbHatch
10
0
20
0
30
0
210
0
220
0
230
1
2
SOLID
70
1
71
0
91
1
92
7
72
0
73
1
93
4
10
45.5196138571489
20
75.62659457003508
10
45.5196138571489
20
76.57742150538058
10
46.4704407924944
20
76.57742150538058
10
46.4704407924944
20
75.62659457003508
97
1
330

75
0
76
1
47
0.4128176842155181
98
1
10
34.90568961886538
20
22.81183545379326
450
0
451
0
460
0
461
0
452
1
462
1
453
2
463
0
63
5
421
255
463
1
63
7
421
16777215
470
LINEAR
1001
ACAD
1010
0
1020
0
1030
0
0
HATCH
5
d3b
100
AcDbEntity
8
TopPasteMaskLayer
100
AcDbHatch
10
0
20
0
30
0
210
0
220
0
230
1
2
SOLID
70
1
71
0
91
1
92
7
72
0
73
1
93
4
10
45.5450088900177
20
75.65199390398789
10
45.5450088900177
20
76.5520193040386
10
46.445034290068406
20
76.5520193040386
10
46.445034290068406
20
75.65199390398789
97
1
330

75
0
76
1
47
0.4128176842155181
98
1
10
34.90568961886538
20
22.81183545379326
450
0
451
0
460
0
461
0
452
1
462
1
453
2
463
0
63
5
421
255
463
1
63
7
421
16777215
470
LINEAR
1001
ACAD
1010
0
1020
0
1030
0
0
HATCH
5
d3e
100
AcDbEntity
8
TopLayer
100
AcDbHatch
10
0
20
0
30
0
210
0
220
0
230
1
2
SOLID
70
1
71
0
91
1
92
7
72
0
73
1
93
4
10
45.5450088900177
20
75.65199390398789
10
45.5450088900177
20
76.5520193040386
10
46.445034290068406
20
76.5520193040386
10
46.445034290068406
20
75.65199390398789
97
1
330

75
0
76
1
47
0.4128176842155181
98
1
10
34.90568961886538
20
22.81183545379326
450
0
451
0
460
0
461
0
452
1
462
1
453
2
463
0
63
5
421
255
463
1
63
7
421
16777215
470
LINEAR
1001
ACAD
1010
0
1020
0
1030
0
0
HATCH
5
d41
100
AcDbEntity
8
TopSolderMaskLayer
100
AcDbHatch
10
0
20
0
30
0
210
0
220
0
230
1
2
SOLID
70
1
71
0
91
1
92
7
72
0
73
1
93
4
10
46.91958415601425
20
75.62648723505345
10
46.91958415601425
20
76.57731417039906
10
47.870411091359756
20
76.57731417039906
10
47.870411091359756
20
75.62648723505345
97
1
330

75
0
76
1
47
0.4128176842155181
98
1
10
34.90568961886538
20
22.81183545379326
450
0
451
0
460
0
461
0
452
1
462
1
453
2
463
0
63
5
421
255
463
1
63
7
421
16777215
470
LINEAR
1001
ACAD
1010
0
1020
0
1030
0
0
HATCH
5
d44
100
AcDbEntity
8
TopPasteMaskLayer
100
AcDbHatch
10
0
20
0
30
0
210
0
220
0
230
1
2
SOLID
70
1
71
0
91
1
92
7
72
0
73
1
93
4
10
46.944983489966944
20
75.65189230378462
10
46.944983489966944
20
76.55191770383544
10
47.84500889001765
20
76.55191770383544
10
47.84500889001765
20
75.65189230378462
97
1
330

75
0
76
1
47
0.4128176842155181
98
1
10
34.90568961886538
20
22.81183545379326
450
0
451
0
460
0
461
0
452
1
462
1
453
2
463
0
63
5
421
255
463
1
63
7
421
16777215
470
LINEAR
1001
ACAD
1010
0
1020
0
1030
0
0
HATCH
5
d47
100
AcDbEntity
8
TopLayer
100
AcDbHatch
10
0
20
0
30
0
210
0
220
0
230
1
2
SOLID
70
1
71
0
91
1
92
7
72
0
73
1
93
4
10
46.944983489966944
20
75.65189230378462
10
46.944983489966944
20
76.55191770383544
10
47.84500889001765
20
76.55191770383544
10
47.84500889001765
20
75.65189230378462
97
1
330

75
0
76
1
47
0.4128176842155181
98
1
10
34.90568961886538
20
22.81183545379326
450
0
451
0
460
0
461
0
452
1
462
1
453
2
463
0
63
5
421
255
463
1
63
7
421
16777215
470
LINEAR
1001
ACAD
1010
0
1020
0
1030
0
0
HATCH
5
d4a
100
AcDbEntity
8
TopSolderMaskLayer
100
AcDbHatch
10
0
20
0
30
0
210
0
220
0
230
1
2
SOLID
70
1
71
0
91
1
92
7
72
0
73
1
93
4
10
48.31955445487961
20
75.62659457003508
10
48.31955445487961
20
76.57742150538058
10
49.270435057715986
20
76.57742150538058
10
49.270435057715986
20
75.62659457003508
97
1
330

75
0
76
1
47
0.4128176842155181
98
1
10
34.90568961886538
20
22.81183545379326
450
0
451
0
460
0
461
0
452
1
462
1
453
2
463
0
63
5
421
255
463
1
63
7
421
16777215
470
LINEAR
1001
ACAD
1010
0
1020
0
1030
0
0
HATCH
5
d4d
100
AcDbEntity
8
TopPasteMaskLayer
100
AcDbHatch
10
0
20
0
30
0
210
0
220
0
230
1
2
SOLID
70
1
71
0
91
1
92
7
72
0
73
1
93
4
10
48.34495808991619
20
75.65199390398789
10
48.34495808991619
20
76.5520193040386
10
49.24503429006859
20
76.5520193040386
10
49.24503429006859
20
75.65199390398789
97
1
330

75
0
76
1
47
0.4128176842155181
98
1
10
34.90568961886538
20
22.81183545379326
450
0
451
0
460
0
461
0
452
1
462
1
453
2
463
0
63
5
421
255
463
1
63
7
421
16777215
470
LINEAR
1001
ACAD
1010
0
1020
0
1030
0
0
HATCH
5
d50
100
AcDbEntity
8
TopLayer
100
AcDbHatch
10
0
20
0
30
0
210
0
220
0
230
1
2
SOLID
70
1
71
0
91
1
92
7
72
0
73
1
93
4
10
48.34495808991619
20
75.65199390398789
10
48.34495808991619
20
76.5520193040386
10
49.24503429006859
20
76.5520193040386
10
49.24503429006859
20
75.65199390398789
97
1
330

75
0
76
1
47
0.4128176842155181
98
1
10
34.90568961886538
20
22.81183545379326
450
0
451
0
460
0
461
0
452
1
462
1
453
2
463
0
63
5
421
255
463
1
63
7
421
16777215
470
LINEAR
1001
ACAD
1010
0
1020
0
1030
0
0
HATCH
5
d53
100
AcDbEntity
8
TopSolderMaskLayer
100
AcDbHatch
10
0
20
0
30
0
210
0
220
0
230
1
2
SOLID
70
1
71
0
91
1
92
7
72
0
73
1
93
4
10
44.419177038354064
20
47.3514155448363
10
44.06917703835393
20
47.3514155448363
10
44.06917703835393
20
46.05140284481081
10
44.419177038354064
20
46.05140284481081
97
1
330

75
0
76
1
47
0.4128176842155181
98
1
10
34.90568961886538
20
22.81183545379326
450
0
451
0
460
0
461
0
452
1
462
1
453
2
463
0
63
5
421
255
463
1
63
7
421
16777215
470
LINEAR
1001
ACAD
1010
0
1020
0
1030
0
0
HATCH
5
d56
100
AcDbEntity
8
TopPasteMaskLayer
100
AcDbHatch
10
0
20
0
30
0
210
0
220
0
230
1
2
SOLID
70
1
71
0
91
1
92
7
72
0
73
1
93
4
10
44.394183388366855
20
47.32641605283209
10
44.09418338836667
20
47.32641605283209
10
44.09418338836667
20
46.076403352806665
10
44.394183388366855
20
46.076403352806665
97
1
330

75
0
76
1
47
0.4128176842155181
98
1
10
34.90568961886538
20
22.81183545379326
450
0
451
0
460
0
461
0
452
1
462
1
453
2
463
0
63
5
421
255
463
1
63
7
421
16777215
470
LINEAR
1001
ACAD
1010
0
1020
0
1030
0
0
HATCH
5
d59
100
AcDbEntity
8
TopLayer
100
AcDbHatch
10
0
20
0
30
0
210
0
220
0
230
1
2
SOLID
70
1
71
0
91
1
92
7
72
0
73
1
93
4
10
44.394183388366855
20
47.32641605283209
10
44.09418338836667
20
47.32641605283209
10
44.09418338836667
20
46.076403352806665
10
44.394183388366855
20
46.076403352806665
97
1
330

75
0
76
1
47
0.4128176842155181
98
1
10
34.90568961886538
20
22.81183545379326
450
0
451
0
460
0
461
0
452
1
462
1
453
2
463
0
63
5
421
255
463
1
63
7
421
16777215
470
LINEAR
1001
ACAD
1010
0
1020
0
1030
0
0
HATCH
5
d5c
100
AcDbEntity
8
TopSolderMaskLayer
100
AcDbHatch
10
0
20
0
30
0
210
0
220
0
230
1
2
SOLID
70
1
71
0
91
1
92
7
72
0
73
1
93
4
10
53.319236121081076
20
42.851401043711235
10
50.96923612108071
20
42.851401043711235
10
50.96923612108071
20
45.101401043711235
10
53.319236121081076
20
45.101401043711235
97
1
330

75
0
76
1
47
0.4128176842155181
98
1
10
34.90568961886538
20
22.81183545379326
450
0
451
0
460
0
461
0
452
1
462
1
453
2
463
0
63
5
421
255
463
1
63
7
421
16777215
470
LINEAR
1001
ACAD
1010
0
1020
0
1030
0
0
HATCH
5
d5f
100
AcDbEntity
8
TopPasteMaskLayer
100
AcDbHatch
10
0
20
0
30
0
210
0
220
0
230
1
2
SOLID
70
1
71
0
91
1
92
7
72
0
73
1
93
4
10
53.29423418846841
20
42.87640335280673
10
50.994234188468454
20
42.87640335280673
10
50.994234188468454
20
45.07640335280678
10
53.29423418846841
20
45.07640335280678
97
1
330

75
0
76
1
47
0.4128176842155181
98
1
10
34.90568961886538
20
22.81183545379326
450
0
451
0
460
0
461
0
452
1
462
1
453
2
463
0
63
5
421
255
463
1
63
7
421
16777215
470
LINEAR
1001
ACAD
1010
0
1020
0
1030
0
0
HATCH
5
d62
100
AcDbEntity
8
TopLayer
100
AcDbHatch
10
0
20
0
30
0
210
0
220
0
230
1
2
SOLID
70
1
71
0
91
1
92
7
72
0
73
1
93
4
10
53.29423418846841
20
42.87640335280673
10
50.994234188468454
20
42.87640335280673
10
50.994234188468454
20
45.07640335280678
10
53.29423418846841
20
45.07640335280678
97
1
330

75
0
76
1
47
0.4128176842155181
98
1
10
34.90568961886538
20
22.81183545379326
450
0
451
0
460
0
461
0
452
1
462
1
453
2
463
0
63
5
421
255
463
1
63
7
421
16777215
470
LINEAR
1001
ACAD
1010
0
1020
0
1030
0
0
HATCH
5
d65
100
AcDbEntity
8
TopSolderMaskLayer
100
AcDbHatch
10
0
20
0
30
0
210
0
220
0
230
1
2
SOLID
70
1
71
0
91
1
92
7
72
0
73
1
93
4
10
43.51913452087774
20
42.851401043711235
10
41.16913452087783
20
42.851401043711235
10
41.16913452087783
20
45.101401043711235
10
43.51913452087774
20
45.101401043711235
97
1
330

75
0
76
1
47
0.4128176842155181
98
1
10
34.90568961886538
20
22.81183545379326
450
0
451
0
460
0
461
0
452
1
462
1
453
2
463
0
63
5
421
255
463
1
63
7
421
16777215
470
LINEAR
1001
ACAD
1010
0
1020
0
1030
0
0
HATCH
5
d68
100
AcDbEntity
8
TopPasteMaskLayer
100
AcDbHatch
10
0
20
0
30
0
210
0
220
0
230
1
2
SOLID
70
1
71
0
91
1
92
7
72
0
73
1
93
4
10
43.494132588265074
20
42.87640335280673
10
41.19413258826535
20
42.87640335280673
10
41.19413258826535
20
45.07640335280678
10
43.494132588265074
20
45.07640335280678
97
1
330

75
0
76
1
47
0.4128176842155181
98
1
10
34.90568961886538
20
22.81183545379326
450
0
451
0
460
0
461
0
452
1
462
1
453
2
463
0
63
5
421
255
463
1
63
7
421
16777215
470
LINEAR
1001
ACAD
1010
0
1020
0
1030
0
0
HATCH
5
d6b
100
AcDbEntity
8
TopLayer
100
AcDbHatch
10
0
20
0
30
0
210
0
220
0
230
1
2
SOLID
70
1
71
0
91
1
92
7
72
0
73
1
93
4
10
43.494132588265074
20
42.87640335280673
10
41.19413258826535
20
42.87640335280673
10
41.19413258826535
20
45.07640335280678
10
43.494132588265074
20
45.07640335280678
97
1
330

75
0
76
1
47
0.4128176842155181
98
1
10
34.90568961886538
20
22.81183545379326
450
0
451
0
460
0
461
0
452
1
462
1
453
2
463
0
63
5
421
255
463
1
63
7
421
16777215
470
LINEAR
1001
ACAD
1010
0
1020
0
1030
0
0
HATCH
5
d6e
100
AcDbEntity
8
TopSolderMaskLayer
100
AcDbHatch
10
0
20
0
30
0
210
0
220
0
230
1
2
SOLID
70
1
71
0
91
1
92
7
72
0
73
1
93
4
10
44.91921513843022
20
47.3514155448363
10
44.56921513843031
20
47.3514155448363
10
44.56921513843031
20
46.05140284481081
10
44.91921513843022
20
46.05140284481081
97
1
330

75
0
76
1
47
0.4128176842155181
98
1
10
34.90568961886538
20
22.81183545379326
450
0
451
0
460
0
461
0
452
1
462
1
453
2
463
0
63
5
421
255
463
1
63
7
421
16777215
470
LINEAR
1001
ACAD
1010
0
1020
0
1030
0
0
HATCH
5
d71
100
AcDbEntity
8
TopPasteMaskLayer
100
AcDbHatch
10
0
20
0
30
0
210
0
220
0
230
1
2
SOLID
70
1
71
0
91
1
92
7
72
0
73
1
93
4
10
44.89423418846832
20
47.32641605283209
10
44.59423418846836
20
47.32641605283209
10
44.59423418846836
20
46.076403352806665
10
44.89423418846832
20
46.076403352806665
97
1
330

75
0
76
1
47
0.4128176842155181
98
1
10
34.90568961886538
20
22.81183545379326
450
0
451
0
460
0
461
0
452
1
462
1
453
2
463
0
63
5
421
255
463
1
63
7
421
16777215
470
LINEAR
1001
ACAD
1010
0
1020
0
1030
0
0
HATCH
5
d74
100
AcDbEntity
8
TopLayer
100
AcDbHatch
10
0
20
0
30
0
210
0
220
0
230
1
2
SOLID
70
1
71
0
91
1
92
7
72
0
73
1
93
4
10
44.89423418846832
20
47.32641605283209
10
44.59423418846836
20
47.32641605283209
10
44.59423418846836
20
46.076403352806665
10
44.89423418846832
20
46.076403352806665
97
1
330

75
0
76
1
47
0.4128176842155181
98
1
10
34.90568961886538
20
22.81183545379326
450
0
451
0
460
0
461
0
452
1
462
1
453
2
463
0
63
5
421
255
463
1
63
7
421
16777215
470
LINEAR
1001
ACAD
1010
0
1020
0
1030
0
0
HATCH
5
d77
100
AcDbEntity
8
TopSolderMaskLayer
100
AcDbHatch
10
0
20
0
30
0
210
0
220
0
230
1
2
SOLID
70
1
71
0
91
1
92
7
72
0
73
1
93
4
10
45.41908813817622
20
47.351695961386895
10
45.06908813817631
20
47.351695961386895
10
45.06908813817631
20
46.05168326136129
10
45.41908813817622
20
46.05168326136129
97
1
330

75
0
76
1
47
0.4128176842155181
98
1
10
34.90568961886538
20
22.81183545379326
450
0
451
0
460
0
461
0
452
1
462
1
453
2
463
0
63
5
421
255
463
1
63
7
421
16777215
470
LINEAR
1001
ACAD
1010
0
1020
0
1030
0
0
HATCH
5
d7a
100
AcDbEntity
8
TopPasteMaskLayer
100
AcDbHatch
10
0
20
0
30
0
210
0
220
0
230
1
2
SOLID
70
1
71
0
91
1
92
7
72
0
73
1
93
4
10
45.39410718821432
20
47.32669545339104
10
45.094107188214366
20
47.32669545339104
10
45.094107188214366
20
46.0766827533655
10
45.39410718821432
20
46.0766827533655
97
1
330

75
0
76
1
47
0.4128176842155181
98
1
10
34.90568961886538
20
22.81183545379326
450
0
451
0
460
0
461
0
452
1
462
1
453
2
463
0
63
5
421
255
463
1
63
7
421
16777215
470
LINEAR
1001
ACAD
1010
0
1020
0
1030
0
0
HATCH
5
d7d
100
AcDbEntity
8
TopLayer
100
AcDbHatch
10
0
20
0
30
0
210
0
220
0
230
1
2
SOLID
70
1
71
0
91
1
92
7
72
0
73
1
93
4
10
45.39410718821432
20
47.32669545339104
10
45.094107188214366
20
47.32669545339104
10
45.094107188214366
20
46.0766827533655
10
45.39410718821432
20
46.0766827533655
97
1
330

75
0
76
1
47
0.4128176842155181
98
1
10
34.90568961886538
20
22.81183545379326
450
0
451
0
460
0
461
0
452
1
462
1
453
2
463
0
63
5
421
255
463
1
63
7
421
16777215
470
LINEAR
1001
ACAD
1010
0
1020
0
1030
0
0
HATCH
5
d80
100
AcDbEntity
8
TopSolderMaskLayer
100
AcDbHatch
10
0
20
0
30
0
210
0
220
0
230
1
2
SOLID
70
1
71
0
91
1
92
7
72
0
73
1
93
4
10
45.91921513843022
20
47.351695961386895
10
45.56921513843031
20
47.351695961386895
10
45.56921513843031
20
46.05168326136129
10
45.91921513843022
20
46.05168326136129
97
1
330

75
0
76
1
47
0.4128176842155181
98
1
10
34.90568961886538
20
22.81183545379326
450
0
451
0
460
0
461
0
452
1
462
1
453
2
463
0
63
5
421
255
463
1
63
7
421
16777215
470
LINEAR
1001
ACAD
1010
0
1020
0
1030
0
0
HATCH
5
d83
100
AcDbEntity
8
TopPasteMaskLayer
100
AcDbHatch
10
0
20
0
30
0
210
0
220
0
230
1
2
SOLID
70
1
71
0
91
1
92
7
72
0
73
1
93
4
10
45.89423418846832
20
47.32669545339104
10
45.59423418846836
20
47.32669545339104
10
45.59423418846836
20
46.0766827533655
10
45.89423418846832
20
46.0766827533655
97
1
330

75
0
76
1
47
0.4128176842155181
98
1
10
34.90568961886538
20
22.81183545379326
450
0
451
0
460
0
461
0
452
1
462
1
453
2
463
0
63
5
421
255
463
1
63
7
421
16777215
470
LINEAR
1001
ACAD
1010
0
1020
0
1030
0
0
HATCH
5
d86
100
AcDbEntity
8
TopLayer
100
AcDbHatch
10
0
20
0
30
0
210
0
220
0
230
1
2
SOLID
70
1
71
0
91
1
92
7
72
0
73
1
93
4
10
45.89423418846832
20
47.32669545339104
10
45.59423418846836
20
47.32669545339104
10
45.59423418846836
20
46.0766827533655
10
45.89423418846832
20
46.0766827533655
97
1
330

75
0
76
1
47
0.4128176842155181
98
1
10
34.90568961886538
20
22.81183545379326
450
0
451
0
460
0
461
0
452
1
462
1
453
2
463
0
63
5
421
255
463
1
63
7
421
16777215
470
LINEAR
1001
ACAD
1010
0
1020
0
1030
0
0
HATCH
5
d89
100
AcDbEntity
8
TopSolderMaskLayer
100
AcDbHatch
10
0
20
0
30
0
210
0
220
0
230
1
2
SOLID
70
1
71
0
91
1
92
7
72
0
73
1
93
4
10
46.41908813817622
20
47.351695961386895
10
46.06908813817631
20
47.351695961386895
10
46.06908813817631
20
46.05168326136129
10
46.41908813817622
20
46.05168326136129
97
1
330

75
0
76
1
47
0.4128176842155181
98
1
10
34.90568961886538
20
22.81183545379326
450
0
451
0
460
0
461
0
452
1
462
1
453
2
463
0
63
5
421
255
463
1
63
7
421
16777215
470
LINEAR
1001
ACAD
1010
0
1020
0
1030
0
0
HATCH
5
d8c
100
AcDbEntity
8
TopPasteMaskLayer
100
AcDbHatch
10
0
20
0
30
0
210
0
220
0
230
1
2
SOLID
70
1
71
0
91
1
92
7
72
0
73
1
93
4
10
46.39410718821432
20
47.32669545339104
10
46.094107188214366
20
47.32669545339104
10
46.094107188214366
20
46.0766827533655
10
46.39410718821432
20
46.0766827533655
97
1
330

75
0
76
1
47
0.4128176842155181
98
1
10
34.90568961886538
20
22.81183545379326
450
0
451
0
460
0
461
0
452
1
462
1
453
2
463
0
63
5
421
255
463
1
63
7
421
16777215
470
LINEAR
1001
ACAD
1010
0
1020
0
1030
0
0
HATCH
5
d8f
100
AcDbEntity
8
TopLayer
100
AcDbHatch
10
0
20
0
30
0
210
0
220
0
230
1
2
SOLID
70
1
71
0
91
1
92
7
72
0
73
1
93
4
10
46.39410718821432
20
47.32669545339104
10
46.094107188214366
20
47.32669545339104
10
46.094107188214366
20
46.0766827533655
10
46.39410718821432
20
46.0766827533655
97
1
330

75
0
76
1
47
0.4128176842155181
98
1
10
34.90568961886538
20
22.81183545379326
450
0
451
0
460
0
461
0
452
1
462
1
453
2
463
0
63
5
421
255
463
1
63
7
421
16777215
470
LINEAR
1001
ACAD
1010
0
1020
0
1030
0
0
HATCH
5
d92
100
AcDbEntity
8
TopSolderMaskLayer
100
AcDbHatch
10
0
20
0
30
0
210
0
220
0
230
1
2
SOLID
70
1
71
0
91
1
92
7
72
0
73
1
93
4
10
46.91921513843022
20
47.351695961386895
10
46.56921513843031
20
47.351695961386895
10
46.56921513843031
20
46.05168326136129
10
46.91921513843022
20
46.05168326136129
97
1
330

75
0
76
1
47
0.4128176842155181
98
1
10
34.90568961886538
20
22.81183545379326
450
0
451
0
460
0
461
0
452
1
462
1
453
2
463
0
63
5
421
255
463
1
63
7
421
16777215
470
LINEAR
1001
ACAD
1010
0
1020
0
1030
0
0
HATCH
5
d95
100
AcDbEntity
8
TopPasteMaskLayer
100
AcDbHatch
10
0
20
0
30
0
210
0
220
0
230
1
2
SOLID
70
1
71
0
91
1
92
7
72
0
73
1
93
4
10
46.89423418846832
20
47.32669545339104
10
46.59423418846836
20
47.32669545339104
10
46.59423418846836
20
46.0766827533655
10
46.89423418846832
20
46.0766827533655
97
1
330

75
0
76
1
47
0.4128176842155181
98
1
10
34.90568961886538
20
22.81183545379326
450
0
451
0
460
0
461
0
452
1
462
1
453
2
463
0
63
5
421
255
463
1
63
7
421
16777215
470
LINEAR
1001
ACAD
1010
0
1020
0
1030
0
0
HATCH
5
d98
100
AcDbEntity
8
TopLayer
100
AcDbHatch
10
0
20
0
30
0
210
0
220
0
230
1
2
SOLID
70
1
71
0
91
1
92
7
72
0
73
1
93
4
10
46.89423418846832
20
47.32669545339104
10
46.59423418846836
20
47.32669545339104
10
46.59423418846836
20
46.0766827533655
10
46.89423418846832
20
46.0766827533655
97
1
330

75
0
76
1
47
0.4128176842155181
98
1
10
34.90568961886538
20
22.81183545379326
450
0
451
0
460
0
461
0
452
1
462
1
453
2
463
0
63
5
421
255
463
1
63
7
421
16777215
470
LINEAR
1001
ACAD
1010
0
1020
0
1030
0
0
HATCH
5
d9b
100
AcDbEntity
8
TopSolderMaskLayer
100
AcDbHatch
10
0
20
0
30
0
210
0
220
0
230
1
2
SOLID
70
1
71
0
91
1
92
7
72
0
73
1
93
4
10
47.41908813817645
20
47.351695961386895
10
47.06908813817631
20
47.351695961386895
10
47.06908813817631
20
46.05168326136129
10
47.41908813817645
20
46.05168326136129
97
1
330

75
0
76
1
47
0.4128176842155181
98
1
10
34.90568961886538
20
22.81183545379326
450
0
451
0
460
0
461
0
452
1
462
1
453
2
463
0
63
5
421
255
463
1
63
7
421
16777215
470
LINEAR
1001
ACAD
1010
0
1020
0
1030
0
0
HATCH
5
d9e
100
AcDbEntity
8
TopPasteMaskLayer
100
AcDbHatch
10
0
20
0
30
0
210
0
220
0
230
1
2
SOLID
70
1
71
0
91
1
92
7
72
0
73
1
93
4
10
47.39410718821455
20
47.32669545339104
10
47.094107188214366
20
47.32669545339104
10
47.094107188214366
20
46.0766827533655
10
47.39410718821455
20
46.0766827533655
97
1
330

75
0
76
1
47
0.4128176842155181
98
1
10
34.90568961886538
20
22.81183545379326
450
0
451
0
460
0
461
0
452
1
462
1
453
2
463
0
63
5
421
255
463
1
63
7
421
16777215
470
LINEAR
1001
ACAD
1010
0
1020
0
1030
0
0
HATCH
5
da1
100
AcDbEntity
8
TopLayer
100
AcDbHatch
10
0
20
0
30
0
210
0
220
0
230
1
2
SOLID
70
1
71
0
91
1
92
7
72
0
73
1
93
4
10
47.39410718821455
20
47.32669545339104
10
47.094107188214366
20
47.32669545339104
10
47.094107188214366
20
46.0766827533655
10
47.39410718821455
20
46.0766827533655
97
1
330

75
0
76
1
47
0.4128176842155181
98
1
10
34.90568961886538
20
22.81183545379326
450
0
451
0
460
0
461
0
452
1
462
1
453
2
463
0
63
5
421
255
463
1
63
7
421
16777215
470
LINEAR
1001
ACAD
1010
0
1020
0
1030
0
0
HATCH
5
da4
100
AcDbEntity
8
TopSolderMaskLayer
100
AcDbHatch
10
0
20
0
30
0
210
0
220
0
230
1
2
SOLID
70
1
71
0
91
1
92
7
72
0
73
1
93
4
10
47.91921513843022
20
47.351695961386895
10
47.56921513843031
20
47.351695961386895
10
47.56921513843031
20
46.05168326136129
10
47.91921513843022
20
46.05168326136129
97
1
330

75
0
76
1
47
0.4128176842155181
98
1
10
34.90568961886538
20
22.81183545379326
450
0
451
0
460
0
461
0
452
1
462
1
453
2
463
0
63
5
421
255
463
1
63
7
421
16777215
470
LINEAR
1001
ACAD
1010
0
1020
0
1030
0
0
HATCH
5
da7
100
AcDbEntity
8
TopPasteMaskLayer
100
AcDbHatch
10
0
20
0
30
0
210
0
220
0
230
1
2
SOLID
70
1
71
0
91
1
92
7
72
0
73
1
93
4
10
47.89423418846832
20
47.32669545339104
10
47.59423418846836
20
47.32669545339104
10
47.59423418846836
20
46.0766827533655
10
47.89423418846832
20
46.0766827533655
97
1
330

75
0
76
1
47
0.4128176842155181
98
1
10
34.90568961886538
20
22.81183545379326
450
0
451
0
460
0
461
0
452
1
462
1
453
2
463
0
63
5
421
255
463
1
63
7
421
16777215
470
LINEAR
1001
ACAD
1010
0
1020
0
1030
0
0
HATCH
5
daa
100
AcDbEntity
8
TopLayer
100
AcDbHatch
10
0
20
0
30
0
210
0
220
0
230
1
2
SOLID
70
1
71
0
91
1
92
7
72
0
73
1
93
4
10
47.89423418846832
20
47.32669545339104
10
47.59423418846836
20
47.32669545339104
10
47.59423418846836
20
46.0766827533655
10
47.89423418846832
20
46.0766827533655
97
1
330

75
0
76
1
47
0.4128176842155181
98
1
10
34.90568961886538
20
22.81183545379326
450
0
451
0
460
0
461
0
452
1
462
1
453
2
463
0
63
5
421
255
463
1
63
7
421
16777215
470
LINEAR
1001
ACAD
1010
0
1020
0
1030
0
0
HATCH
5
dad
100
AcDbEntity
8
TopSolderMaskLayer
100
AcDbHatch
10
0
20
0
30
0
210
0
220
0
230
1
2
SOLID
70
1
71
0
91
1
92
7
72
0
73
1
93
4
10
48.41908813817645
20
47.351695961386895
10
48.069088138176085
20
47.351695961386895
10
48.069088138176085
20
46.05168326136129
10
48.41908813817645
20
46.05168326136129
97
1
330

75
0
76
1
47
0.4128176842155181
98
1
10
34.90568961886538
20
22.81183545379326
450
0
451
0
460
0
461
0
452
1
462
1
453
2
463
0
63
5
421
255
463
1
63
7
421
16777215
470
LINEAR
1001
ACAD
1010
0
1020
0
1030
0
0
HATCH
5
db0
100
AcDbEntity
8
TopPasteMaskLayer
100
AcDbHatch
10
0
20
0
30
0
210
0
220
0
230
1
2
SOLID
70
1
71
0
91
1
92
7
72
0
73
1
93
4
10
48.39410718821455
20
47.32669545339104
10
48.094107188214366
20
47.32669545339104
10
48.094107188214366
20
46.0766827533655
10
48.39410718821455
20
46.0766827533655
97
1
330

75
0
76
1
47
0.4128176842155181
98
1
10
34.90568961886538
20
22.81183545379326
450
0
451
0
460
0
461
0
452
1
462
1
453
2
463
0
63
5
421
255
463
1
63
7
421
16777215
470
LINEAR
1001
ACAD
1010
0
1020
0
1030
0
0
HATCH
5
db3
100
AcDbEntity
8
TopLayer
100
AcDbHatch
10
0
20
0
30
0
210
0
220
0
230
1
2
SOLID
70
1
71
0
91
1
92
7
72
0
73
1
93
4
10
48.39410718821455
20
47.32669545339104
10
48.094107188214366
20
47.32669545339104
10
48.094107188214366
20
46.0766827533655
10
48.39410718821455
20
46.0766827533655
97
1
330

75
0
76
1
47
0.4128176842155181
98
1
10
34.90568961886538
20
22.81183545379326
450
0
451
0
460
0
461
0
452
1
462
1
453
2
463
0
63
5
421
255
463
1
63
7
421
16777215
470
LINEAR
1001
ACAD
1010
0
1020
0
1030
0
0
HATCH
5
db6
100
AcDbEntity
8
TopSolderMaskLayer
100
AcDbHatch
10
0
20
0
30
0
210
0
220
0
230
1
2
SOLID
70
1
71
0
91
1
92
7
72
0
73
1
93
4
10
48.919215138430445
20
47.351695961386895
10
48.56921513843031
20
47.351695961386895
10
48.56921513843031
20
46.05168326136129
10
48.919215138430445
20
46.05168326136129
97
1
330

75
0
76
1
47
0.4128176842155181
98
1
10
34.90568961886538
20
22.81183545379326
450
0
451
0
460
0
461
0
452
1
462
1
453
2
463
0
63
5
421
255
463
1
63
7
421
16777215
470
LINEAR
1001
ACAD
1010
0
1020
0
1030
0
0
HATCH
5
db9
100
AcDbEntity
8
TopPasteMaskLayer
100
AcDbHatch
10
0
20
0
30
0
210
0
220
0
230
1
2
SOLID
70
1
71
0
91
1
92
7
72
0
73
1
93
4
10
48.894234188468545
20
47.32669545339104
10
48.59423418846836
20
47.32669545339104
10
48.59423418846836
20
46.0766827533655
10
48.894234188468545
20
46.0766827533655
97
1
330

75
0
76
1
47
0.4128176842155181
98
1
10
34.90568961886538
20
22.81183545379326
450
0
451
0
460
0
461
0
452
1
462
1
453
2
463
0
63
5
421
255
463
1
63
7
421
16777215
470
LINEAR
1001
ACAD
1010
0
1020
0
1030
0
0
HATCH
5
dbc
100
AcDbEntity
8
TopLayer
100
AcDbHatch
10
0
20
0
30
0
210
0
220
0
230
1
2
SOLID
70
1
71
0
91
1
92
7
72
0
73
1
93
4
10
48.894234188468545
20
47.32669545339104
10
48.59423418846836
20
47.32669545339104
10
48.59423418846836
20
46.0766827533655
10
48.894234188468545
20
46.0766827533655
97
1
330

75
0
76
1
47
0.4128176842155181
98
1
10
34.90568961886538
20
22.81183545379326
450
0
451
0
460
0
461
0
452
1
462
1
453
2
463
0
63
5
421
255
463
1
63
7
421
16777215
470
LINEAR
1001
ACAD
1010
0
1020
0
1030
0
0
HATCH
5
dbf
100
AcDbEntity
8
TopSolderMaskLayer
100
AcDbHatch
10
0
20
0
30
0
210
0
220
0
230
1
2
SOLID
70
1
71
0
91
1
92
7
72
0
73
1
93
4
10
49.41908813817645
20
47.351695961386895
10
49.069088138176085
20
47.351695961386895
10
49.069088138176085
20
46.05168326136129
10
49.41908813817645
20
46.05168326136129
97
1
330

75
0
76
1
47
0.4128176842155181
98
1
10
34.90568961886538
20
22.81183545379326
450
0
451
0
460
0
461
0
452
1
462
1
453
2
463
0
63
5
421
255
463
1
63
7
421
16777215
470
LINEAR
1001
ACAD
1010
0
1020
0
1030
0
0
HATCH
5
dc2
100
AcDbEntity
8
TopPasteMaskLayer
100
AcDbHatch
10
0
20
0
30
0
210
0
220
0
230
1
2
SOLID
70
1
71
0
91
1
92
7
72
0
73
1
93
4
10
49.39410718821455
20
47.32669545339104
10
49.094107188214366
20
47.32669545339104
10
49.094107188214366
20
46.0766827533655
10
49.39410718821455
20
46.0766827533655
97
1
330

75
0
76
1
47
0.4128176842155181
98
1
10
34.90568961886538
20
22.81183545379326
450
0
451
0
460
0
461
0
452
1
462
1
453
2
463
0
63
5
421
255
463
1
63
7
421
16777215
470
LINEAR
1001
ACAD
1010
0
1020
0
1030
0
0
HATCH
5
dc5
100
AcDbEntity
8
TopLayer
100
AcDbHatch
10
0
20
0
30
0
210
0
220
0
230
1
2
SOLID
70
1
71
0
91
1
92
7
72
0
73
1
93
4
10
49.39410718821455
20
47.32669545339104
10
49.094107188214366
20
47.32669545339104
10
49.094107188214366
20
46.0766827533655
10
49.39410718821455
20
46.0766827533655
97
1
330

75
0
76
1
47
0.4128176842155181
98
1
10
34.90568961886538
20
22.81183545379326
450
0
451
0
460
0
461
0
452
1
462
1
453
2
463
0
63
5
421
255
463
1
63
7
421
16777215
470
LINEAR
1001
ACAD
1010
0
1020
0
1030
0
0
HATCH
5
dc8
100
AcDbEntity
8
TopSolderMaskLayer
100
AcDbHatch
10
0
20
0
30
0
210
0
220
0
230
1
2
SOLID
70
1
71
0
91
1
92
7
72
0
73
1
93
4
10
49.919215138430445
20
47.351695961386895
10
49.56921513843008
20
47.351695961386895
10
49.56921513843008
20
46.05168326136129
10
49.919215138430445
20
46.05168326136129
97
1
330

75
0
76
1
47
0.4128176842155181
98
1
10
34.90568961886538
20
22.81183545379326
450
0
451
0
460
0
461
0
452
1
462
1
453
2
463
0
63
5
421
255
463
1
63
7
421
16777215
470
LINEAR
1001
ACAD
1010
0
1020
0
1030
0
0
HATCH
5
dcb
100
AcDbEntity
8
TopPasteMaskLayer
100
AcDbHatch
10
0
20
0
30
0
210
0
220
0
230
1
2
SOLID
70
1
71
0
91
1
92
7
72
0
73
1
93
4
10
49.894234188468545
20
47.32669545339104
10
49.59423418846836
20
47.32669545339104
10
49.59423418846836
20
46.0766827533655
10
49.894234188468545
20
46.0766827533655
97
1
330

75
0
76
1
47
0.4128176842155181
98
1
10
34.90568961886538
20
22.81183545379326
450
0
451
0
460
0
461
0
452
1
462
1
453
2
463
0
63
5
421
255
463
1
63
7
421
16777215
470
LINEAR
1001
ACAD
1010
0
1020
0
1030
0
0
HATCH
5
dce
100
AcDbEntity
8
TopLayer
100
AcDbHatch
10
0
20
0
30
0
210
0
220
0
230
1
2
SOLID
70
1
71
0
91
1
92
7
72
0
73
1
93
4
10
49.894234188468545
20
47.32669545339104
10
49.59423418846836
20
47.32669545339104
10
49.59423418846836
20
46.0766827533655
10
49.894234188468545
20
46.0766827533655
97
1
330

75
0
76
1
47
0.4128176842155181
98
1
10
34.90568961886538
20
22.81183545379326
450
0
451
0
460
0
461
0
452
1
462
1
453
2
463
0
63
5
421
255
463
1
63
7
421
16777215
470
LINEAR
1001
ACAD
1010
0
1020
0
1030
0
0
HATCH
5
dd1
100
AcDbEntity
8
TopSolderMaskLayer
100
AcDbHatch
10
0
20
0
30
0
210
0
220
0
230
1
2
SOLID
70
1
71
0
91
1
92
7
72
0
73
1
93
4
10
50.41908813817645
20
47.351695961386895
10
50.06908813817631
20
47.351695961386895
10
50.06908813817631
20
46.05168326136129
10
50.41908813817645
20
46.05168326136129
97
1
330

75
0
76
1
47
0.4128176842155181
98
1
10
34.90568961886538
20
22.81183545379326
450
0
451
0
460
0
461
0
452
1
462
1
453
2
463
0
63
5
421
255
463
1
63
7
421
16777215
470
LINEAR
1001
ACAD
1010
0
1020
0
1030
0
0
HATCH
5
dd4
100
AcDbEntity
8
TopPasteMaskLayer
100
AcDbHatch
10
0
20
0
30
0
210
0
220
0
230
1
2
SOLID
70
1
71
0
91
1
92
7
72
0
73
1
93
4
10
50.39410718821455
20
47.32669545339104
10
50.09410718821459
20
47.32669545339104
10
50.09410718821459
20
46.0766827533655
10
50.39410718821455
20
46.0766827533655
97
1
330

75
0
76
1
47
0.4128176842155181
98
1
10
34.90568961886538
20
22.81183545379326
450
0
451
0
460
0
461
0
452
1
462
1
453
2
463
0
63
5
421
255
463
1
63
7
421
16777215
470
LINEAR
1001
ACAD
1010
0
1020
0
1030
0
0
HATCH
5
dd7
100
AcDbEntity
8
TopLayer
100
AcDbHatch
10
0
20
0
30
0
210
0
220
0
230
1
2
SOLID
70
1
71
0
91
1
92
7
72
0
73
1
93
4
10
50.39410718821455
20
47.32669545339104
10
50.09410718821459
20
47.32669545339104
10
50.09410718821459
20
46.0766827533655
10
50.39410718821455
20
46.0766827533655
97
1
330

75
0
76
1
47
0.4128176842155181
98
1
10
34.90568961886538
20
22.81183545379326
450
0
451
0
460
0
461
0
452
1
462
1
453
2
463
0
63
5
421
255
463
1
63
7
421
16777215
470
LINEAR
1001
ACAD
1010
0
1020
0
1030
0
0
HATCH
5
dda
100
AcDbEntity
8
TopSolderMaskLayer
100
AcDbHatch
10
0
20
0
30
0
210
0
220
0
230
1
2
SOLID
70
1
71
0
91
1
92
7
72
0
73
1
93
4
10
67.62260604521202
20
54.90170088174284
10
67.2917957835914
20
54.90170088174284
10
67.2917957835914
20
55.65250098334309
10
67.62260604521202
20
55.65250098334309
97
1
330

75
0
76
1
47
0.4128176842155181
98
1
10
34.90568961886538
20
22.81183545379326
450
0
451
0
460
0
461
0
452
1
462
1
453
2
463
0
63
5
421
255
463
1
63
7
421
16777215
470
LINEAR
1001
ACAD
1010
0
1020
0
1030
0
0
HATCH
5
ddd
100
AcDbEntity
8
TopLayer
100
AcDbHatch
10
0
20
0
30
0
210
0
220
0
230
1
2
SOLID
70
1
71
0
91
1
92
7
72
0
73
1
93
4
10
67.59720599441198
20
54.927101854203784
10
67.31719583439167
20
54.927101854203784
10
67.31719583439167
20
55.62710185420383
10
67.59720599441198
20
55.62710185420383
97
1
330

75
0
76
1
47
0.4128176842155181
98
1
10
34.90568961886538
20
22.81183545379326
450
0
451
0
460
0
461
0
452
1
462
1
453
2
463
0
63
5
421
255
463
1
63
7
421
16777215
470
LINEAR
1001
ACAD
1010
0
1020
0
1030
0
0
HATCH
5
de0
100
AcDbEntity
8
TopSolderMaskLayer
100
AcDbHatch
10
0
20
0
30
0
210
0
220
0
230
1
2
SOLID
70
1
71
0
91
1
92
7
72
0
73
1
93
4
10
68.12247904495825
20
54.90170088174284
10
67.7916687833374
20
54.90170088174284
10
67.7916687833374
20
55.65250098334309
10
68.12247904495825
20
55.65250098334309
97
1
330

75
0
76
1
47
0.4128176842155181
98
1
10
34.90568961886538
20
22.81183545379326
450
0
451
0
460
0
461
0
452
1
462
1
453
2
463
0
63
5
421
255
463
1
63
7
421
16777215
470
LINEAR
1001
ACAD
1010
0
1020
0
1030
0
0
HATCH
5
de3
100
AcDbEntity
8
TopLayer
100
AcDbHatch
10
0
20
0
30
0
210
0
220
0
230
1
2
SOLID
70
1
71
0
91
1
92
7
72
0
73
1
93
4
10
68.09707899415821
20
54.927101854203784
10
67.81706883413767
20
54.927101854203784
10
67.81706883413767
20
55.62710185420383
10
68.09707899415821
20
55.62710185420383
97
1
330

75
0
76
1
47
0.4128176842155181
98
1
10
34.90568961886538
20
22.81183545379326
450
0
451
0
460
0
461
0
452
1
462
1
453
2
463
0
63
5
421
255
463
1
63
7
421
16777215
470
LINEAR
1001
ACAD
1010
0
1020
0
1030
0
0
HATCH
5
de6
100
AcDbEntity
8
TopSolderMaskLayer
100
AcDbHatch
10
0
20
0
30
0
210
0
220
0
230
1
2
SOLID
70
1
71
0
91
1
92
7
72
0
73
1
93
4
10
68.62260604521225
20
54.90170088174284
10
68.2917957835914
20
54.90170088174284
10
68.2917957835914
20
55.65250098334309
10
68.62260604521225
20
55.65250098334309
97
1
330

75
0
76
1
47
0.4128176842155181
98
1
10
34.90568961886538
20
22.81183545379326
450
0
451
0
460
0
461
0
452
1
462
1
453
2
463
0
63
5
421
255
463
1
63
7
421
16777215
470
LINEAR
1001
ACAD
1010
0
1020
0
1030
0
0
HATCH
5
de9
100
AcDbEntity
8
TopLayer
100
AcDbHatch
10
0
20
0
30
0
210
0
220
0
230
1
2
SOLID
70
1
71
0
91
1
92
7
72
0
73
1
93
4
10
68.5972059944122
20
54.927101854203784
10
68.31719583439167
20
54.927101854203784
10
68.31719583439167
20
55.62710185420383
10
68.5972059944122
20
55.62710185420383
97
1
330

75
0
76
1
47
0.4128176842155181
98
1
10
34.90568961886538
20
22.81183545379326
450
0
451
0
460
0
461
0
452
1
462
1
453
2
463
0
63
5
421
255
463
1
63
7
421
16777215
470
LINEAR
1001
ACAD
1010
0
1020
0
1030
0
0
HATCH
5
dec
100
AcDbEntity
8
TopSolderMaskLayer
100
AcDbHatch
10
0
20
0
30
0
210
0
220
0
230
1
2
SOLID
70
1
71
0
91
1
92
7
72
0
73
1
93
4
10
69.12247904495825
20
54.90170088174284
10
68.7916687833374
20
54.90170088174284
10
68.7916687833374
20
55.65250098334309
10
69.12247904495825
20
55.65250098334309
97
1
330

75
0
76
1
47
0.4128176842155181
98
1
10
34.90568961886538
20
22.81183545379326
450
0
451
0
460
0
461
0
452
1
462
1
453
2
463
0
63
5
421
255
463
1
63
7
421
16777215
470
LINEAR
1001
ACAD
1010
0
1020
0
1030
0
0
HATCH
5
def
100
AcDbEntity
8
TopLayer
100
AcDbHatch
10
0
20
0
30
0
210
0
220
0
230
1
2
SOLID
70
1
71
0
91
1
92
7
72
0
73
1
93
4
10
69.09707899415798
20
54.927101854203784
10
68.81706883413767
20
54.927101854203784
10
68.81706883413767
20
55.62710185420383
10
69.09707899415798
20
55.62710185420383
97
1
330

75
0
76
1
47
0.4128176842155181
98
1
10
34.90568961886538
20
22.81183545379326
450
0
451
0
460
0
461
0
452
1
462
1
453
2
463
0
63
5
421
255
463
1
63
7
421
16777215
470
LINEAR
1001
ACAD
1010
0
1020
0
1030
0
0
HATCH
5
df2
100
AcDbEntity
8
TopSolderMaskLayer
100
AcDbHatch
10
0
20
0
30
0
210
0
220
0
230
1
2
SOLID
70
1
71
0
91
1
92
7
72
0
73
1
93
4
10
69.62260604521225
20
54.90170088174284
10
69.2917957835914
20
54.90170088174284
10
69.2917957835914
20
55.65250098334309
10
69.62260604521225
20
55.65250098334309
97
1
330

75
0
76
1
47
0.4128176842155181
98
1
10
34.90568961886538
20
22.81183545379326
450
0
451
0
460
0
461
0
452
1
462
1
453
2
463
0
63
5
421
255
463
1
63
7
421
16777215
470
LINEAR
1001
ACAD
1010
0
1020
0
1030
0
0
HATCH
5
df5
100
AcDbEntity
8
TopLayer
100
AcDbHatch
10
0
20
0
30
0
210
0
220
0
230
1
2
SOLID
70
1
71
0
91
1
92
7
72
0
73
1
93
4
10
69.59720599441198
20
54.927101854203784
10
69.31719583439167
20
54.927101854203784
10
69.31719583439167
20
55.62710185420383
10
69.59720599441198
20
55.62710185420383
97
1
330

75
0
76
1
47
0.4128176842155181
98
1
10
34.90568961886538
20
22.81183545379326
450
0
451
0
460
0
461
0
452
1
462
1
453
2
463
0
63
5
421
255
463
1
63
7
421
16777215
470
LINEAR
1001
ACAD
1010
0
1020
0
1030
0
0
HATCH
5
df8
100
AcDbEntity
8
TopSolderMaskLayer
100
AcDbHatch
10
0
20
0
30
0
210
0
220
0
230
1
2
SOLID
70
1
71
0
91
1
92
7
72
0
73
1
93
4
10
70.12247904495825
20
54.90170088174284
10
69.79166878333763
20
54.90170088174284
10
69.79166878333763
20
55.65250098334309
10
70.12247904495825
20
55.65250098334309
97
1
330

75
0
76
1
47
0.4128176842155181
98
1
10
34.90568961886538
20
22.81183545379326
450
0
451
0
460
0
461
0
452
1
462
1
453
2
463
0
63
5
421
255
463
1
63
7
421
16777215
470
LINEAR
1001
ACAD
1010
0
1020
0
1030
0
0
HATCH
5
dfb
100
AcDbEntity
8
TopLayer
100
AcDbHatch
10
0
20
0
30
0
210
0
220
0
230
1
2
SOLID
70
1
71
0
91
1
92
7
72
0
73
1
93
4
10
70.09707899415798
20
54.927101854203784
10
69.8170688341379
20
54.927101854203784
10
69.8170688341379
20
55.62710185420383
10
70.09707899415798
20
55.62710185420383
97
1
330

75
0
76
1
47
0.4128176842155181
98
1
10
34.90568961886538
20
22.81183545379326
450
0
451
0
460
0
461
0
452
1
462
1
453
2
463
0
63
5
421
255
463
1
63
7
421
16777215
470
LINEAR
1001
ACAD
1010
0
1020
0
1030
0
0
HATCH
5
dfe
100
AcDbEntity
8
TopSolderMaskLayer
100
AcDbHatch
10
0
20
0
30
0
210
0
220
0
230
1
2
SOLID
70
1
71
0
91
1
92
7
72
0
73
1
93
4
10
70.29365459543715
20
55.87701258536151
10
70.29365459543715
20
56.177343523350714
10
71.12065024130061
20
56.177343523350714
10
71.12065024130061
20
55.87701258536151
97
1
330

75
0
76
1
47
0.4128176842155181
98
1
10
34.90568961886538
20
22.81183545379326
450
0
451
0
460
0
461
0
452
1
462
1
453
2
463
0
63
5
421
255
463
1
63
7
421
16777215
470
LINEAR
1001
ACAD
1010
0
1020
0
1030
0
0
HATCH
5
e01
100
AcDbEntity
8
TopLayer
100
AcDbHatch
10
0
20
0
30
0
210
0
220
0
230
1
2
SOLID
70
1
71
0
91
1
92
7
72
0
73
1
93
4
10
70.35715011430034
20
55.88717297434596
10
70.35715011430034
20
56.16718313436638
10
71.05715011430038
20
56.16718313436638
10
71.05715011430038
20
55.88717297434596
97
1
330

75
0
76
1
47
0.4128176842155181
98
1
10
34.90568961886538
20
22.81183545379326
450
0
451
0
460
0
461
0
452
1
462
1
453
2
463
0
63
5
421
255
463
1
63
7
421
16777215
470
LINEAR
1001
ACAD
1010
0
1020
0
1030
0
0
HATCH
5
e04
100
AcDbEntity
8
TopSolderMaskLayer
100
AcDbHatch
10
0
20
0
30
0
210
0
220
0
230
1
2
SOLID
70
1
71
0
91
1
92
7
72
0
73
1
93
4
10
70.29365459543715
20
56.37688558510763
10
70.29365459543715
20
56.67721652309672
10
71.12065024130061
20
56.67721652309672
10
71.12065024130061
20
56.37688558510763
97
1
330

75
0
76
1
47
0.4128176842155181
98
1
10
34.90568961886538
20
22.81183545379326
450
0
451
0
460
0
461
0
452
1
462
1
453
2
463
0
63
5
421
255
463
1
63
7
421
16777215
470
LINEAR
1001
ACAD
1010
0
1020
0
1030
0
0
HATCH
5
e07
100
AcDbEntity
8
TopLayer
100
AcDbHatch
10
0
20
0
30
0
210
0
220
0
230
1
2
SOLID
70
1
71
0
91
1
92
7
72
0
73
1
93
4
10
70.35715011430034
20
56.387045974092075
10
70.35715011430034
20
56.66705613411227
10
71.05715011430038
20
56.66705613411227
10
71.05715011430038
20
56.387045974092075
97
1
330

75
0
76
1
47
0.4128176842155181
98
1
10
34.90568961886538
20
22.81183545379326
450
0
451
0
460
0
461
0
452
1
462
1
453
2
463
0
63
5
421
255
463
1
63
7
421
16777215
470
LINEAR
1001
ACAD
1010
0
1020
0
1030
0
0
HATCH
5
e0a
100
AcDbEntity
8
TopSolderMaskLayer
100
AcDbHatch
10
0
20
0
30
0
210
0
220
0
230
1
2
SOLID
70
1
71
0
91
1
92
7
72
0
73
1
93
4
10
70.29365459543715
20
56.877012585361626
10
70.29365459543715
20
57.177343523350714
10
71.12065024130061
20
57.177343523350714
10
71.12065024130061
20
56.877012585361626
97
1
330

75
0
76
1
47
0.4128176842155181
98
1
10
34.90568961886538
20
22.81183545379326
450
0
451
0
460
0
461
0
452
1
462
1
453
2
463
0
63
5
421
255
463
1
63
7
421
16777215
470
LINEAR
1001
ACAD
1010
0
1020
0
1030
0
0
HATCH
5
e0d
100
AcDbEntity
8
TopLayer
100
AcDbHatch
10
0
20
0
30
0
210
0
220
0
230
1
2
SOLID
70
1
71
0
91
1
92
7
72
0
73
1
93
4
10
70.35715011430034
20
56.88717297434607
10
70.35715011430034
20
57.16718313436627
10
71.05715011430038
20
57.16718313436627
10
71.05715011430038
20
56.88717297434607
97
1
330

75
0
76
1
47
0.4128176842155181
98
1
10
34.90568961886538
20
22.81183545379326
450
0
451
0
460
0
461
0
452
1
462
1
453
2
463
0
63
5
421
255
463
1
63
7
421
16777215
470
LINEAR
1001
ACAD
1010
0
1020
0
1030
0
0
HATCH
5
e10
100
AcDbEntity
8
TopSolderMaskLayer
100
AcDbHatch
10
0
20
0
30
0
210
0
220
0
230
1
2
SOLID
70
1
71
0
91
1
92
7
72
0
73
1
93
4
10
70.29365459543715
20
57.37688558510763
10
70.29365459543715
20
57.67721652309672
10
71.12065024130061
20
57.67721652309672
10
71.12065024130061
20
57.37688558510763
97
1
330

75
0
76
1
47
0.4128176842155181
98
1
10
34.90568961886538
20
22.81183545379326
450
0
451
0
460
0
461
0
452
1
462
1
453
2
463
0
63
5
421
255
463
1
63
7
421
16777215
470
LINEAR
1001
ACAD
1010
0
1020
0
1030
0
0
HATCH
5
e13
100
AcDbEntity
8
TopLayer
100
AcDbHatch
10
0
20
0
30
0
210
0
220
0
230
1
2
SOLID
70
1
71
0
91
1
92
7
72
0
73
1
93
4
10
70.35715011430034
20
57.38704597409196
10
70.35715011430034
20
57.66705613411227
10
71.05715011430038
20
57.66705613411227
10
71.05715011430038
20
57.38704597409196
97
1
330

75
0
76
1
47
0.4128176842155181
98
1
10
34.90568961886538
20
22.81183545379326
450
0
451
0
460
0
461
0
452
1
462
1
453
2
463
0
63
5
421
255
463
1
63
7
421
16777215
470
LINEAR
1001
ACAD
1010
0
1020
0
1030
0
0
HATCH
5
e16
100
AcDbEntity
8
TopSolderMaskLayer
100
AcDbHatch
10
0
20
0
30
0
210
0
220
0
230
1
2
SOLID
70
1
71
0
91
1
92
7
72
0
73
1
93
4
10
70.29365459543715
20
57.877012585361626
10
70.29365459543715
20
58.177343523350714
10
71.12065024130061
20
58.177343523350714
10
71.12065024130061
20
57.877012585361626
97
1
330

75
0
76
1
47
0.4128176842155181
98
1
10
34.90568961886538
20
22.81183545379326
450
0
451
0
460
0
461
0
452
1
462
1
453
2
463
0
63
5
421
255
463
1
63
7
421
16777215
470
LINEAR
1001
ACAD
1010
0
1020
0
1030
0
0
HATCH
5
e19
100
AcDbEntity
8
TopLayer
100
AcDbHatch
10
0
20
0
30
0
210
0
220
0
230
1
2
SOLID
70
1
71
0
91
1
92
7
72
0
73
1
93
4
10
70.35715011430034
20
57.88717297434607
10
70.35715011430034
20
58.16718313436627
10
71.05715011430038
20
58.16718313436627
10
71.05715011430038
20
57.88717297434607
97
1
330

75
0
76
1
47
0.4128176842155181
98
1
10
34.90568961886538
20
22.81183545379326
450
0
451
0
460
0
461
0
452
1
462
1
453
2
463
0
63
5
421
255
463
1
63
7
421
16777215
470
LINEAR
1001
ACAD
1010
0
1020
0
1030
0
0
HATCH
5
e1c
100
AcDbEntity
8
TopSolderMaskLayer
100
AcDbHatch
10
0
20
0
30
0
210
0
220
0
230
1
2
SOLID
70
1
71
0
91
1
92
7
72
0
73
1
93
4
10
70.29365459543715
20
58.376885585107516
10
70.29365459543715
20
58.67721652309672
10
71.12065024130061
20
58.67721652309672
10
71.12065024130061
20
58.376885585107516
97
1
330

75
0
76
1
47
0.4128176842155181
98
1
10
34.90568961886538
20
22.81183545379326
450
0
451
0
460
0
461
0
452
1
462
1
453
2
463
0
63
5
421
255
463
1
63
7
421
16777215
470
LINEAR
1001
ACAD
1010
0
1020
0
1030
0
0
HATCH
5
e1f
100
AcDbEntity
8
TopLayer
100
AcDbHatch
10
0
20
0
30
0
210
0
220
0
230
1
2
SOLID
70
1
71
0
91
1
92
7
72
0
73
1
93
4
10
70.35715011430034
20
58.38704597409196
10
70.35715011430034
20
58.667056134112386
10
71.05715011430038
20
58.667056134112386
10
71.05715011430038
20
58.38704597409196
97
1
330

75
0
76
1
47
0.4128176842155181
98
1
10
34.90568961886538
20
22.81183545379326
450
0
451
0
460
0
461
0
452
1
462
1
453
2
463
0
63
5
421
255
463
1
63
7
421
16777215
470
LINEAR
1001
ACAD
1010
0
1020
0
1030
0
0
HATCH
5
e22
100
AcDbEntity
8
TopSolderMaskLayer
100
AcDbHatch
10
0
20
0
30
0
210
0
220
0
230
1
2
SOLID
70
1
71
0
91
1
92
7
72
0
73
1
93
4
10
70.12247904495825
20
58.90170088174284
10
69.79166878333763
20
58.90170088174284
10
69.79166878333763
20
59.65250098334309
10
70.12247904495825
20
59.65250098334309
97
1
330

75
0
76
1
47
0.4128176842155181
98
1
10
34.90568961886538
20
22.81183545379326
450
0
451
0
460
0
461
0
452
1
462
1
453
2
463
0
63
5
421
255
463
1
63
7
421
16777215
470
LINEAR
1001
ACAD
1010
0
1020
0
1030
0
0
HATCH
5
e25
100
AcDbEntity
8
TopLayer
100
AcDbHatch
10
0
20
0
30
0
210
0
220
0
230
1
2
SOLID
70
1
71
0
91
1
92
7
72
0
73
1
93
4
10
70.09707899415798
20
58.927101854203784
10
69.8170688341379
20
58.927101854203784
10
69.8170688341379
20
59.62710185420383
10
70.09707899415798
20
59.62710185420383
97
1
330

75
0
76
1
47
0.4128176842155181
98
1
10
34.90568961886538
20
22.81183545379326
450
0
451
0
460
0
461
0
452
1
462
1
453
2
463
0
63
5
421
255
463
1
63
7
421
16777215
470
LINEAR
1001
ACAD
1010
0
1020
0
1030
0
0
HATCH
5
e28
100
AcDbEntity
8
TopSolderMaskLayer
100
AcDbHatch
10
0
20
0
30
0
210
0
220
0
230
1
2
SOLID
70
1
71
0
91
1
92
7
72
0
73
1
93
4
10
69.62260604521225
20
58.90170088174284
10
69.2917957835914
20
58.90170088174284
10
69.2917957835914
20
59.65250098334309
10
69.62260604521225
20
59.65250098334309
97
1
330

75
0
76
1
47
0.4128176842155181
98
1
10
34.90568961886538
20
22.81183545379326
450
0
451
0
460
0
461
0
452
1
462
1
453
2
463
0
63
5
421
255
463
1
63
7
421
16777215
470
LINEAR
1001
ACAD
1010
0
1020
0
1030
0
0
HATCH
5
e2b
100
AcDbEntity
8
TopLayer
100
AcDbHatch
10
0
20
0
30
0
210
0
220
0
230
1
2
SOLID
70
1
71
0
91
1
92
7
72
0
73
1
93
4
10
69.59720599441198
20
58.927101854203784
10
69.31719583439167
20
58.927101854203784
10
69.31719583439167
20
59.62710185420383
10
69.59720599441198
20
59.62710185420383
97
1
330

75
0
76
1
47
0.4128176842155181
98
1
10
34.90568961886538
20
22.81183545379326
450
0
451
0
460
0
461
0
452
1
462
1
453
2
463
0
63
5
421
255
463
1
63
7
421
16777215
470
LINEAR
1001
ACAD
1010
0
1020
0
1030
0
0
HATCH
5
e2e
100
AcDbEntity
8
TopSolderMaskLayer
100
AcDbHatch
10
0
20
0
30
0
210
0
220
0
230
1
2
SOLID
70
1
71
0
91
1
92
7
72
0
73
1
93
4
10
69.12247904495825
20
58.90170088174284
10
68.7916687833374
20
58.90170088174284
10
68.7916687833374
20
59.65250098334309
10
69.12247904495825
20
59.65250098334309
97
1
330

75
0
76
1
47
0.4128176842155181
98
1
10
34.90568961886538
20
22.81183545379326
450
0
451
0
460
0
461
0
452
1
462
1
453
2
463
0
63
5
421
255
463
1
63
7
421
16777215
470
LINEAR
1001
ACAD
1010
0
1020
0
1030
0
0
HATCH
5
e31
100
AcDbEntity
8
TopLayer
100
AcDbHatch
10
0
20
0
30
0
210
0
220
0
230
1
2
SOLID
70
1
71
0
91
1
92
7
72
0
73
1
93
4
10
69.09707899415798
20
58.927101854203784
10
68.81706883413767
20
58.927101854203784
10
68.81706883413767
20
59.62710185420383
10
69.09707899415798
20
59.62710185420383
97
1
330

75
0
76
1
47
0.4128176842155181
98
1
10
34.90568961886538
20
22.81183545379326
450
0
451
0
460
0
461
0
452
1
462
1
453
2
463
0
63
5
421
255
463
1
63
7
421
16777215
470
LINEAR
1001
ACAD
1010
0
1020
0
1030
0
0
HATCH
5
e34
100
AcDbEntity
8
TopSolderMaskLayer
100
AcDbHatch
10
0
20
0
30
0
210
0
220
0
230
1
2
SOLID
70
1
71
0
91
1
92
7
72
0
73
1
93
4
10
68.62260604521225
20
58.90170088174284
10
68.2917957835914
20
58.90170088174284
10
68.2917957835914
20
59.65250098334309
10
68.62260604521225
20
59.65250098334309
97
1
330

75
0
76
1
47
0.4128176842155181
98
1
10
34.90568961886538
20
22.81183545379326
450
0
451
0
460
0
461
0
452
1
462
1
453
2
463
0
63
5
421
255
463
1
63
7
421
16777215
470
LINEAR
1001
ACAD
1010
0
1020
0
1030
0
0
HATCH
5
e37
100
AcDbEntity
8
TopLayer
100
AcDbHatch
10
0
20
0
30
0
210
0
220
0
230
1
2
SOLID
70
1
71
0
91
1
92
7
72
0
73
1
93
4
10
68.5972059944122
20
58.927101854203784
10
68.31719583439167
20
58.927101854203784
10
68.31719583439167
20
59.62710185420383
10
68.5972059944122
20
59.62710185420383
97
1
330

75
0
76
1
47
0.4128176842155181
98
1
10
34.90568961886538
20
22.81183545379326
450
0
451
0
460
0
461
0
452
1
462
1
453
2
463
0
63
5
421
255
463
1
63
7
421
16777215
470
LINEAR
1001
ACAD
1010
0
1020
0
1030
0
0
HATCH
5
e3a
100
AcDbEntity
8
TopSolderMaskLayer
100
AcDbHatch
10
0
20
0
30
0
210
0
220
0
230
1
2
SOLID
70
1
71
0
91
1
92
7
72
0
73
1
93
4
10
68.12247904495825
20
58.90170088174284
10
67.7916687833374
20
58.90170088174284
10
67.7916687833374
20
59.65250098334309
10
68.12247904495825
20
59.65250098334309
97
1
330

75
0
76
1
47
0.4128176842155181
98
1
10
34.90568961886538
20
22.81183545379326
450
0
451
0
460
0
461
0
452
1
462
1
453
2
463
0
63
5
421
255
463
1
63
7
421
16777215
470
LINEAR
1001
ACAD
1010
0
1020
0
1030
0
0
HATCH
5
e3d
100
AcDbEntity
8
TopLayer
100
AcDbHatch
10
0
20
0
30
0
210
0
220
0
230
1
2
SOLID
70
1
71
0
91
1
92
7
72
0
73
1
93
4
10
68.09707899415821
20
58.927101854203784
10
67.81706883413767
20
58.927101854203784
10
67.81706883413767
20
59.62710185420383
10
68.09707899415821
20
59.62710185420383
97
1
330

75
0
76
1
47
0.4128176842155181
98
1
10
34.90568961886538
20
22.81183545379326
450
0
451
0
460
0
461
0
452
1
462
1
453
2
463
0
63
5
421
255
463
1
63
7
421
16777215
470
LINEAR
1001
ACAD
1010
0
1020
0
1030
0
0
HATCH
5
e40
100
AcDbEntity
8
TopSolderMaskLayer
100
AcDbHatch
10
0
20
0
30
0
210
0
220
0
230
1
2
SOLID
70
1
71
0
91
1
92
7
72
0
73
1
93
4
10
67.63048006096005
20
58.90170088174284
10
67.29966979933943
20
58.90170088174284
10
67.29966979933943
20
59.65250098334309
10
67.63048006096005
20
59.65250098334309
97
1
330

75
0
76
1
47
0.4128176842155181
98
1
10
34.90568961886538
20
22.81183545379326
450
0
451
0
460
0
461
0
452
1
462
1
453
2
463
0
63
5
421
255
463
1
63
7
421
16777215
470
LINEAR
1001
ACAD
1010
0
1020
0
1030
0
0
HATCH
5
e43
100
AcDbEntity
8
TopLayer
100
AcDbHatch
10
0
20
0
30
0
210
0
220
0
230
1
2
SOLID
70
1
71
0
91
1
92
7
72
0
73
1
93
4
10
67.60508001016001
20
58.927101854203784
10
67.3250698501397
20
58.927101854203784
10
67.3250698501397
20
59.62710185420383
10
67.60508001016001
20
59.62710185420383
97
1
330

75
0
76
1
47
0.4128176842155181
98
1
10
34.90568961886538
20
22.81183545379326
450
0
451
0
460
0
461
0
452
1
462
1
453
2
463
0
63
5
421
255
463
1
63
7
421
16777215
470
LINEAR
1001
ACAD
1010
0
1020
0
1030
0
0
HATCH
5
e46
100
AcDbEntity
8
TopSolderMaskLayer
100
AcDbHatch
10
0
20
0
30
0
210
0
220
0
230
1
2
SOLID
70
1
71
0
91
1
92
7
72
0
73
1
93
4
10
66.29365459543669
20
58.376885585107516
10
66.29365459543669
20
58.67721652309672
10
67.12065024130038
20
58.67721652309672
10
67.12065024130038
20
58.376885585107516
97
1
330

75
0
76
1
47
0.4128176842155181
98
1
10
34.90568961886538
20
22.81183545379326
450
0
451
0
460
0
461
0
452
1
462
1
453
2
463
0
63
5
421
255
463
1
63
7
421
16777215
470
LINEAR
1001
ACAD
1010
0
1020
0
1030
0
0
HATCH
5
e49
100
AcDbEntity
8
TopLayer
100
AcDbHatch
10
0
20
0
30
0
210
0
220
0
230
1
2
SOLID
70
1
71
0
91
1
92
7
72
0
73
1
93
4
10
66.35715011430011
20
58.38704597409196
10
66.35715011430011
20
58.667056134112386
10
67.05715011430016
20
58.667056134112386
10
67.05715011430016
20
58.38704597409196
97
1
330

75
0
76
1
47
0.4128176842155181
98
1
10
34.90568961886538
20
22.81183545379326
450
0
451
0
460
0
461
0
452
1
462
1
453
2
463
0
63
5
421
255
463
1
63
7
421
16777215
470
LINEAR
1001
ACAD
1010
0
1020
0
1030
0
0
HATCH
5
e4c
100
AcDbEntity
8
TopSolderMaskLayer
100
AcDbHatch
10
0
20
0
30
0
210
0
220
0
230
1
2
SOLID
70
1
71
0
91
1
92
7
72
0
73
1
93
4
10
66.29365459543669
20
57.877012585361626
10
66.29365459543669
20
58.177343523350714
10
67.12065024130038
20
58.177343523350714
10
67.12065024130038
20
57.877012585361626
97
1
330

75
0
76
1
47
0.4128176842155181
98
1
10
34.90568961886538
20
22.81183545379326
450
0
451
0
460
0
461
0
452
1
462
1
453
2
463
0
63
5
421
255
463
1
63
7
421
16777215
470
LINEAR
1001
ACAD
1010
0
1020
0
1030
0
0
HATCH
5
e4f
100
AcDbEntity
8
TopLayer
100
AcDbHatch
10
0
20
0
30
0
210
0
220
0
230
1
2
SOLID
70
1
71
0
91
1
92
7
72
0
73
1
93
4
10
66.35715011430011
20
57.88717297434607
10
66.35715011430011
20
58.16718313436627
10
67.05715011430016
20
58.16718313436627
10
67.05715011430016
20
57.88717297434607
97
1
330

75
0
76
1
47
0.4128176842155181
98
1
10
34.90568961886538
20
22.81183545379326
450
0
451
0
460
0
461
0
452
1
462
1
453
2
463
0
63
5
421
255
463
1
63
7
421
16777215
470
LINEAR
1001
ACAD
1010
0
1020
0
1030
0
0
HATCH
5
e52
100
AcDbEntity
8
TopSolderMaskLayer
100
AcDbHatch
10
0
20
0
30
0
210
0
220
0
230
1
2
SOLID
70
1
71
0
91
1
92
7
72
0
73
1
93
4
10
66.29365459543669
20
57.37688558510763
10
66.29365459543669
20
57.67721652309672
10
67.12065024130038
20
57.67721652309672
10
67.12065024130038
20
57.37688558510763
97
1
330

75
0
76
1
47
0.4128176842155181
98
1
10
34.90568961886538
20
22.81183545379326
450
0
451
0
460
0
461
0
452
1
462
1
453
2
463
0
63
5
421
255
463
1
63
7
421
16777215
470
LINEAR
1001
ACAD
1010
0
1020
0
1030
0
0
HATCH
5
e55
100
AcDbEntity
8
TopLayer
100
AcDbHatch
10
0
20
0
30
0
210
0
220
0
230
1
2
SOLID
70
1
71
0
91
1
92
7
72
0
73
1
93
4
10
66.35715011430011
20
57.38704597409196
10
66.35715011430011
20
57.66705613411227
10
67.05715011430016
20
57.66705613411227
10
67.05715011430016
20
57.38704597409196
97
1
330

75
0
76
1
47
0.4128176842155181
98
1
10
34.90568961886538
20
22.81183545379326
450
0
451
0
460
0
461
0
452
1
462
1
453
2
463
0
63
5
421
255
463
1
63
7
421
16777215
470
LINEAR
1001
ACAD
1010
0
1020
0
1030
0
0
HATCH
5
e58
100
AcDbEntity
8
TopSolderMaskLayer
100
AcDbHatch
10
0
20
0
30
0
210
0
220
0
230
1
2
SOLID
70
1
71
0
91
1
92
7
72
0
73
1
93
4
10
66.29365459543669
20
56.877012585361626
10
66.29365459543669
20
57.177343523350714
10
67.12065024130038
20
57.177343523350714
10
67.12065024130038
20
56.877012585361626
97
1
330

75
0
76
1
47
0.4128176842155181
98
1
10
34.90568961886538
20
22.81183545379326
450
0
451
0
460
0
461
0
452
1
462
1
453
2
463
0
63
5
421
255
463
1
63
7
421
16777215
470
LINEAR
1001
ACAD
1010
0
1020
0
1030
0
0
HATCH
5
e5b
100
AcDbEntity
8
TopLayer
100
AcDbHatch
10
0
20
0
30
0
210
0
220
0
230
1
2
SOLID
70
1
71
0
91
1
92
7
72
0
73
1
93
4
10
66.35715011430011
20
56.88717297434607
10
66.35715011430011
20
57.16718313436627
10
67.05715011430016
20
57.16718313436627
10
67.05715011430016
20
56.88717297434607
97
1
330

75
0
76
1
47
0.4128176842155181
98
1
10
34.90568961886538
20
22.81183545379326
450
0
451
0
460
0
461
0
452
1
462
1
453
2
463
0
63
5
421
255
463
1
63
7
421
16777215
470
LINEAR
1001
ACAD
1010
0
1020
0
1030
0
0
HATCH
5
e5e
100
AcDbEntity
8
TopSolderMaskLayer
100
AcDbHatch
10
0
20
0
30
0
210
0
220
0
230
1
2
SOLID
70
1
71
0
91
1
92
7
72
0
73
1
93
4
10
66.29365459543669
20
56.37688558510763
10
66.29365459543669
20
56.67721652309672
10
67.12065024130038
20
56.67721652309672
10
67.12065024130038
20
56.37688558510763
97
1
330

75
0
76
1
47
0.4128176842155181
98
1
10
34.90568961886538
20
22.81183545379326
450
0
451
0
460
0
461
0
452
1
462
1
453
2
463
0
63
5
421
255
463
1
63
7
421
16777215
470
LINEAR
1001
ACAD
1010
0
1020
0
1030
0
0
HATCH
5
e61
100
AcDbEntity
8
TopLayer
100
AcDbHatch
10
0
20
0
30
0
210
0
220
0
230
1
2
SOLID
70
1
71
0
91
1
92
7
72
0
73
1
93
4
10
66.35715011430011
20
56.387045974092075
10
66.35715011430011
20
56.66705613411227
10
67.05715011430016
20
56.66705613411227
10
67.05715011430016
20
56.387045974092075
97
1
330

75
0
76
1
47
0.4128176842155181
98
1
10
34.90568961886538
20
22.81183545379326
450
0
451
0
460
0
461
0
452
1
462
1
453
2
463
0
63
5
421
255
463
1
63
7
421
16777215
470
LINEAR
1001
ACAD
1010
0
1020
0
1030
0
0
HATCH
5
e64
100
AcDbEntity
8
TopSolderMaskLayer
100
AcDbHatch
10
0
20
0
30
0
210
0
220
0
230
1
2
SOLID
70
1
71
0
91
1
92
7
72
0
73
1
93
4
10
66.29365459543669
20
55.87701258536151
10
66.29365459543669
20
56.177343523350714
10
67.12065024130038
20
56.177343523350714
10
67.12065024130038
20
55.87701258536151
97
1
330

75
0
76
1
47
0.4128176842155181
98
1
10
34.90568961886538
20
22.81183545379326
450
0
451
0
460
0
461
0
452
1
462
1
453
2
463
0
63
5
421
255
463
1
63
7
421
16777215
470
LINEAR
1001
ACAD
1010
0
1020
0
1030
0
0
HATCH
5
e67
100
AcDbEntity
8
TopLayer
100
AcDbHatch
10
0
20
0
30
0
210
0
220
0
230
1
2
SOLID
70
1
71
0
91
1
92
7
72
0
73
1
93
4
10
66.35715011430011
20
55.88717297434596
10
66.35715011430011
20
56.16718313436638
10
67.05715011430016
20
56.16718313436638
10
67.05715011430016
20
55.88717297434596
97
1
330

75
0
76
1
47
0.4128176842155181
98
1
10
34.90568961886538
20
22.81183545379326
450
0
451
0
460
0
461
0
452
1
462
1
453
2
463
0
63
5
421
255
463
1
63
7
421
16777215
470
LINEAR
1001
ACAD
1010
0
1020
0
1030
0
0
HATCH
5
e6a
100
AcDbEntity
8
TopSolderMaskLayer
100
AcDbHatch
10
0
20
0
30
0
210
0
220
0
230
1
2
SOLID
70
1
71
0
91
1
92
7
72
0
73
1
93
4
10
67.29443738887471
20
55.85171450342898
10
67.29443738887471
20
58.70251460502925
10
70.14523749047521
20
58.70251460502925
10
70.14523749047521
20
55.85171450342898
97
1
330

75
0
76
1
47
0.4128176842155181
98
1
10
34.90568961886538
20
22.81183545379326
450
0
451
0
460
0
461
0
452
1
462
1
453
2
463
0
63
5
421
255
463
1
63
7
421
16777215
470
LINEAR
1001
ACAD
1010
0
1020
0
1030
0
0
HATCH
5
e6d
100
AcDbEntity
8
TopLayer
100
AcDbHatch
10
0
20
0
30
0
210
0
220
0
230
1
2
SOLID
70
1
71
0
91
1
92
7
72
0
73
1
93
4
10
67.31983743967498
20
55.87711455422914
10
67.31983743967498
20
58.677114554229206
10
70.11983743967494
20
58.677114554229206
10
70.11983743967494
20
55.87711455422914
97
1
330

75
0
76
1
47
0.4128176842155181
98
1
10
34.90568961886538
20
22.81183545379326
450
0
451
0
460
0
461
0
452
1
462
1
453
2
463
0
63
5
421
255
463
1
63
7
421
16777215
470
LINEAR
1001
ACAD
1010
0
1020
0
1030
0
  0
CIRCLE
  5
e6e
330
1F
100
AcDbEntity
  8
TopSolderMaskLayer
100
AcDbCircle
 10
49.403098806197704
 20
51.56210312420626
 30
0.0
 40
0.5169333672000678
0
HATCH
5
e70
100
AcDbEntity
8
TopSolderMaskLayer
100
AcDbHatch
10
0
20
0
30
0
210
0
220
0
230
1
2
SOLID
70
1
71
0
91
1
92
7
72
0
73
1
93
4
10
48.627711885531426
20
52.337516305140184
10
50.178511987131515
20
52.337516305140184
10
50.178511987131515
20
50.78668994327245
10
48.627711885531426
20
50.78668994327245
97
1
330

75
0
76
1
47
0.4128176842155181
98
1
10
34.90568961886538
20
22.81183545379326
450
0
451
0
460
0
461
0
452
1
462
1
453
2
463
0
63
5
421
255
463
1
63
7
421
16777215
470
LINEAR
1001
ACAD
1010
0
1020
0
1030
0
  0
CIRCLE
  5
e71
330
1F
100
AcDbEntity
  8
BottomSolderMaskLayer
100
AcDbCircle
 10
49.403098806197704
 20
51.56210312420626
 30
0.0
 40
0.5169333672000678
0
HATCH
5
e73
100
AcDbEntity
8
BottomSolderMaskLayer
100
AcDbHatch
10
0
20
0
30
0
210
0
220
0
230
1
2
SOLID
70
1
71
0
91
1
92
7
72
0
73
1
93
4
10
48.627711885531426
20
52.337516305140184
10
50.178511987131515
20
52.337516305140184
10
50.178511987131515
20
50.78668994327245
10
48.627711885531426
20
50.78668994327245
97
1
330

75
0
76
1
47
0.4128176842155181
98
1
10
34.90568961886538
20
22.81183545379326
450
0
451
0
460
0
461
0
452
1
462
1
453
2
463
0
63
5
421
255
463
1
63
7
421
16777215
470
LINEAR
1001
ACAD
1010
0
1020
0
1030
0
  0
CIRCLE
  5
e74
330
1F
100
AcDbEntity
  8
Multi-Layer
100
AcDbCircle
 10
49.403098806197704
 20
51.56210312420626
 30
0.0
 40
0.5
0
HATCH
5
e76
100
AcDbEntity
8
Multi-Layer
100
AcDbHatch
10
0
20
0
30
0
210
0
220
0
230
1
2
SOLID
70
1
71
0
91
1
92
7
72
0
73
1
93
4
10
48.65311150622301
20
52.31211582423168
10
50.15311150622301
20
52.31211582423168
10
50.15311150622301
20
50.81209042418084
10
48.65311150622301
20
50.81209042418084
97
1
330

75
0
76
1
47
0.4128176842155181
98
1
10
34.90568961886538
20
22.81183545379326
450
0
451
0
460
0
461
0
452
1
462
1
453
2
463
0
63
5
421
255
463
1
63
7
421
16777215
470
LINEAR
1001
ACAD
1010
0
1020
0
1030
0
  0
CIRCLE
  5
ef5
330
1F
100
AcDbEntity
  8
TopSolderMaskLayer
100
AcDbCircle
 10
70.35814071628147
 20
51.56210312420626
 30
0.0
 40
0.5677550451875099
0
HATCH
5
ef7
100
AcDbEntity
8
TopSolderMaskLayer
100
AcDbHatch
10
0
20
0
30
0
210
0
220
0
230
1
2
SOLID
70
1
71
0
91
1
92
7
72
0
73
1
93
4
10
69.545339090678
20
52.43751625453922
10
71.17094234188494
20
52.43751625453922
10
71.17094234188494
20
50.686689993873415
10
69.545339090678
20
50.686689993873415
97
1
330

75
0
76
1
47
0.4128176842155181
98
1
10
34.90568961886538
20
22.81183545379326
450
0
451
0
460
0
461
0
452
1
462
1
453
2
463
0
63
5
421
255
463
1
63
7
421
16777215
470
LINEAR
1001
ACAD
1010
0
1020
0
1030
0
  0
CIRCLE
  5
ef8
330
1F
100
AcDbEntity
  8
BottomSolderMaskLayer
100
AcDbCircle
 10
70.35814071628147
 20
51.56210312420626
 30
0.0
 40
0.5677550451875099
0
HATCH
5
efa
100
AcDbEntity
8
BottomSolderMaskLayer
100
AcDbHatch
10
0
20
0
30
0
210
0
220
0
230
1
2
SOLID
70
1
71
0
91
1
92
7
72
0
73
1
93
4
10
69.545339090678
20
52.43751625453922
10
71.17094234188494
20
52.43751625453922
10
71.17094234188494
20
50.686689993873415
10
69.545339090678
20
50.686689993873415
97
1
330

75
0
76
1
47
0.4128176842155181
98
1
10
34.90568961886538
20
22.81183545379326
450
0
451
0
460
0
461
0
452
1
462
1
453
2
463
0
63
5
421
255
463
1
63
7
421
16777215
470
LINEAR
1001
ACAD
1010
0
1020
0
1030
0
  0
CIRCLE
  5
efb
330
1F
100
AcDbEntity
  8
Multi-Layer
100
AcDbCircle
 10
70.35814071628147
 20
51.56210312420626
 30
0.0
 40
0.5500127000254001
0
HATCH
5
efd
100
AcDbEntity
8
Multi-Layer
100
AcDbHatch
10
0
20
0
30
0
210
0
220
0
230
1
2
SOLID
70
1
71
0
91
1
92
7
72
0
73
1
93
4
10
69.57073914147827
20
52.412115824231705
10
71.14554229108467
20
52.412115824231705
10
71.14554229108467
20
50.712090424180815
10
69.57073914147827
20
50.712090424180815
97
1
330

75
0
76
1
47
0.4128176842155181
98
1
10
34.90568961886538
20
22.81183545379326
450
0
451
0
460
0
461
0
452
1
462
1
453
2
463
0
63
5
421
255
463
1
63
7
421
16777215
470
LINEAR
1001
ACAD
1010
0
1020
0
1030
0
  0
CIRCLE
  5
f3d
330
1F
100
AcDbEntity
  8
TopSolderMaskLayer
100
AcDbCircle
 10
20.891871983744068
 20
58.9919481838964
 30
0.0
 40
0.5677550451875099
0
HATCH
5
f3f
100
AcDbEntity
8
TopSolderMaskLayer
100
AcDbHatch
10
0
20
0
30
0
210
0
220
0
230
1
2
SOLID
70
1
71
0
91
1
92
7
72
0
73
1
93
4
10
19.696686522405344
20
59.03754343523872
10
20.846171556859417
20
60.184356871180626
10
22.08703122567522
20
58.94635293255419
10
20.93757241062849
20
57.799513337546614
97
1
330

75
0
76
1
47
0.4128176842155181
98
1
10
34.90568961886538
20
22.81183545379326
450
0
451
0
460
0
461
0
452
1
462
1
453
2
463
0
63
5
421
255
463
1
63
7
421
16777215
470
LINEAR
1001
ACAD
1010
0
1020
0
1030
0
  0
CIRCLE
  5
f40
330
1F
100
AcDbEntity
  8
BottomSolderMaskLayer
100
AcDbCircle
 10
20.891871983744068
 20
58.9919481838964
 30
0.0
 40
0.5677550451875099
0
HATCH
5
f42
100
AcDbEntity
8
BottomSolderMaskLayer
100
AcDbHatch
10
0
20
0
30
0
210
0
220
0
230
1
2
SOLID
70
1
71
0
91
1
92
7
72
0
73
1
93
4
10
19.696686522405344
20
59.03754343523872
10
20.846171556859417
20
60.184356871180626
10
22.08703122567522
20
58.94635293255419
10
20.93757241062849
20
57.799513337546614
97
1
330

75
0
76
1
47
0.4128176842155181
98
1
10
34.90568961886538
20
22.81183545379326
450
0
451
0
460
0
461
0
452
1
462
1
453
2
463
0
63
5
421
255
463
1
63
7
421
16777215
470
LINEAR
1001
ACAD
1010
0
1020
0
1030
0
  0
CIRCLE
  5
f43
330
1F
100
AcDbEntity
  8
Multi-Layer
100
AcDbCircle
 10
20.891871983744068
 20
58.9919481838964
 30
0.0
 40
0.5500127000254001
0
HATCH
5
f45
100
AcDbEntity
8
Multi-Layer
100
AcDbHatch
10
0
20
0
30
0
210
0
220
0
230
1
2
SOLID
70
1
71
0
91
1
92
7
72
0
73
1
93
4
10
19.7340360680721
20
59.03622047244096
10
20.847599695199506
20
60.149758699517406
10
22.049682499364962
20
58.94767589535195
10
20.936144272288402
20
57.834112268224544
97
1
330

75
0
76
1
47
0.4128176842155181
98
1
10
34.90568961886538
20
22.81183545379326
450
0
451
0
460
0
461
0
452
1
462
1
453
2
463
0
63
5
421
255
463
1
63
7
421
16777215
470
LINEAR
1001
ACAD
1010
0
1020
0
1030
0
0
HATCH
5
fb4
100
AcDbEntity
8
TopSolderMaskLayer
100
AcDbHatch
10
0
20
0
30
0
210
0
220
0
230
1
2
SOLID
70
1
71
0
91
1
92
7
72
0
73
1
93
4
10
82.86599511048485
20
74.97285860618194
10
82.86599511048485
20
75.59936271431866
10
84.11337574718164
20
75.59936271431866
10
84.11337574718164
20
74.97285860618194
97
1
330

75
0
76
1
47
0.4128176842155181
98
1
10
34.90568961886538
20
22.81183545379326
450
0
451
0
460
0
461
0
452
1
462
1
453
2
463
0
63
5
421
255
463
1
63
7
421
16777215
470
LINEAR
1001
ACAD
1010
0
1020
0
1030
0
0
HATCH
5
fb7
100
AcDbEntity
8
TopLayer
100
AcDbHatch
10
0
20
0
30
0
210
0
220
0
230
1
2
SOLID
70
1
71
0
91
1
92
7
72
0
73
1
93
4
10
82.91468122936249
20
74.98610617221243
10
82.91468122936249
20
75.58610617221234
10
84.06469392938789
20
75.58610617221234
10
84.06469392938789
20
74.98610617221243
97
1
330

75
0
76
1
47
0.4128176842155181
98
1
10
34.90568961886538
20
22.81183545379326
450
0
451
0
460
0
461
0
452
1
462
1
453
2
463
0
63
5
421
255
463
1
63
7
421
16777215
470
LINEAR
1001
ACAD
1010
0
1020
0
1030
0
0
HATCH
5
fba
100
AcDbEntity
8
TopSolderMaskLayer
100
AcDbHatch
10
0
20
0
30
0
210
0
220
0
230
1
2
SOLID
70
1
71
0
91
1
92
7
72
0
73
1
93
4
10
82.86599511048485
20
75.77285411814398
10
82.86599511048485
20
76.39935822628081
10
84.11337574718164
20
76.39935822628081
10
84.11337574718164
20
75.77285411814398
97
1
330

75
0
76
1
47
0.4128176842155181
98
1
10
34.90568961886538
20
22.81183545379326
450
0
451
0
460
0
461
0
452
1
462
1
453
2
463
0
63
5
421
255
463
1
63
7
421
16777215
470
LINEAR
1001
ACAD
1010
0
1020
0
1030
0
0
HATCH
5
fbd
100
AcDbEntity
8
TopLayer
100
AcDbHatch
10
0
20
0
30
0
210
0
220
0
230
1
2
SOLID
70
1
71
0
91
1
92
7
72
0
73
1
93
4
10
82.91468122936249
20
75.78610617221238
10
82.91468122936249
20
76.38610617221241
10
84.06469392938789
20
76.38610617221241
10
84.06469392938789
20
75.78610617221238
97
1
330

75
0
76
1
47
0.4128176842155181
98
1
10
34.90568961886538
20
22.81183545379326
450
0
451
0
460
0
461
0
452
1
462
1
453
2
463
0
63
5
421
255
463
1
63
7
421
16777215
470
LINEAR
1001
ACAD
1010
0
1020
0
1030
0
0
HATCH
5
fc0
100
AcDbEntity
8
TopSolderMaskLayer
100
AcDbHatch
10
0
20
0
30
0
210
0
220
0
230
1
2
SOLID
70
1
71
0
91
1
92
7
72
0
73
1
93
4
10
82.86599511048485
20
81.37285636216302
10
82.86599511048485
20
81.99936047029973
10
84.11337574718164
20
81.99936047029973
10
84.11337574718164
20
81.37285636216302
97
1
330

75
0
76
1
47
0.4128176842155181
98
1
10
34.90568961886538
20
22.81183545379326
450
0
451
0
460
0
461
0
452
1
462
1
453
2
463
0
63
5
421
255
463
1
63
7
421
16777215
470
LINEAR
1001
ACAD
1010
0
1020
0
1030
0
0
HATCH
5
fc3
100
AcDbEntity
8
TopLayer
100
AcDbHatch
10
0
20
0
30
0
210
0
220
0
230
1
2
SOLID
70
1
71
0
91
1
92
7
72
0
73
1
93
4
10
82.91468122936249
20
81.38610617221241
10
82.91468122936249
20
81.98610617221243
10
84.06469392938789
20
81.98610617221243
10
84.06469392938789
20
81.38610617221241
97
1
330

75
0
76
1
47
0.4128176842155181
98
1
10
34.90568961886538
20
22.81183545379326
450
0
451
0
460
0
461
0
452
1
462
1
453
2
463
0
63
5
421
255
463
1
63
7
421
16777215
470
LINEAR
1001
ACAD
1010
0
1020
0
1030
0
0
HATCH
5
fc6
100
AcDbEntity
8
TopSolderMaskLayer
100
AcDbHatch
10
0
20
0
30
0
210
0
220
0
230
1
2
SOLID
70
1
71
0
91
1
92
7
72
0
73
1
93
4
10
82.86599511048485
20
80.57284963010602
10
82.86599511048485
20
81.19935373824273
10
84.11337574718164
20
81.19935373824273
10
84.11337574718164
20
80.57284963010602
97
1
330

75
0
76
1
47
0.4128176842155181
98
1
10
34.90568961886538
20
22.81183545379326
450
0
451
0
460
0
461
0
452
1
462
1
453
2
463
0
63
5
421
255
463
1
63
7
421
16777215
470
LINEAR
1001
ACAD
1010
0
1020
0
1030
0
0
HATCH
5
fc9
100
AcDbEntity
8
TopLayer
100
AcDbHatch
10
0
20
0
30
0
210
0
220
0
230
1
2
SOLID
70
1
71
0
91
1
92
7
72
0
73
1
93
4
10
82.91468122936249
20
80.58610617221234
10
82.91468122936249
20
81.18610617221236
10
84.06469392938789
20
81.18610617221236
10
84.06469392938789
20
80.58610617221234
97
1
330

75
0
76
1
47
0.4128176842155181
98
1
10
34.90568961886538
20
22.81183545379326
450
0
451
0
460
0
461
0
452
1
462
1
453
2
463
0
63
5
421
255
463
1
63
7
421
16777215
470
LINEAR
1001
ACAD
1010
0
1020
0
1030
0
0
HATCH
5
fcc
100
AcDbEntity
8
TopSolderMaskLayer
100
AcDbHatch
10
0
20
0
30
0
210
0
220
0
230
1
2
SOLID
70
1
71
0
91
1
92
7
72
0
73
1
93
4
10
82.8173089916072
20
80.07944857407517
10
82.8173089916072
20
80.392727150204
10
84.16205756497538
20
80.392727150204
10
84.16205756497538
20
80.07944857407517
97
1
330

75
0
76
1
47
0.4128176842155181
98
1
10
34.90568961886538
20
22.81183545379326
450
0
451
0
460
0
461
0
452
1
462
1
453
2
463
0
63
5
421
255
463
1
63
7
421
16777215
470
LINEAR
1001
ACAD
1010
0
1020
0
1030
0
0
HATCH
5
fcf
100
AcDbEntity
8
TopLayer
100
AcDbHatch
10
0
20
0
30
0
210
0
220
0
230
1
2
SOLID
70
1
71
0
91
1
92
7
72
0
73
1
93
4
10
82.91468122936249
20
80.0860807721615
10
82.91468122936249
20
80.38610617221241
10
84.06469392938789
20
80.38610617221241
10
84.06469392938789
20
80.0860807721615
97
1
330

75
0
76
1
47
0.4128176842155181
98
1
10
34.90568961886538
20
22.81183545379326
450
0
451
0
460
0
461
0
452
1
462
1
453
2
463
0
63
5
421
255
463
1
63
7
421
16777215
470
LINEAR
1001
ACAD
1010
0
1020
0
1030
0
0
HATCH
5
fd2
100
AcDbEntity
8
TopSolderMaskLayer
100
AcDbHatch
10
0
20
0
30
0
210
0
220
0
230
1
2
SOLID
70
1
71
0
91
1
92
7
72
0
73
1
93
4
10
82.8173089916072
20
79.5794541841226
10
82.8173089916072
20
79.8927327602513
10
84.16205756497538
20
79.8927327602513
10
84.16205756497538
20
79.5794541841226
97
1
330

75
0
76
1
47
0.4128176842155181
98
1
10
34.90568961886538
20
22.81183545379326
450
0
451
0
460
0
461
0
452
1
462
1
453
2
463
0
63
5
421
255
463
1
63
7
421
16777215
470
LINEAR
1001
ACAD
1010
0
1020
0
1030
0
0
HATCH
5
fd5
100
AcDbEntity
8
TopLayer
100
AcDbHatch
10
0
20
0
30
0
210
0
220
0
230
1
2
SOLID
70
1
71
0
91
1
92
7
72
0
73
1
93
4
10
82.91468122936249
20
79.5860807721615
10
82.91468122936249
20
79.8861061722123
10
84.06469392938789
20
79.8861061722123
10
84.06469392938789
20
79.5860807721615
97
1
330

75
0
76
1
47
0.4128176842155181
98
1
10
34.90568961886538
20
22.81183545379326
450
0
451
0
460
0
461
0
452
1
462
1
453
2
463
0
63
5
421
255
463
1
63
7
421
16777215
470
LINEAR
1001
ACAD
1010
0
1020
0
1030
0
0
HATCH
5
fd8
100
AcDbEntity
8
TopSolderMaskLayer
100
AcDbHatch
10
0
20
0
30
0
210
0
220
0
230
1
2
SOLID
70
1
71
0
91
1
92
7
72
0
73
1
93
4
10
82.8173089916072
20
79.07944857407517
10
82.8173089916072
20
79.39272715020388
10
84.16205756497538
20
79.39272715020388
10
84.16205756497538
20
79.07944857407517
97
1
330

75
0
76
1
47
0.4128176842155181
98
1
10
34.90568961886538
20
22.81183545379326
450
0
451
0
460
0
461
0
452
1
462
1
453
2
463
0
63
5
421
255
463
1
63
7
421
16777215
470
LINEAR
1001
ACAD
1010
0
1020
0
1030
0
0
HATCH
5
fdb
100
AcDbEntity
8
TopLayer
100
AcDbHatch
10
0
20
0
30
0
210
0
220
0
230
1
2
SOLID
70
1
71
0
91
1
92
7
72
0
73
1
93
4
10
82.91468122936249
20
79.08608077216161
10
82.91468122936249
20
79.38610617221241
10
84.06469392938789
20
79.38610617221241
10
84.06469392938789
20
79.08608077216161
97
1
330

75
0
76
1
47
0.4128176842155181
98
1
10
34.90568961886538
20
22.81183545379326
450
0
451
0
460
0
461
0
452
1
462
1
453
2
463
0
63
5
421
255
463
1
63
7
421
16777215
470
LINEAR
1001
ACAD
1010
0
1020
0
1030
0
0
HATCH
5
fde
100
AcDbEntity
8
TopSolderMaskLayer
100
AcDbHatch
10
0
20
0
30
0
210
0
220
0
230
1
2
SOLID
70
1
71
0
91
1
92
7
72
0
73
1
93
4
10
82.8173089916072
20
78.5794541841226
10
82.8173089916072
20
78.8927327602513
10
84.16205756497538
20
78.8927327602513
10
84.16205756497538
20
78.5794541841226
97
1
330

75
0
76
1
47
0.4128176842155181
98
1
10
34.90568961886538
20
22.81183545379326
450
0
451
0
460
0
461
0
452
1
462
1
453
2
463
0
63
5
421
255
463
1
63
7
421
16777215
470
LINEAR
1001
ACAD
1010
0
1020
0
1030
0
0
HATCH
5
fe1
100
AcDbEntity
8
TopLayer
100
AcDbHatch
10
0
20
0
30
0
210
0
220
0
230
1
2
SOLID
70
1
71
0
91
1
92
7
72
0
73
1
93
4
10
82.91468122936249
20
78.58608077216161
10
82.91468122936249
20
78.88610617221241
10
84.06469392938789
20
78.88610617221241
10
84.06469392938789
20
78.58608077216161
97
1
330

75
0
76
1
47
0.4128176842155181
98
1
10
34.90568961886538
20
22.81183545379326
450
0
451
0
460
0
461
0
452
1
462
1
453
2
463
0
63
5
421
255
463
1
63
7
421
16777215
470
LINEAR
1001
ACAD
1010
0
1020
0
1030
0
0
HATCH
5
fe4
100
AcDbEntity
8
TopSolderMaskLayer
100
AcDbHatch
10
0
20
0
30
0
210
0
220
0
230
1
2
SOLID
70
1
71
0
91
1
92
7
72
0
73
1
93
4
10
82.8173089916072
20
78.07944857407529
10
82.8173089916072
20
78.39272715020388
10
84.16205756497538
20
78.39272715020388
10
84.16205756497538
20
78.07944857407529
97
1
330

75
0
76
1
47
0.4128176842155181
98
1
10
34.90568961886538
20
22.81183545379326
450
0
451
0
460
0
461
0
452
1
462
1
453
2
463
0
63
5
421
255
463
1
63
7
421
16777215
470
LINEAR
1001
ACAD
1010
0
1020
0
1030
0
0
HATCH
5
fe7
100
AcDbEntity
8
TopLayer
100
AcDbHatch
10
0
20
0
30
0
210
0
220
0
230
1
2
SOLID
70
1
71
0
91
1
92
7
72
0
73
1
93
4
10
82.91468122936249
20
78.08608077216161
10
82.91468122936249
20
78.38610617221241
10
84.06469392938789
20
78.38610617221241
10
84.06469392938789
20
78.08608077216161
97
1
330

75
0
76
1
47
0.4128176842155181
98
1
10
34.90568961886538
20
22.81183545379326
450
0
451
0
460
0
461
0
452
1
462
1
453
2
463
0
63
5
421
255
463
1
63
7
421
16777215
470
LINEAR
1001
ACAD
1010
0
1020
0
1030
0
0
HATCH
5
fea
100
AcDbEntity
8
TopSolderMaskLayer
100
AcDbHatch
10
0
20
0
30
0
210
0
220
0
230
1
2
SOLID
70
1
71
0
91
1
92
7
72
0
73
1
93
4
10
82.8173089916072
20
77.5794541841226
10
82.8173089916072
20
77.89273276025142
10
84.16205756497538
20
77.89273276025142
10
84.16205756497538
20
77.5794541841226
97
1
330

75
0
76
1
47
0.4128176842155181
98
1
10
34.90568961886538
20
22.81183545379326
450
0
451
0
460
0
461
0
452
1
462
1
453
2
463
0
63
5
421
255
463
1
63
7
421
16777215
470
LINEAR
1001
ACAD
1010
0
1020
0
1030
0
0
HATCH
5
fed
100
AcDbEntity
8
TopLayer
100
AcDbHatch
10
0
20
0
30
0
210
0
220
0
230
1
2
SOLID
70
1
71
0
91
1
92
7
72
0
73
1
93
4
10
82.91468122936249
20
77.58608077216161
10
82.91468122936249
20
77.88610617221241
10
84.06469392938789
20
77.88610617221241
10
84.06469392938789
20
77.58608077216161
97
1
330

75
0
76
1
47
0.4128176842155181
98
1
10
34.90568961886538
20
22.81183545379326
450
0
451
0
460
0
461
0
452
1
462
1
453
2
463
0
63
5
421
255
463
1
63
7
421
16777215
470
LINEAR
1001
ACAD
1010
0
1020
0
1030
0
0
HATCH
5
ff0
100
AcDbEntity
8
TopSolderMaskLayer
100
AcDbHatch
10
0
20
0
30
0
210
0
220
0
230
1
2
SOLID
70
1
71
0
91
1
92
7
72
0
73
1
93
4
10
82.8173089916072
20
77.07944857407529
10
82.8173089916072
20
77.39272715020388
10
84.16205756497538
20
77.39272715020388
10
84.16205756497538
20
77.07944857407529
97
1
330

75
0
76
1
47
0.4128176842155181
98
1
10
34.90568961886538
20
22.81183545379326
450
0
451
0
460
0
461
0
452
1
462
1
453
2
463
0
63
5
421
255
463
1
63
7
421
16777215
470
LINEAR
1001
ACAD
1010
0
1020
0
1030
0
0
HATCH
5
ff3
100
AcDbEntity
8
TopLayer
100
AcDbHatch
10
0
20
0
30
0
210
0
220
0
230
1
2
SOLID
70
1
71
0
91
1
92
7
72
0
73
1
93
4
10
82.91468122936249
20
77.08608077216161
10
82.91468122936249
20
77.38610617221241
10
84.06469392938789
20
77.38610617221241
10
84.06469392938789
20
77.08608077216161
97
1
330

75
0
76
1
47
0.4128176842155181
98
1
10
34.90568961886538
20
22.81183545379326
450
0
451
0
460
0
461
0
452
1
462
1
453
2
463
0
63
5
421
255
463
1
63
7
421
16777215
470
LINEAR
1001
ACAD
1010
0
1020
0
1030
0
0
HATCH
5
ff6
100
AcDbEntity
8
TopSolderMaskLayer
100
AcDbHatch
10
0
20
0
30
0
210
0
220
0
230
1
2
SOLID
70
1
71
0
91
1
92
7
72
0
73
1
93
4
10
82.8173089916072
20
76.5794541841226
10
82.8173089916072
20
76.89273276025142
10
84.16205756497538
20
76.89273276025142
10
84.16205756497538
20
76.5794541841226
97
1
330

75
0
76
1
47
0.4128176842155181
98
1
10
34.90568961886538
20
22.81183545379326
450
0
451
0
460
0
461
0
452
1
462
1
453
2
463
0
63
5
421
255
463
1
63
7
421
16777215
470
LINEAR
1001
ACAD
1010
0
1020
0
1030
0
0
HATCH
5
ff9
100
AcDbEntity
8
TopLayer
100
AcDbHatch
10
0
20
0
30
0
210
0
220
0
230
1
2
SOLID
70
1
71
0
91
1
92
7
72
0
73
1
93
4
10
82.91468122936249
20
76.58608077216161
10
82.91468122936249
20
76.88610617221241
10
84.06469392938789
20
76.88610617221241
10
84.06469392938789
20
76.58608077216161
97
1
330

75
0
76
1
47
0.4128176842155181
98
1
10
34.90568961886538
20
22.81183545379326
450
0
451
0
460
0
461
0
452
1
462
1
453
2
463
0
63
5
421
255
463
1
63
7
421
16777215
470
LINEAR
1001
ACAD
1010
0
1020
0
1030
0
 0
ARC
  5
1000
330
1F
100
AcDbEntity
  8
TopSolderMaskLayer
100
AcDbCircle
 10
87.79420362711699
 20
82.80609314480284
 30
0.0
 40
0.315240030480061
100
AcDbArc
 50
270
 51
90
 0
ARC
  5
1001
330
1F
100
AcDbEntity
  8
TopSolderMaskLayer
100
AcDbCircle
 10
88.63484370839706
 20
82.80609314480284
 30
0.0
 40
0.315240030480061
100
AcDbArc
 50
90
 51
270
 0
LWPOLYLINE
  5
1002
330
1F
100
AcDbEntity
  8
TopSolderMaskLayer
100
AcDbPolyline
 90
1
 70
 1
 43
0
 10
87.79420362711699
 20
82.49085311432279
 10
88.63484370839706
 20
82.49085311432279
 0
LWPOLYLINE
  5
1003
330
1F
100
AcDbEntity
  8
TopSolderMaskLayer
100
AcDbPolyline
 90
1
 70
 1
 43
0
 10
87.79420362711699
 20
83.1213331752829
 10
88.63484370839706
 20
83.1213331752829
0
HATCH
5
1004
100
AcDbEntity
8
TopSolderMaskLayer
100
AcDbHatch
10
0
20
0
30
0
210
0
220
0
230
1
2
SOLID
70
1
71
0
91
1
92
7
72
1
73
1
93
4
10
87.79431038862094
20
82.28079756159508
42
-0.7853981633974483
10
87.79431038862094
20
83.33159766319528
42
0
10
88.63495046990079
20
83.33159766319528
42
-0.7853981633974483
10
88.63495046990079
20
82.28079756159508
42
0
97
1
330

75
0
76
1
47
0.4128176842155181
98
1
10
34.90568961886538
20
22.81183545379326
450
0
451
0
460
0
461
0
452
1
462
1
453
2
463
0
63
5
421
255
463
1
63
7
421
16777215
470
LINEAR
1001
ACAD
1010
0
1020
0
1030
0
 0
ARC
  5
100b
330
1F
100
AcDbEntity
  8
BottomSolderMaskLayer
100
AcDbCircle
 10
87.79420362711699
 20
82.80609314480284
 30
0.0
 40
0.315240030480061
100
AcDbArc
 50
270
 51
90
 0
ARC
  5
100c
330
1F
100
AcDbEntity
  8
BottomSolderMaskLayer
100
AcDbCircle
 10
88.63484370839706
 20
82.80609314480284
 30
0.0
 40
0.315240030480061
100
AcDbArc
 50
90
 51
270
 0
LWPOLYLINE
  5
100d
330
1F
100
AcDbEntity
  8
BottomSolderMaskLayer
100
AcDbPolyline
 90
1
 70
 1
 43
0
 10
87.79420362711699
 20
82.49085311432279
 10
88.63484370839706
 20
82.49085311432279
 0
LWPOLYLINE
  5
100e
330
1F
100
AcDbEntity
  8
BottomSolderMaskLayer
100
AcDbPolyline
 90
1
 70
 1
 43
0
 10
87.79420362711699
 20
83.1213331752829
 10
88.63484370839706
 20
83.1213331752829
0
HATCH
5
100f
100
AcDbEntity
8
BottomSolderMaskLayer
100
AcDbHatch
10
0
20
0
30
0
210
0
220
0
230
1
2
SOLID
70
1
71
0
91
1
92
7
72
1
73
1
93
4
10
87.79431038862094
20
82.28079756159508
42
-0.7853981633974483
10
87.79431038862094
20
83.33159766319528
42
0
10
88.63495046990079
20
83.33159766319528
42
-0.7853981633974483
10
88.63495046990079
20
82.28079756159508
42
0
97
1
330

75
0
76
1
47
0.4128176842155181
98
1
10
34.90568961886538
20
22.81183545379326
450
0
451
0
460
0
461
0
452
1
462
1
453
2
463
0
63
5
421
255
463
1
63
7
421
16777215
470
LINEAR
1001
ACAD
1010
0
1020
0
1030
0
 0
ARC
  5
1016
330
1F
100
AcDbEntity
  8
Multi-Layer
100
AcDbCircle
 10
87.81452882905774
 20
82.80609601219203
 30
0.0
 40
0.30000000000000004
100
AcDbArc
 50
270
 51
90
 0
ARC
  5
1017
330
1F
100
AcDbEntity
  8
Multi-Layer
100
AcDbCircle
 10
88.61452882905769
 20
82.80609601219203
 30
0.0
 40
0.30000000000000004
100
AcDbArc
 50
90
 51
270
 0
LWPOLYLINE
  5
1018
330
1F
100
AcDbEntity
  8
Multi-Layer
100
AcDbPolyline
 90
1
 70
 1
 43
0
 10
87.81452882905774
 20
82.50609601219203
 10
88.61452882905769
 20
82.50609601219203
 0
LWPOLYLINE
  5
1019
330
1F
100
AcDbEntity
  8
Multi-Layer
100
AcDbPolyline
 90
1
 70
 1
 43
0
 10
87.81452882905774
 20
83.10609601219203
 10
88.61452882905769
 20
83.10609601219203
0
HATCH
5
101a
100
AcDbEntity
8
Multi-Layer
100
AcDbHatch
10
0
20
0
30
0
210
0
220
0
230
1
2
SOLID
70
1
71
0
91
1
92
7
72
1
73
1
93
4
10
87.81463042926089
20
82.30619761239518
42
-0.7853981633974483
10
87.81463042926089
20
83.30619761239518
42
0
10
88.61463042926084
20
83.30619761239518
42
-0.7853981633974483
10
88.61463042926084
20
82.30619761239518
42
0
97
1
330

75
0
76
1
47
0.4128176842155181
98
1
10
34.90568961886538
20
22.81183545379326
450
0
451
0
460
0
461
0
452
1
462
1
453
2
463
0
63
5
421
255
463
1
63
7
421
16777215
470
LINEAR
1001
ACAD
1010
0
1020
0
1030
0
 0
ARC
  5
1021
330
1F
100
AcDbEntity
  8
TopSolderMaskLayer
100
AcDbCircle
 10
87.79425700786874
 20
74.16601186464004
 30
0.0
 40
0.315240030480061
100
AcDbArc
 50
270
 51
90
 0
ARC
  5
1022
330
1F
100
AcDbEntity
  8
TopSolderMaskLayer
100
AcDbCircle
 10
88.63489708914926
 20
74.16601186464004
 30
0.0
 40
0.315240030480061
100
AcDbArc
 50
90
 51
270
 0
LWPOLYLINE
  5
1023
330
1F
100
AcDbEntity
  8
TopSolderMaskLayer
100
AcDbPolyline
 90
1
 70
 1
 43
0
 10
87.79425700786874
 20
73.85077183415999
 10
88.63489708914926
 20
73.85077183415999
 0
LWPOLYLINE
  5
1024
330
1F
100
AcDbEntity
  8
TopSolderMaskLayer
100
AcDbPolyline
 90
1
 70
 1
 43
0
 10
87.79425700786874
 20
74.4812518951201
 10
88.63489708914926
 20
74.4812518951201
0
HATCH
5
1025
100
AcDbEntity
8
TopSolderMaskLayer
100
AcDbHatch
10
0
20
0
30
0
210
0
220
0
230
1
2
SOLID
70
1
71
0
91
1
92
7
72
1
73
1
93
4
10
87.79431038862094
20
73.64071628143262
42
-0.7853981633974483
10
87.79431038862094
20
74.69151638303282
42
0
10
88.63495046990079
20
74.69151638303282
42
-0.7853981633974483
10
88.63495046990079
20
73.64071628143262
42
0
97
1
330

75
0
76
1
47
0.4128176842155181
98
1
10
34.90568961886538
20
22.81183545379326
450
0
451
0
460
0
461
0
452
1
462
1
453
2
463
0
63
5
421
255
463
1
63
7
421
16777215
470
LINEAR
1001
ACAD
1010
0
1020
0
1030
0
 0
ARC
  5
102c
330
1F
100
AcDbEntity
  8
BottomSolderMaskLayer
100
AcDbCircle
 10
87.79425700786874
 20
74.16601186464004
 30
0.0
 40
0.315240030480061
100
AcDbArc
 50
270
 51
90
 0
ARC
  5
102d
330
1F
100
AcDbEntity
  8
BottomSolderMaskLayer
100
AcDbCircle
 10
88.63489708914926
 20
74.16601186464004
 30
0.0
 40
0.315240030480061
100
AcDbArc
 50
90
 51
270
 0
LWPOLYLINE
  5
102e
330
1F
100
AcDbEntity
  8
BottomSolderMaskLayer
100
AcDbPolyline
 90
1
 70
 1
 43
0
 10
87.79425700786874
 20
73.85077183415999
 10
88.63489708914926
 20
73.85077183415999
 0
LWPOLYLINE
  5
102f
330
1F
100
AcDbEntity
  8
BottomSolderMaskLayer
100
AcDbPolyline
 90
1
 70
 1
 43
0
 10
87.79425700786874
 20
74.4812518951201
 10
88.63489708914926
 20
74.4812518951201
0
HATCH
5
1030
100
AcDbEntity
8
BottomSolderMaskLayer
100
AcDbHatch
10
0
20
0
30
0
210
0
220
0
230
1
2
SOLID
70
1
71
0
91
1
92
7
72
1
73
1
93
4
10
87.79431038862094
20
73.64071628143262
42
-0.7853981633974483
10
87.79431038862094
20
74.69151638303282
42
0
10
88.63495046990079
20
74.69151638303282
42
-0.7853981633974483
10
88.63495046990079
20
73.64071628143262
42
0
97
1
330

75
0
76
1
47
0.4128176842155181
98
1
10
34.90568961886538
20
22.81183545379326
450
0
451
0
460
0
461
0
452
1
462
1
453
2
463
0
63
5
421
255
463
1
63
7
421
16777215
470
LINEAR
1001
ACAD
1010
0
1020
0
1030
0
 0
ARC
  5
1037
330
1F
100
AcDbEntity
  8
Multi-Layer
100
AcDbCircle
 10
87.8145796291592
 20
74.16601473202934
 30
0.0
 40
0.30000000000000004
100
AcDbArc
 50
270
 51
90
 0
ARC
  5
1038
330
1F
100
AcDbEntity
  8
Multi-Layer
100
AcDbCircle
 10
88.61457962915938
 20
74.16601473202934
 30
0.0
 40
0.30000000000000004
100
AcDbArc
 50
90
 51
270
 0
LWPOLYLINE
  5
1039
330
1F
100
AcDbEntity
  8
Multi-Layer
100
AcDbPolyline
 90
1
 70
 1
 43
0
 10
87.8145796291592
 20
73.86601473202934
 10
88.61457962915938
 20
73.86601473202934
 0
LWPOLYLINE
  5
103a
330
1F
100
AcDbEntity
  8
Multi-Layer
100
AcDbPolyline
 90
1
 70
 1
 43
0
 10
87.8145796291592
 20
74.46601473202934
 10
88.61457962915938
 20
74.46601473202934
0
HATCH
5
103b
100
AcDbEntity
8
Multi-Layer
100
AcDbHatch
10
0
20
0
30
0
210
0
220
0
230
1
2
SOLID
70
1
71
0
91
1
92
7
72
1
73
1
93
4
10
87.81463042926089
20
73.66611633223272
42
-0.7853981633974483
10
87.81463042926089
20
74.66611633223272
42
0
10
88.61463042926084
20
74.66611633223272
42
-0.7853981633974483
10
88.61463042926084
20
73.66611633223272
42
0
97
1
330

75
0
76
1
47
0.4128176842155181
98
1
10
34.90568961886538
20
22.81183545379326
450
0
451
0
460
0
461
0
452
1
462
1
453
2
463
0
63
5
421
255
463
1
63
7
421
16777215
470
LINEAR
1001
ACAD
1010
0
1020
0
1030
0
 0
ARC
  5
1042
330
1F
100
AcDbEntity
  8
TopSolderMaskLayer
100
AcDbCircle
 10
83.48670996696842
 20
82.80624964137803
 30
0.0
 40
0.315240030480061
100
AcDbArc
 50
270
 51
90
 0
ARC
  5
1043
330
1F
100
AcDbEntity
  8
TopSolderMaskLayer
100
AcDbCircle
 10
84.6426167691045
 20
82.80624964137803
 30
0.0
 40
0.315240030480061
100
AcDbArc
 50
90
 51
270
 0
LWPOLYLINE
  5
1044
330
1F
100
AcDbEntity
  8
TopSolderMaskLayer
100
AcDbPolyline
 90
1
 70
 1
 43
0
 10
83.48670996696842
 20
82.49100961089798
 10
84.6426167691045
 20
82.49100961089798
 0
LWPOLYLINE
  5
1045
330
1F
100
AcDbEntity
  8
TopSolderMaskLayer
100
AcDbPolyline
 90
1
 70
 1
 43
0
 10
83.48670996696842
 20
83.12148967185809
 10
84.6426167691045
 20
83.12148967185809
0
HATCH
5
1046
100
AcDbEntity
8
TopSolderMaskLayer
100
AcDbHatch
10
0
20
0
30
0
210
0
220
0
230
1
2
SOLID
70
1
71
0
91
1
92
7
72
1
73
1
93
4
10
83.48681672847238
20
82.28079756159508
42
-0.7853981633974483
10
83.48681672847238
20
83.33159766319528
42
0
10
84.64272353060824
20
83.33159766319528
42
-0.7853981633974483
10
84.64272353060824
20
82.28079756159508
42
0
97
1
330

75
0
76
1
47
0.4128176842155181
98
1
10
34.90568961886538
20
22.81183545379326
450
0
451
0
460
0
461
0
452
1
462
1
453
2
463
0
63
5
421
255
463
1
63
7
421
16777215
470
LINEAR
1001
ACAD
1010
0
1020
0
1030
0
 0
ARC
  5
104d
330
1F
100
AcDbEntity
  8
BottomSolderMaskLayer
100
AcDbCircle
 10
83.48670996696842
 20
82.80624964137803
 30
0.0
 40
0.315240030480061
100
AcDbArc
 50
270
 51
90
 0
ARC
  5
104e
330
1F
100
AcDbEntity
  8
BottomSolderMaskLayer
100
AcDbCircle
 10
84.6426167691045
 20
82.80624964137803
 30
0.0
 40
0.315240030480061
100
AcDbArc
 50
90
 51
270
 0
LWPOLYLINE
  5
104f
330
1F
100
AcDbEntity
  8
BottomSolderMaskLayer
100
AcDbPolyline
 90
1
 70
 1
 43
0
 10
83.48670996696842
 20
82.49100961089798
 10
84.6426167691045
 20
82.49100961089798
 0
LWPOLYLINE
  5
1050
330
1F
100
AcDbEntity
  8
BottomSolderMaskLayer
100
AcDbPolyline
 90
1
 70
 1
 43
0
 10
83.48670996696842
 20
83.12148967185809
 10
84.6426167691045
 20
83.12148967185809
0
HATCH
5
1051
100
AcDbEntity
8
BottomSolderMaskLayer
100
AcDbHatch
10
0
20
0
30
0
210
0
220
0
230
1
2
SOLID
70
1
71
0
91
1
92
7
72
1
73
1
93
4
10
83.48681672847238
20
82.28079756159508
42
-0.7853981633974483
10
83.48681672847238
20
83.33159766319528
42
0
10
84.64272353060824
20
83.33159766319528
42
-0.7853981633974483
10
84.64272353060824
20
82.28079756159508
42
0
97
1
330

75
0
76
1
47
0.4128176842155181
98
1
10
34.90568961886538
20
22.81183545379326
450
0
451
0
460
0
461
0
452
1
462
1
453
2
463
0
63
5
421
255
463
1
63
7
421
16777215
470
LINEAR
1001
ACAD
1010
0
1020
0
1030
0
 0
ARC
  5
1058
330
1F
100
AcDbEntity
  8
Multi-Layer
100
AcDbCircle
 10
83.51465582931178
 20
82.80624841249698
 30
0.0
 40
0.30000000000000004
100
AcDbArc
 50
270
 51
90
 0
ARC
  5
1059
330
1F
100
AcDbEntity
  8
Multi-Layer
100
AcDbCircle
 10
84.6146812293623
 20
82.80624841249698
 30
0.0
 40
0.30000000000000004
100
AcDbArc
 50
90
 51
270
 0
LWPOLYLINE
  5
105a
330
1F
100
AcDbEntity
  8
Multi-Layer
100
AcDbPolyline
 90
1
 70
 1
 43
0
 10
83.51465582931178
 20
82.50624841249699
 10
84.6146812293623
 20
82.50624841249699
 0
LWPOLYLINE
  5
105b
330
1F
100
AcDbEntity
  8
Multi-Layer
100
AcDbPolyline
 90
1
 70
 1
 43
0
 10
83.51465582931178
 20
83.10624841249698
 10
84.6146812293623
 20
83.10624841249698
0
HATCH
5
105c
100
AcDbEntity
8
Multi-Layer
100
AcDbHatch
10
0
20
0
30
0
210
0
220
0
230
1
2
SOLID
70
1
71
0
91
1
92
7
72
1
73
1
93
4
10
83.51475742951493
20
82.30619761239518
42
-0.7853981633974483
10
83.51475742951493
20
83.30619761239518
42
0
10
84.61478282956568
20
83.30619761239518
42
-0.7853981633974483
10
84.61478282956568
20
82.30619761239518
42
0
97
1
330

75
0
76
1
47
0.4128176842155181
98
1
10
34.90568961886538
20
22.81183545379326
450
0
451
0
460
0
461
0
452
1
462
1
453
2
463
0
63
5
421
255
463
1
63
7
421
16777215
470
LINEAR
1001
ACAD
1010
0
1020
0
1030
0
 0
ARC
  5
1063
330
1F
100
AcDbEntity
  8
TopSolderMaskLayer
100
AcDbCircle
 10
83.4867633477204
 20
74.16616836121557
 30
0.0
 40
0.315240030480061
100
AcDbArc
 50
270
 51
90
 0
ARC
  5
1064
330
1F
100
AcDbEntity
  8
TopSolderMaskLayer
100
AcDbCircle
 10
84.64267014985649
 20
74.16616836121557
 30
0.0
 40
0.315240030480061
100
AcDbArc
 50
90
 51
270
 0
LWPOLYLINE
  5
1065
330
1F
100
AcDbEntity
  8
TopSolderMaskLayer
100
AcDbPolyline
 90
1
 70
 1
 43
0
 10
83.4867633477204
 20
73.85092833073551
 10
84.64267014985649
 20
73.85092833073551
 0
LWPOLYLINE
  5
1066
330
1F
100
AcDbEntity
  8
TopSolderMaskLayer
100
AcDbPolyline
 90
1
 70
 1
 43
0
 10
83.4867633477204
 20
74.48140839169562
 10
84.64267014985649
 20
74.48140839169562
0
HATCH
5
1067
100
AcDbEntity
8
TopSolderMaskLayer
100
AcDbHatch
10
0
20
0
30
0
210
0
220
0
230
1
2
SOLID
70
1
71
0
91
1
92
7
72
1
73
1
93
4
10
83.48681672847238
20
73.64071628143262
42
-0.7853981633974483
10
83.48681672847238
20
74.69151638303282
42
0
10
84.64272353060824
20
74.69151638303282
42
-0.7853981633974483
10
84.64272353060824
20
73.64071628143262
42
0
97
1
330

75
0
76
1
47
0.4128176842155181
98
1
10
34.90568961886538
20
22.81183545379326
450
0
451
0
460
0
461
0
452
1
462
1
453
2
463
0
63
5
421
255
463
1
63
7
421
16777215
470
LINEAR
1001
ACAD
1010
0
1020
0
1030
0
 0
ARC
  5
106e
330
1F
100
AcDbEntity
  8
BottomSolderMaskLayer
100
AcDbCircle
 10
83.4867633477204
 20
74.16616836121557
 30
0.0
 40
0.315240030480061
100
AcDbArc
 50
270
 51
90
 0
ARC
  5
106f
330
1F
100
AcDbEntity
  8
BottomSolderMaskLayer
100
AcDbCircle
 10
84.64267014985649
 20
74.16616836121557
 30
0.0
 40
0.315240030480061
100
AcDbArc
 50
90
 51
270
 0
LWPOLYLINE
  5
1070
330
1F
100
AcDbEntity
  8
BottomSolderMaskLayer
100
AcDbPolyline
 90
1
 70
 1
 43
0
 10
83.4867633477204
 20
73.85092833073551
 10
84.64267014985649
 20
73.85092833073551
 0
LWPOLYLINE
  5
1071
330
1F
100
AcDbEntity
  8
BottomSolderMaskLayer
100
AcDbPolyline
 90
1
 70
 1
 43
0
 10
83.4867633477204
 20
74.48140839169562
 10
84.64267014985649
 20
74.48140839169562
0
HATCH
5
1072
100
AcDbEntity
8
BottomSolderMaskLayer
100
AcDbHatch
10
0
20
0
30
0
210
0
220
0
230
1
2
SOLID
70
1
71
0
91
1
92
7
72
1
73
1
93
4
10
83.48681672847238
20
73.64071628143262
42
-0.7853981633974483
10
83.48681672847238
20
74.69151638303282
42
0
10
84.64272353060824
20
74.69151638303282
42
-0.7853981633974483
10
84.64272353060824
20
73.64071628143262
42
0
97
1
330

75
0
76
1
47
0.4128176842155181
98
1
10
34.90568961886538
20
22.81183545379326
450
0
451
0
460
0
461
0
452
1
462
1
453
2
463
0
63
5
421
255
463
1
63
7
421
16777215
470
LINEAR
1001
ACAD
1010
0
1020
0
1030
0
 0
ARC
  5
1079
330
1F
100
AcDbEntity
  8
Multi-Layer
100
AcDbCircle
 10
83.51470662941347
 20
74.16616713233452
 30
0.0
 40
0.30000000000000004
100
AcDbArc
 50
270
 51
90
 0
ARC
  5
107a
330
1F
100
AcDbEntity
  8
Multi-Layer
100
AcDbCircle
 10
84.61473202946422
 20
74.16616713233452
 30
0.0
 40
0.30000000000000004
100
AcDbArc
 50
90
 51
270
 0
LWPOLYLINE
  5
107b
330
1F
100
AcDbEntity
  8
Multi-Layer
100
AcDbPolyline
 90
1
 70
 1
 43
0
 10
83.51470662941347
 20
73.86616713233452
 10
84.61473202946422
 20
73.86616713233452
 0
LWPOLYLINE
  5
107c
330
1F
100
AcDbEntity
  8
Multi-Layer
100
AcDbPolyline
 90
1
 70
 1
 43
0
 10
83.51470662941347
 20
74.46616713233452
 10
84.61473202946422
 20
74.46616713233452
0
HATCH
5
107d
100
AcDbEntity
8
Multi-Layer
100
AcDbHatch
10
0
20
0
30
0
210
0
220
0
230
1
2
SOLID
70
1
71
0
91
1
92
7
72
1
73
1
93
4
10
83.51475742951493
20
73.66611633223272
42
-0.7853981633974483
10
83.51475742951493
20
74.66611633223272
42
0
10
84.61478282956568
20
74.66611633223272
42
-0.7853981633974483
10
84.61478282956568
20
73.66611633223272
42
0
97
1
330

75
0
76
1
47
0.4128176842155181
98
1
10
34.90568961886538
20
22.81183545379326
450
0
451
0
460
0
461
0
452
1
462
1
453
2
463
0
63
5
421
255
463
1
63
7
421
16777215
470
LINEAR
1001
ACAD
1010
0
1020
0
1030
0
  0
CIRCLE
  5
10d9
330
1F
100
AcDbEntity
  8
Multi-Layer
100
AcDbCircle
 10
75.94615189230376
 20
81.91516383032774
 30
0.0
 40
0.31000762001524007
  0
CIRCLE
  5
10da
330
1F
100
AcDbEntity
  8
Hole
100
AcDbCircle
 10
75.94615189230376
 20
81.91516383032774
 30
0.0
 40
0.15499110998222
  0
CIRCLE
  5
10db
330
1F
100
AcDbEntity
  8
Multi-Layer
100
AcDbCircle
 10
77.85115570231142
 20
75.69215138430286
 30
0.0
 40
0.31000762001524007
  0
CIRCLE
  5
10dc
330
1F
100
AcDbEntity
  8
Hole
100
AcDbCircle
 10
77.85115570231142
 20
75.69215138430286
 30
0.0
 40
0.15499110998222
  0
CIRCLE
  5
10dd
330
1F
100
AcDbEntity
  8
Multi-Layer
100
AcDbCircle
 10
80.77216154432313
 20
79.62915925831862
 30
0.0
 40
0.31000762001524007
  0
CIRCLE
  5
10de
330
1F
100
AcDbEntity
  8
Hole
100
AcDbCircle
 10
80.77216154432313
 20
79.62915925831862
 30
0.0
 40
0.15499110998222
  0
CIRCLE
  5
10df
330
1F
100
AcDbEntity
  8
Multi-Layer
100
AcDbCircle
 10
84.58216916433844
 20
79.24815849631705
 30
0.0
 40
0.31000762001524007
  0
CIRCLE
  5
10e0
330
1F
100
AcDbEntity
  8
Hole
100
AcDbCircle
 10
84.58216916433844
 20
79.24815849631705
 30
0.0
 40
0.15499110998222
  0
CIRCLE
  5
10e1
330
1F
100
AcDbEntity
  8
Multi-Layer
100
AcDbCircle
 10
84.70916941833889
 20
77.21615443230894
 30
0.0
 40
0.31000762001524007
  0
CIRCLE
  5
10e2
330
1F
100
AcDbEntity
  8
Hole
100
AcDbCircle
 10
84.70916941833889
 20
77.21615443230894
 30
0.0
 40
0.15499110998222
  0
CIRCLE
  5
10e3
330
1F
100
AcDbEntity
  8
Multi-Layer
100
AcDbCircle
 10
76.32715265430534
 20
78.74015748031502
 30
0.0
 40
0.31000762001524007
  0
CIRCLE
  5
10e4
330
1F
100
AcDbEntity
  8
Hole
100
AcDbCircle
 10
76.32715265430534
 20
78.74015748031502
 30
0.0
 40
0.15499110998222
  0
CIRCLE
  5
10e5
330
1F
100
AcDbEntity
  8
Multi-Layer
100
AcDbCircle
 10
70.48514097028192
 20
77.85115570231142
 30
0.0
 40
0.31000762001524007
  0
CIRCLE
  5
10e6
330
1F
100
AcDbEntity
  8
Hole
100
AcDbCircle
 10
70.48514097028192
 20
77.85115570231142
 30
0.0
 40
0.15499110998222
  0
CIRCLE
  5
10e7
330
1F
100
AcDbEntity
  8
Multi-Layer
100
AcDbCircle
 10
66.4211328422657
 20
81.28016256032515
 30
0.0
 40
0.31000762001524007
  0
CIRCLE
  5
10e8
330
1F
100
AcDbEntity
  8
Hole
100
AcDbCircle
 10
66.4211328422657
 20
81.28016256032515
 30
0.0
 40
0.15499110998222
  0
CIRCLE
  5
10e9
330
1F
100
AcDbEntity
  8
Multi-Layer
100
AcDbCircle
 10
66.4211328422657
 20
78.232156464313
 30
0.0
 40
0.31000762001524007
  0
CIRCLE
  5
10ea
330
1F
100
AcDbEntity
  8
Hole
100
AcDbCircle
 10
66.4211328422657
 20
78.232156464313
 30
0.0
 40
0.15499110998222
  0
CIRCLE
  5
10eb
330
1F
100
AcDbEntity
  8
Multi-Layer
100
AcDbCircle
 10
63.2461264922531
 20
81.40716281432572
 30
0.0
 40
0.31000762001524007
  0
CIRCLE
  5
10ec
330
1F
100
AcDbEntity
  8
Hole
100
AcDbCircle
 10
63.2461264922531
 20
81.40716281432572
 30
0.0
 40
0.15499110998222
  0
CIRCLE
  5
10ed
330
1F
100
AcDbEntity
  8
Multi-Layer
100
AcDbCircle
 10
60.07112014224026
 20
81.40716281432572
 30
0.0
 40
0.31000762001524007
  0
CIRCLE
  5
10ee
330
1F
100
AcDbEntity
  8
Hole
100
AcDbCircle
 10
60.07112014224026
 20
81.40716281432572
 30
0.0
 40
0.15499110998222
  0
CIRCLE
  5
10ef
330
1F
100
AcDbEntity
  8
Multi-Layer
100
AcDbCircle
 10
66.4211328422657
 20
80.2641605283211
 30
0.0
 40
0.31000762001524007
  0
CIRCLE
  5
10f0
330
1F
100
AcDbEntity
  8
Hole
100
AcDbCircle
 10
66.4211328422657
 20
80.2641605283211
 30
0.0
 40
0.15499110998222
  0
CIRCLE
  5
10f1
330
1F
100
AcDbEntity
  8
Multi-Layer
100
AcDbCircle
 10
60.07112014224026
 20
80.13716027432065
 30
0.0
 40
0.31000762001524007
  0
CIRCLE
  5
10f2
330
1F
100
AcDbEntity
  8
Hole
100
AcDbCircle
 10
60.07112014224026
 20
80.13716027432065
 30
0.0
 40
0.15499110998222
  0
CIRCLE
  5
10f3
330
1F
100
AcDbEntity
  8
Multi-Layer
100
AcDbCircle
 10
74.42214884429768
 20
73.91414782829565
 30
0.0
 40
0.31000762001524007
  0
CIRCLE
  5
10f4
330
1F
100
AcDbEntity
  8
Hole
100
AcDbCircle
 10
74.42214884429768
 20
73.91414782829565
 30
0.0
 40
0.15499110998222
  0
CIRCLE
  5
10f5
330
1F
100
AcDbEntity
  8
Multi-Layer
100
AcDbCircle
 10
66.54813309626616
 20
70.10414020828046
 30
0.0
 40
0.31000762001524007
  0
CIRCLE
  5
10f6
330
1F
100
AcDbEntity
  8
Hole
100
AcDbCircle
 10
66.54813309626616
 20
70.10414020828046
 30
0.0
 40
0.15499110998222
  0
CIRCLE
  5
10f7
330
1F
100
AcDbEntity
  8
Multi-Layer
100
AcDbCircle
 10
62.73812547625107
 20
74.93014986029982
 30
0.0
 40
0.31000762001524007
  0
CIRCLE
  5
10f8
330
1F
100
AcDbEntity
  8
Hole
100
AcDbCircle
 10
62.73812547625107
 20
74.93014986029982
 30
0.0
 40
0.15499110998222
  0
CIRCLE
  5
10f9
330
1F
100
AcDbEntity
  8
Multi-Layer
100
AcDbCircle
 10
74.67614935229881
 20
70.10414020828046
 30
0.0
 40
0.31000762001524007
  0
CIRCLE
  5
10fa
330
1F
100
AcDbEntity
  8
Hole
100
AcDbCircle
 10
74.67614935229881
 20
70.10414020828046
 30
0.0
 40
0.15499110998222
  0
CIRCLE
  5
10fb
330
1F
100
AcDbEntity
  8
Multi-Layer
100
AcDbCircle
 10
77.21615443230894
 20
70.10414020828046
 30
0.0
 40
0.31000762001524007
  0
CIRCLE
  5
10fc
330
1F
100
AcDbEntity
  8
Hole
100
AcDbCircle
 10
77.21615443230894
 20
70.10414020828046
 30
0.0
 40
0.15499110998222
  0
CIRCLE
  5
10fd
330
1F
100
AcDbEntity
  8
Multi-Layer
100
AcDbCircle
 10
75.31115062230128
 20
64.77012954025918
 30
0.0
 40
0.31000762001524007
  0
CIRCLE
  5
10fe
330
1F
100
AcDbEntity
  8
Hole
100
AcDbCircle
 10
75.31115062230128
 20
64.77012954025918
 30
0.0
 40
0.15499110998222
  0
CIRCLE
  5
10ff
330
1F
100
AcDbEntity
  8
Multi-Layer
100
AcDbCircle
 10
75.31115062230128
 20
66.4211328422657
 30
0.0
 40
0.31000762001524007
  0
CIRCLE
  5
1100
330
1F
100
AcDbEntity
  8
Hole
100
AcDbCircle
 10
75.31115062230128
 20
66.4211328422657
 30
0.0
 40
0.15499110998222
  0
CIRCLE
  5
1101
330
1F
100
AcDbEntity
  8
Multi-Layer
100
AcDbCircle
 10
80.77216154432313
 20
68.45313690627381
 30
0.0
 40
0.31000762001524007
  0
CIRCLE
  5
1102
330
1F
100
AcDbEntity
  8
Hole
100
AcDbCircle
 10
80.77216154432313
 20
68.45313690627381
 30
0.0
 40
0.15499110998222
  0
CIRCLE
  5
1103
330
1F
100
AcDbEntity
  8
Multi-Layer
100
AcDbCircle
 10
79.24815849631705
 20
61.46812293624589
 30
0.0
 40
0.31000762001524007
  0
CIRCLE
  5
1104
330
1F
100
AcDbEntity
  8
Hole
100
AcDbCircle
 10
79.24815849631705
 20
61.46812293624589
 30
0.0
 40
0.15499110998222
  0
CIRCLE
  5
1105
330
1F
100
AcDbEntity
  8
Multi-Layer
100
AcDbCircle
 10
79.62915925831862
 20
64.77012954025918
 30
0.0
 40
0.31000762001524007
  0
CIRCLE
  5
1106
330
1F
100
AcDbEntity
  8
Hole
100
AcDbCircle
 10
79.62915925831862
 20
64.77012954025918
 30
0.0
 40
0.15499110998222
  0
CIRCLE
  5
1107
330
1F
100
AcDbEntity
  8
Multi-Layer
100
AcDbCircle
 10
83.05816611633236
 20
61.46812293624589
 30
0.0
 40
0.31000762001524007
  0
CIRCLE
  5
1108
330
1F
100
AcDbEntity
  8
Hole
100
AcDbCircle
 10
83.05816611633236
 20
61.46812293624589
 30
0.0
 40
0.15499110998222
  0
CIRCLE
  5
1109
330
1F
100
AcDbEntity
  8
Multi-Layer
100
AcDbCircle
 10
79.75615951231907
 20
71.50114300228608
 30
0.0
 40
0.31000762001524007
  0
CIRCLE
  5
110a
330
1F
100
AcDbEntity
  8
Hole
100
AcDbCircle
 10
79.75615951231907
 20
71.50114300228608
 30
0.0
 40
0.15499110998222
  0
CIRCLE
  5
110b
330
1F
100
AcDbEntity
  8
Multi-Layer
100
AcDbCircle
 10
83.43916687833371
 20
69.72313944627899
 30
0.0
 40
0.31000762001524007
  0
CIRCLE
  5
110c
330
1F
100
AcDbEntity
  8
Hole
100
AcDbCircle
 10
83.43916687833371
 20
69.72313944627899
 30
0.0
 40
0.15499110998222
  0
CIRCLE
  5
110d
330
1F
100
AcDbEntity
  8
Multi-Layer
100
AcDbCircle
 10
74.29514859029723
 20
56.515113030226075
 30
0.0
 40
0.31000762001524007
  0
CIRCLE
  5
110e
330
1F
100
AcDbEntity
  8
Hole
100
AcDbCircle
 10
74.29514859029723
 20
56.515113030226075
 30
0.0
 40
0.15499110998222
  0
CIRCLE
  5
110f
330
1F
100
AcDbEntity
  8
Multi-Layer
100
AcDbCircle
 10
69.46913893827787
 20
53.467106934213916
 30
0.0
 40
0.31000762001524007
  0
CIRCLE
  5
1110
330
1F
100
AcDbEntity
  8
Hole
100
AcDbCircle
 10
69.46913893827787
 20
53.467106934213916
 30
0.0
 40
0.15499110998222
  0
CIRCLE
  5
1111
330
1F
100
AcDbEntity
  8
Multi-Layer
100
AcDbCircle
 10
68.45313690627381
 20
53.59410718821448
 30
0.0
 40
0.31000762001524007
  0
CIRCLE
  5
1112
330
1F
100
AcDbEntity
  8
Hole
100
AcDbCircle
 10
68.45313690627381
 20
53.59410718821448
 30
0.0
 40
0.15499110998222
  0
CIRCLE
  5
1113
330
1F
100
AcDbEntity
  8
Multi-Layer
100
AcDbCircle
 10
67.43713487426976
 20
54.229108458216956
 30
0.0
 40
0.31000762001524007
  0
CIRCLE
  5
1114
330
1F
100
AcDbEntity
  8
Hole
100
AcDbCircle
 10
67.43713487426976
 20
54.229108458216956
 30
0.0
 40
0.15499110998222
  0
CIRCLE
  5
1115
330
1F
100
AcDbEntity
  8
Multi-Layer
100
AcDbCircle
 10
65.2781305562612
 20
54.991109982219996
 30
0.0
 40
0.31000762001524007
  0
CIRCLE
  5
1116
330
1F
100
AcDbEntity
  8
Hole
100
AcDbCircle
 10
65.2781305562612
 20
54.991109982219996
 30
0.0
 40
0.15499110998222
  0
CIRCLE
  5
1117
330
1F
100
AcDbEntity
  8
Multi-Layer
100
AcDbCircle
 10
66.67513335026683
 20
59.94411988823981
 30
0.0
 40
0.31000762001524007
  0
CIRCLE
  5
1118
330
1F
100
AcDbEntity
  8
Hole
100
AcDbCircle
 10
66.67513335026683
 20
59.94411988823981
 30
0.0
 40
0.15499110998222
  0
CIRCLE
  5
1119
330
1F
100
AcDbEntity
  8
Multi-Layer
100
AcDbCircle
 10
64.26212852425715
 20
61.84912369824747
 30
0.0
 40
0.31000762001524007
  0
CIRCLE
  5
111a
330
1F
100
AcDbEntity
  8
Hole
100
AcDbCircle
 10
64.26212852425715
 20
61.84912369824747
 30
0.0
 40
0.15499110998222
  0
CIRCLE
  5
111b
330
1F
100
AcDbEntity
  8
Multi-Layer
100
AcDbCircle
 10
58.54711709423418
 20
57.277114554229115
 30
0.0
 40
0.31000762001524007
  0
CIRCLE
  5
111c
330
1F
100
AcDbEntity
  8
Hole
100
AcDbCircle
 10
58.54711709423418
 20
57.277114554229115
 30
0.0
 40
0.15499110998222
  0
CIRCLE
  5
111d
330
1F
100
AcDbEntity
  8
Multi-Layer
100
AcDbCircle
 10
49.657099314198604
 20
77.5971551943104
 30
0.0
 40
0.31000762001524007
  0
CIRCLE
  5
111e
330
1F
100
AcDbEntity
  8
Hole
100
AcDbCircle
 10
49.657099314198604
 20
77.5971551943104
 30
0.0
 40
0.15499110998222
  0
CIRCLE
  5
111f
330
1F
100
AcDbEntity
  8
Multi-Layer
100
AcDbCircle
 10
43.434086868173836
 20
64.89712979425963
 30
0.0
 40
0.31000762001524007
  0
CIRCLE
  5
1120
330
1F
100
AcDbEntity
  8
Hole
100
AcDbCircle
 10
43.434086868173836
 20
64.89712979425963
 30
0.0
 40
0.15499110998222
  0
CIRCLE
  5
1121
330
1F
100
AcDbEntity
  8
Multi-Layer
100
AcDbCircle
 10
40.0050800101601
 20
56.64211328422664
 30
0.0
 40
0.31000762001524007
  0
CIRCLE
  5
1122
330
1F
100
AcDbEntity
  8
Hole
100
AcDbCircle
 10
40.0050800101601
 20
56.64211328422664
 30
0.0
 40
0.15499110998222
  0
CIRCLE
  5
1123
330
1F
100
AcDbEntity
  8
Multi-Layer
100
AcDbCircle
 10
68.58013716027426
 20
102.23520447040903
 30
0.0
 40
0.31000762001524007
  0
CIRCLE
  5
1124
330
1F
100
AcDbEntity
  8
Hole
100
AcDbCircle
 10
68.58013716027426
 20
102.23520447040903
 30
0.0
 40
0.15499110998222
  0
CIRCLE
  5
1125
330
1F
100
AcDbEntity
  8
Multi-Layer
100
AcDbCircle
 10
63.754127508255124
 20
100.71120142240295
 30
0.0
 40
0.31000762001524007
  0
CIRCLE
  5
1126
330
1F
100
AcDbEntity
  8
Hole
100
AcDbCircle
 10
63.754127508255124
 20
100.71120142240295
 30
0.0
 40
0.15499110998222
  0
CIRCLE
  5
1127
330
1F
100
AcDbEntity
  8
Multi-Layer
100
AcDbCircle
 10
60.57912115824229
 20
100.71120142240295
 30
0.0
 40
0.31000762001524007
  0
CIRCLE
  5
1128
330
1F
100
AcDbEntity
  8
Hole
100
AcDbCircle
 10
60.57912115824229
 20
100.71120142240295
 30
0.0
 40
0.15499110998222
  0
CIRCLE
  5
1129
330
1F
100
AcDbEntity
  8
Multi-Layer
100
AcDbCircle
 10
38.35407670815334
 20
85.47117094234193
 30
0.0
 40
0.31000762001524007
  0
CIRCLE
  5
112a
330
1F
100
AcDbEntity
  8
Hole
100
AcDbCircle
 10
38.35407670815334
 20
85.47117094234193
 30
0.0
 40
0.15499110998222
  0
CIRCLE
  5
112b
330
1F
100
AcDbEntity
  8
Multi-Layer
100
AcDbCircle
 10
38.35407670815334
 20
83.94716789433585
 30
0.0
 40
0.31000762001524007
  0
CIRCLE
  5
112c
330
1F
100
AcDbEntity
  8
Hole
100
AcDbCircle
 10
38.35407670815334
 20
83.94716789433585
 30
0.0
 40
0.15499110998222
  0
CIRCLE
  5
112d
330
1F
100
AcDbEntity
  8
Multi-Layer
100
AcDbCircle
 10
60.45212090424184
 20
66.67513335026672
 30
0.0
 40
0.31000762001524007
  0
CIRCLE
  5
112e
330
1F
100
AcDbEntity
  8
Hole
100
AcDbCircle
 10
60.45212090424184
 20
66.67513335026672
 30
0.0
 40
0.15499110998222
  0
CIRCLE
  5
112f
330
1F
100
AcDbEntity
  8
Multi-Layer
100
AcDbCircle
 10
64.26212852425715
 20
93.09118618237244
 30
0.0
 40
0.31000762001524007
  0
CIRCLE
  5
1130
330
1F
100
AcDbEntity
  8
Hole
100
AcDbCircle
 10
64.26212852425715
 20
93.09118618237244
 30
0.0
 40
0.15499110998222
  0
CIRCLE
  5
1131
330
1F
100
AcDbEntity
  8
Multi-Layer
100
AcDbCircle
 10
38.86207772415537
 20
76.32715265430534
 30
0.0
 40
0.31000762001524007
  0
CIRCLE
  5
1132
330
1F
100
AcDbEntity
  8
Hole
100
AcDbCircle
 10
38.86207772415537
 20
76.32715265430534
 30
0.0
 40
0.15499110998222
  0
CIRCLE
  5
1133
330
1F
100
AcDbEntity
  8
Multi-Layer
100
AcDbCircle
 10
63.500127000254
 20
95.88519177038359
 30
0.0
 40
0.31000762001524007
  0
CIRCLE
  5
1134
330
1F
100
AcDbEntity
  8
Hole
100
AcDbCircle
 10
63.500127000254
 20
95.88519177038359
 30
0.0
 40
0.15499110998222
  0
CIRCLE
  5
1135
330
1F
100
AcDbEntity
  8
Multi-Layer
100
AcDbCircle
 10
38.86207772415537
 20
75.05715011430027
 30
0.0
 40
0.31000762001524007
  0
CIRCLE
  5
1136
330
1F
100
AcDbEntity
  8
Hole
100
AcDbCircle
 10
38.86207772415537
 20
75.05715011430027
 30
0.0
 40
0.15499110998222
  0
CIRCLE
  5
1137
330
1F
100
AcDbEntity
  8
Multi-Layer
100
AcDbCircle
 10
62.357124714249494
 20
92.45618491236985
 30
0.0
 40
0.31000762001524007
  0
CIRCLE
  5
1138
330
1F
100
AcDbEntity
  8
Hole
100
AcDbCircle
 10
62.357124714249494
 20
92.45618491236985
 30
0.0
 40
0.15499110998222
  0
CIRCLE
  5
1139
330
1F
100
AcDbEntity
  8
Multi-Layer
100
AcDbCircle
 10
42.164084328168656
 20
76.58115316230635
 30
0.0
 40
0.31000762001524007
  0
CIRCLE
  5
113a
330
1F
100
AcDbEntity
  8
Hole
100
AcDbCircle
 10
42.164084328168656
 20
76.58115316230635
 30
0.0
 40
0.15499110998222
  0
CIRCLE
  5
113b
330
1F
100
AcDbEntity
  8
Multi-Layer
100
AcDbCircle
 10
61.34112268224544
 20
97.15519431038865
 30
0.0
 40
0.31000762001524007
  0
CIRCLE
  5
113c
330
1F
100
AcDbEntity
  8
Hole
100
AcDbCircle
 10
61.34112268224544
 20
97.15519431038865
 30
0.0
 40
0.15499110998222
  0
CIRCLE
  5
113d
330
1F
100
AcDbEntity
  8
Multi-Layer
100
AcDbCircle
 10
38.86207772415537
 20
77.85115570231142
 30
0.0
 40
0.31000762001524007
  0
CIRCLE
  5
113e
330
1F
100
AcDbEntity
  8
Hole
100
AcDbCircle
 10
38.86207772415537
 20
77.85115570231142
 30
0.0
 40
0.15499110998222
  0
CIRCLE
  5
113f
330
1F
100
AcDbEntity
  8
Multi-Layer
100
AcDbCircle
 10
64.77012954025918
 20
88.64617729235465
 30
0.0
 40
0.31000762001524007
  0
CIRCLE
  5
1140
330
1F
100
AcDbEntity
  8
Hole
100
AcDbCircle
 10
64.77012954025918
 20
88.64617729235465
 30
0.0
 40
0.15499110998222
  0
CIRCLE
  5
1141
330
1F
100
AcDbEntity
  8
Multi-Layer
100
AcDbCircle
 10
58.92811785623576
 20
78.86715773431547
 30
0.0
 40
0.31000762001524007
  0
CIRCLE
  5
1142
330
1F
100
AcDbEntity
  8
Hole
100
AcDbCircle
 10
58.92811785623576
 20
78.86715773431547
 30
0.0
 40
0.15499110998222
  0
CIRCLE
  5
1143
330
1F
100
AcDbEntity
  8
Multi-Layer
100
AcDbCircle
 10
59.18211836423666
 20
100.71120142240295
 30
0.0
 40
0.31000762001524007
  0
CIRCLE
  5
1144
330
1F
100
AcDbEntity
  8
Hole
100
AcDbCircle
 10
59.18211836423666
 20
100.71120142240295
 30
0.0
 40
0.15499110998222
  0
CIRCLE
  5
1145
330
1F
100
AcDbEntity
  8
Multi-Layer
100
AcDbCircle
 10
38.86207772415537
 20
80.13716027432065
 30
0.0
 40
0.31000762001524007
  0
CIRCLE
  5
1146
330
1F
100
AcDbEntity
  8
Hole
100
AcDbCircle
 10
38.86207772415537
 20
80.13716027432065
 30
0.0
 40
0.15499110998222
  0
CIRCLE
  5
1147
330
1F
100
AcDbEntity
  8
Multi-Layer
100
AcDbCircle
 10
38.86207772415537
 20
81.40716281432572
 30
0.0
 40
0.31000762001524007
  0
CIRCLE
  5
1148
330
1F
100
AcDbEntity
  8
Hole
100
AcDbCircle
 10
38.86207772415537
 20
81.40716281432572
 30
0.0
 40
0.15499110998222
  0
CIRCLE
  5
1149
330
1F
100
AcDbEntity
  8
Multi-Layer
100
AcDbCircle
 10
57.27711455422923
 20
100.71120142240295
 30
0.0
 40
0.31000762001524007
  0
CIRCLE
  5
114a
330
1F
100
AcDbEntity
  8
Hole
100
AcDbCircle
 10
57.27711455422923
 20
100.71120142240295
 30
0.0
 40
0.15499110998222
  0
CIRCLE
  5
114b
330
1F
100
AcDbEntity
  8
Multi-Layer
100
AcDbCircle
 10
59.05511811023621
 20
85.21717043434091
 30
0.0
 40
0.31000762001524007
  0
CIRCLE
  5
114c
330
1F
100
AcDbEntity
  8
Hole
100
AcDbCircle
 10
59.05511811023621
 20
85.21717043434091
 30
0.0
 40
0.15499110998222
  0
CIRCLE
  5
114d
330
1F
100
AcDbEntity
  8
Multi-Layer
100
AcDbCircle
 10
60.960121920243864
 20
88.64617729235465
 30
0.0
 40
0.31000762001524007
  0
CIRCLE
  5
114e
330
1F
100
AcDbEntity
  8
Hole
100
AcDbCircle
 10
60.960121920243864
 20
88.64617729235465
 30
0.0
 40
0.15499110998222
  0
CIRCLE
  5
114f
330
1F
100
AcDbEntity
  8
Multi-Layer
100
AcDbCircle
 10
60.960121920243864
 20
87.37617475234958
 30
0.0
 40
0.31000762001524007
  0
CIRCLE
  5
1150
330
1F
100
AcDbEntity
  8
Hole
100
AcDbCircle
 10
60.960121920243864
 20
87.37617475234958
 30
0.0
 40
0.15499110998222
  0
CIRCLE
  5
1151
330
1F
100
AcDbEntity
  8
Multi-Layer
100
AcDbCircle
 10
59.690119380238684
 20
88.64617729235465
 30
0.0
 40
0.31000762001524007
  0
CIRCLE
  5
1152
330
1F
100
AcDbEntity
  8
Hole
100
AcDbCircle
 10
59.690119380238684
 20
88.64617729235465
 30
0.0
 40
0.15499110998222
  0
CIRCLE
  5
1153
330
1F
100
AcDbEntity
  8
Multi-Layer
100
AcDbCircle
 10
60.07112014224026
 20
82.67716535433078
 30
0.0
 40
0.31000762001524007
  0
CIRCLE
  5
1154
330
1F
100
AcDbEntity
  8
Hole
100
AcDbCircle
 10
60.07112014224026
 20
82.67716535433078
 30
0.0
 40
0.15499110998222
  0
CIRCLE
  5
1155
330
1F
100
AcDbEntity
  8
Multi-Layer
100
AcDbCircle
 10
60.07112014224026
 20
86.36017272034553
 30
0.0
 40
0.31000762001524007
  0
CIRCLE
  5
1156
330
1F
100
AcDbEntity
  8
Hole
100
AcDbCircle
 10
60.07112014224026
 20
86.36017272034553
 30
0.0
 40
0.15499110998222
  0
CIRCLE
  5
1157
330
1F
100
AcDbEntity
  8
Multi-Layer
100
AcDbCircle
 10
58.92811785623576
 20
76.32715265430534
 30
0.0
 40
0.31000762001524007
  0
CIRCLE
  5
1158
330
1F
100
AcDbEntity
  8
Hole
100
AcDbCircle
 10
58.92811785623576
 20
76.32715265430534
 30
0.0
 40
0.15499110998222
  0
CIRCLE
  5
1159
330
1F
100
AcDbEntity
  8
Multi-Layer
100
AcDbCircle
 10
56.515113030226075
 20
88.64617729235465
 30
0.0
 40
0.31000762001524007
  0
CIRCLE
  5
115a
330
1F
100
AcDbEntity
  8
Hole
100
AcDbCircle
 10
56.515113030226075
 20
88.64617729235465
 30
0.0
 40
0.15499110998222
  0
CIRCLE
  5
115b
330
1F
100
AcDbEntity
  8
Multi-Layer
100
AcDbCircle
 10
55.62611125222247
 20
88.64617729235465
 30
0.0
 40
0.31000762001524007
  0
CIRCLE
  5
115c
330
1F
100
AcDbEntity
  8
Hole
100
AcDbCircle
 10
55.62611125222247
 20
88.64617729235465
 30
0.0
 40
0.15499110998222
  0
CIRCLE
  5
115d
330
1F
100
AcDbEntity
  8
Multi-Layer
100
AcDbCircle
 10
54.61010922021842
 20
88.64617729235465
 30
0.0
 40
0.31000762001524007
  0
CIRCLE
  5
115e
330
1F
100
AcDbEntity
  8
Hole
100
AcDbCircle
 10
54.61010922021842
 20
88.64617729235465
 30
0.0
 40
0.15499110998222
  0
CIRCLE
  5
115f
330
1F
100
AcDbEntity
  8
Multi-Layer
100
AcDbCircle
 10
53.594107188214366
 20
88.64617729235465
 30
0.0
 40
0.31000762001524007
  0
CIRCLE
  5
1160
330
1F
100
AcDbEntity
  8
Hole
100
AcDbCircle
 10
53.594107188214366
 20
88.64617729235465
 30
0.0
 40
0.15499110998222
  0
CIRCLE
  5
1161
330
1F
100
AcDbEntity
  8
Multi-Layer
100
AcDbCircle
 10
52.57810515621031
 20
88.64617729235465
 30
0.0
 40
0.31000762001524007
  0
CIRCLE
  5
1162
330
1F
100
AcDbEntity
  8
Hole
100
AcDbCircle
 10
52.57810515621031
 20
88.64617729235465
 30
0.0
 40
0.15499110998222
  0
CIRCLE
  5
1163
330
1F
100
AcDbEntity
  8
Multi-Layer
100
AcDbCircle
 10
56.515113030226075
 20
87.37617475234958
 30
0.0
 40
0.31000762001524007
  0
CIRCLE
  5
1164
330
1F
100
AcDbEntity
  8
Hole
100
AcDbCircle
 10
56.515113030226075
 20
87.37617475234958
 30
0.0
 40
0.15499110998222
  0
CIRCLE
  5
1165
330
1F
100
AcDbEntity
  8
Multi-Layer
100
AcDbCircle
 10
55.62611125222247
 20
87.37617475234958
 30
0.0
 40
0.31000762001524007
  0
CIRCLE
  5
1166
330
1F
100
AcDbEntity
  8
Hole
100
AcDbCircle
 10
55.62611125222247
 20
87.37617475234958
 30
0.0
 40
0.15499110998222
  0
CIRCLE
  5
1167
330
1F
100
AcDbEntity
  8
Multi-Layer
100
AcDbCircle
 10
54.61010922021842
 20
87.37617475234958
 30
0.0
 40
0.31000762001524007
  0
CIRCLE
  5
1168
330
1F
100
AcDbEntity
  8
Hole
100
AcDbCircle
 10
54.61010922021842
 20
87.37617475234958
 30
0.0
 40
0.15499110998222
  0
CIRCLE
  5
1169
330
1F
100
AcDbEntity
  8
Multi-Layer
100
AcDbCircle
 10
53.594107188214366
 20
87.37617475234958
 30
0.0
 40
0.31000762001524007
  0
CIRCLE
  5
116a
330
1F
100
AcDbEntity
  8
Hole
100
AcDbCircle
 10
53.594107188214366
 20
87.37617475234958
 30
0.0
 40
0.15499110998222
  0
CIRCLE
  5
116b
330
1F
100
AcDbEntity
  8
Multi-Layer
100
AcDbCircle
 10
52.57810515621031
 20
87.37617475234958
 30
0.0
 40
0.31000762001524007
  0
CIRCLE
  5
116c
330
1F
100
AcDbEntity
  8
Hole
100
AcDbCircle
 10
52.57810515621031
 20
87.37617475234958
 30
0.0
 40
0.15499110998222
  0
CIRCLE
  5
116d
330
1F
100
AcDbEntity
  8
Multi-Layer
100
AcDbCircle
 10
54.73710947421887
 20
76.58115316230635
 30
0.0
 40
0.31000762001524007
  0
CIRCLE
  5
116e
330
1F
100
AcDbEntity
  8
Hole
100
AcDbCircle
 10
54.73710947421887
 20
76.58115316230635
 30
0.0
 40
0.15499110998222
  0
CIRCLE
  5
116f
330
1F
100
AcDbEntity
  8
Multi-Layer
100
AcDbCircle
 10
54.73710947421887
 20
70.99314198628406
 30
0.0
 40
0.31000762001524007
  0
CIRCLE
  5
1170
330
1F
100
AcDbEntity
  8
Hole
100
AcDbCircle
 10
54.73710947421887
 20
70.99314198628406
 30
0.0
 40
0.15499110998222
  0
CIRCLE
  5
1171
330
1F
100
AcDbEntity
  8
Multi-Layer
100
AcDbCircle
 10
52.95910591821189
 20
75.5651511303023
 30
0.0
 40
0.31000762001524007
  0
CIRCLE
  5
1172
330
1F
100
AcDbEntity
  8
Hole
100
AcDbCircle
 10
52.95910591821189
 20
75.5651511303023
 30
0.0
 40
0.15499110998222
  0
CIRCLE
  5
1173
330
1F
100
AcDbEntity
  8
Multi-Layer
100
AcDbCircle
 10
54.35610871221752
 20
74.4221488442978
 30
0.0
 40
0.31000762001524007
  0
CIRCLE
  5
1174
330
1F
100
AcDbEntity
  8
Hole
100
AcDbCircle
 10
54.35610871221752
 20
74.4221488442978
 30
0.0
 40
0.15499110998222
  0
CIRCLE
  5
1175
330
1F
100
AcDbEntity
  8
Multi-Layer
100
AcDbCircle
 10
55.8801117602236
 20
82.67716535433078
 30
0.0
 40
0.31000762001524007
  0
CIRCLE
  5
1176
330
1F
100
AcDbEntity
  8
Hole
100
AcDbCircle
 10
55.8801117602236
 20
82.67716535433078
 30
0.0
 40
0.15499110998222
  0
CIRCLE
  5
1177
330
1F
100
AcDbEntity
  8
Multi-Layer
100
AcDbCircle
 10
55.8801117602236
 20
83.94716789433585
 30
0.0
 40
0.31000762001524007
  0
CIRCLE
  5
1178
330
1F
100
AcDbEntity
  8
Hole
100
AcDbCircle
 10
55.8801117602236
 20
83.94716789433585
 30
0.0
 40
0.15499110998222
  0
CIRCLE
  5
1179
330
1F
100
AcDbEntity
  8
Multi-Layer
100
AcDbCircle
 10
50.54610109220221
 20
77.85115570231142
 30
0.0
 40
0.31000762001524007
  0
CIRCLE
  5
117a
330
1F
100
AcDbEntity
  8
Hole
100
AcDbCircle
 10
50.54610109220221
 20
77.85115570231142
 30
0.0
 40
0.15499110998222
  0
CIRCLE
  5
117b
330
1F
100
AcDbEntity
  8
Multi-Layer
100
AcDbCircle
 10
51.30810261620536
 20
78.35915671831344
 30
0.0
 40
0.31000762001524007
  0
CIRCLE
  5
117c
330
1F
100
AcDbEntity
  8
Hole
100
AcDbCircle
 10
51.30810261620536
 20
78.35915671831344
 30
0.0
 40
0.15499110998222
  0
CIRCLE
  5
117d
330
1F
100
AcDbEntity
  8
Multi-Layer
100
AcDbCircle
 10
42.79908559817113
 20
69.21513843027697
 30
0.0
 40
0.31000762001524007
  0
CIRCLE
  5
117e
330
1F
100
AcDbEntity
  8
Hole
100
AcDbCircle
 10
42.79908559817113
 20
69.21513843027697
 30
0.0
 40
0.15499110998222
  0
CIRCLE
  5
117f
330
1F
100
AcDbEntity
  8
Multi-Layer
100
AcDbCircle
 10
41.910083820167756
 20
69.21513843027697
 30
0.0
 40
0.31000762001524007
  0
CIRCLE
  5
1180
330
1F
100
AcDbEntity
  8
Hole
100
AcDbCircle
 10
41.910083820167756
 20
69.21513843027697
 30
0.0
 40
0.15499110998222
  0
CIRCLE
  5
1181
330
1F
100
AcDbEntity
  8
Multi-Layer
100
AcDbCircle
 10
65.78613157226323
 20
58.16611633223272
 30
0.0
 40
0.31000762001524007
  0
CIRCLE
  5
1182
330
1F
100
AcDbEntity
  8
Hole
100
AcDbCircle
 10
65.78613157226323
 20
58.16611633223272
 30
0.0
 40
0.15499110998222
  0
CIRCLE
  5
1183
330
1F
100
AcDbEntity
  8
Multi-Layer
100
AcDbCircle
 10
65.78613157226323
 20
59.18211836423677
 30
0.0
 40
0.31000762001524007
  0
CIRCLE
  5
1184
330
1F
100
AcDbEntity
  8
Hole
100
AcDbCircle
 10
65.78613157226323
 20
59.18211836423677
 30
0.0
 40
0.15499110998222
  0
CIRCLE
  5
1185
330
1F
100
AcDbEntity
  8
Multi-Layer
100
AcDbCircle
 10
41.40208280416573
 20
74.4221488442978
 30
0.0
 40
0.31000762001524007
  0
CIRCLE
  5
1186
330
1F
100
AcDbEntity
  8
Hole
100
AcDbCircle
 10
41.40208280416573
 20
74.4221488442978
 30
0.0
 40
0.15499110998222
  0
CIRCLE
  5
1187
330
1F
100
AcDbEntity
  8
Multi-Layer
100
AcDbCircle
 10
65.91313182626368
 20
87.37617475234958
 30
0.0
 40
0.31000762001524007
  0
CIRCLE
  5
1188
330
1F
100
AcDbEntity
  8
Hole
100
AcDbCircle
 10
65.91313182626368
 20
87.37617475234958
 30
0.0
 40
0.15499110998222
  0
CIRCLE
  5
1189
330
1F
100
AcDbEntity
  8
Multi-Layer
100
AcDbCircle
 10
65.78613157226323
 20
56.76911353822709
 30
0.0
 40
0.31000762001524007
  0
CIRCLE
  5
118a
330
1F
100
AcDbEntity
  8
Hole
100
AcDbCircle
 10
65.78613157226323
 20
56.76911353822709
 30
0.0
 40
0.15499110998222
  0
CIRCLE
  5
118b
330
1F
100
AcDbEntity
  8
Multi-Layer
100
AcDbCircle
 10
41.910083820167756
 20
66.16713233426469
 30
0.0
 40
0.31000762001524007
  0
CIRCLE
  5
118c
330
1F
100
AcDbEntity
  8
Hole
100
AcDbCircle
 10
41.910083820167756
 20
66.16713233426469
 30
0.0
 40
0.15499110998222
  0
CIRCLE
  5
118d
330
1F
100
AcDbEntity
  8
Multi-Layer
100
AcDbCircle
 10
43.18008636017271
 20
66.16713233426469
 30
0.0
 40
0.31000762001524007
  0
CIRCLE
  5
118e
330
1F
100
AcDbEntity
  8
Hole
100
AcDbCircle
 10
43.18008636017271
 20
66.16713233426469
 30
0.0
 40
0.15499110998222
  0
CIRCLE
  5
118f
330
1F
100
AcDbEntity
  8
Multi-Layer
100
AcDbCircle
 10
40.513081026162126
 20
43.94208788417586
 30
0.0
 40
0.31000762001524007
  0
CIRCLE
  5
1190
330
1F
100
AcDbEntity
  8
Hole
100
AcDbCircle
 10
40.513081026162126
 20
43.94208788417586
 30
0.0
 40
0.15499110998222
  0
CIRCLE
  5
1191
330
1F
100
AcDbEntity
  8
Multi-Layer
100
AcDbCircle
 10
53.97510795021594
 20
43.94208788417586
 30
0.0
 40
0.31000762001524007
  0
CIRCLE
  5
1192
330
1F
100
AcDbEntity
  8
Hole
100
AcDbCircle
 10
53.97510795021594
 20
43.94208788417586
 30
0.0
 40
0.15499110998222
  0
CIRCLE
  5
1193
330
1F
100
AcDbEntity
  8
Multi-Layer
100
AcDbCircle
 10
45.97409194818397
 20
44.7040894081789
 30
0.0
 40
0.31000762001524007
  0
CIRCLE
  5
1194
330
1F
100
AcDbEntity
  8
Hole
100
AcDbCircle
 10
45.97409194818397
 20
44.7040894081789
 30
0.0
 40
0.15499110998222
  0
CIRCLE
  5
1195
330
1F
100
AcDbEntity
  8
Multi-Layer
100
AcDbCircle
 10
44.45008890017789
 20
44.7040894081789
 30
0.0
 40
0.31000762001524007
  0
CIRCLE
  5
1196
330
1F
100
AcDbEntity
  8
Hole
100
AcDbCircle
 10
44.45008890017789
 20
44.7040894081789
 30
0.0
 40
0.15499110998222
  0
CIRCLE
  5
1197
330
1F
100
AcDbEntity
  8
Multi-Layer
100
AcDbCircle
 10
68.70713741427494
 20
100.71120142240295
 30
0.0
 40
0.31000762001524007
  0
CIRCLE
  5
1198
330
1F
100
AcDbEntity
  8
Hole
100
AcDbCircle
 10
68.70713741427494
 20
100.71120142240295
 30
0.0
 40
0.15499110998222
  0
CIRCLE
  5
1199
330
1F
100
AcDbEntity
  8
Multi-Layer
100
AcDbCircle
 10
36.95707391414794
 20
81.78816357632718
 30
0.0
 40
0.31000762001524007
  0
CIRCLE
  5
119a
330
1F
100
AcDbEntity
  8
Hole
100
AcDbCircle
 10
36.95707391414794
 20
81.78816357632718
 30
0.0
 40
0.15499110998222
  0
CIRCLE
  5
119b
330
1F
100
AcDbEntity
  8
Multi-Layer
100
AcDbCircle
 10
34.29006858013713
 20
55.49911099822202
 30
0.0
 40
0.31000762001524007
  0
CIRCLE
  5
119c
330
1F
100
AcDbEntity
  8
Hole
100
AcDbCircle
 10
34.29006858013713
 20
55.49911099822202
 30
0.0
 40
0.15499110998222
  0
CIRCLE
  5
119d
330
1F
100
AcDbEntity
  8
Multi-Layer
100
AcDbCircle
 10
32.385064770129475
 20
54.73710947421898
 30
0.0
 40
0.31000762001524007
  0
CIRCLE
  5
119e
330
1F
100
AcDbEntity
  8
Hole
100
AcDbCircle
 10
32.385064770129475
 20
54.73710947421898
 30
0.0
 40
0.15499110998222
  0
CIRCLE
  5
119f
330
1F
100
AcDbEntity
  8
Multi-Layer
100
AcDbCircle
 10
54.61010922021842
 20
66.16713233426469
 30
0.0
 40
0.31000762001524007
  0
CIRCLE
  5
11a0
330
1F
100
AcDbEntity
  8
Hole
100
AcDbCircle
 10
54.61010922021842
 20
66.16713233426469
 30
0.0
 40
0.15499110998222
  0
CIRCLE
  5
11a1
330
1F
100
AcDbEntity
  8
Multi-Layer
100
AcDbCircle
 10
53.34010668021347
 20
66.16713233426469
 30
0.0
 40
0.31000762001524007
  0
CIRCLE
  5
11a2
330
1F
100
AcDbEntity
  8
Hole
100
AcDbCircle
 10
53.34010668021347
 20
66.16713233426469
 30
0.0
 40
0.15499110998222
  0
CIRCLE
  5
11a3
330
1F
100
AcDbEntity
  8
Multi-Layer
100
AcDbCircle
 10
33.14706629413263
 20
98.67919735839473
 30
0.0
 40
0.31000762001524007
  0
CIRCLE
  5
11a4
330
1F
100
AcDbEntity
  8
Hole
100
AcDbCircle
 10
33.14706629413263
 20
98.67919735839473
 30
0.0
 40
0.15499110998222
  0
CIRCLE
  5
11a5
330
1F
100
AcDbEntity
  8
Multi-Layer
100
AcDbCircle
 10
42.037084074168206
 20
91.94818389636782
 30
0.0
 40
0.31000762001524007
  0
CIRCLE
  5
11a6
330
1F
100
AcDbEntity
  8
Hole
100
AcDbCircle
 10
42.037084074168206
 20
91.94818389636782
 30
0.0
 40
0.15499110998222
  0
CIRCLE
  5
11a7
330
1F
100
AcDbEntity
  8
Multi-Layer
100
AcDbCircle
 10
44.06908813817631
 20
91.94818389636782
 30
0.0
 40
0.31000762001524007
  0
CIRCLE
  5
11a8
330
1F
100
AcDbEntity
  8
Hole
100
AcDbCircle
 10
44.06908813817631
 20
91.94818389636782
 30
0.0
 40
0.15499110998222
  0
CIRCLE
  5
11a9
330
1F
100
AcDbEntity
  8
Multi-Layer
100
AcDbCircle
 10
41.65608331216663
 20
84.58216916433832
 30
0.0
 40
0.31000762001524007
  0
CIRCLE
  5
11aa
330
1F
100
AcDbEntity
  8
Hole
100
AcDbCircle
 10
41.65608331216663
 20
84.58216916433832
 30
0.0
 40
0.15499110998222
  0
CIRCLE
  5
11ab
330
1F
100
AcDbEntity
  8
Multi-Layer
100
AcDbCircle
 10
42.41808483616978
 20
85.21717043434091
 30
0.0
 40
0.31000762001524007
  0
CIRCLE
  5
11ac
330
1F
100
AcDbEntity
  8
Hole
100
AcDbCircle
 10
42.41808483616978
 20
85.21717043434091
 30
0.0
 40
0.15499110998222
  0
CIRCLE
  5
11ad
330
1F
100
AcDbEntity
  8
Multi-Layer
100
AcDbCircle
 10
43.18008636017271
 20
85.97917195834395
 30
0.0
 40
0.31000762001524007
  0
CIRCLE
  5
11ae
330
1F
100
AcDbEntity
  8
Hole
100
AcDbCircle
 10
43.18008636017271
 20
85.97917195834395
 30
0.0
 40
0.15499110998222
  0
CIRCLE
  5
11af
330
1F
100
AcDbEntity
  8
Multi-Layer
100
AcDbCircle
 10
43.94208788417586
 20
86.61417322834654
 30
0.0
 40
0.31000762001524007
  0
CIRCLE
  5
11b0
330
1F
100
AcDbEntity
  8
Hole
100
AcDbCircle
 10
43.94208788417586
 20
86.61417322834654
 30
0.0
 40
0.15499110998222
  0
CIRCLE
  5
11b1
330
1F
100
AcDbEntity
  8
Multi-Layer
100
AcDbCircle
 10
45.14859029718059
 20
85.59817119634249
 30
0.0
 40
0.31000762001524007
  0
CIRCLE
  5
11b2
330
1F
100
AcDbEntity
  8
Hole
100
AcDbCircle
 10
45.14859029718059
 20
85.59817119634249
 30
0.0
 40
0.15499110998222
  0
CIRCLE
  5
11b3
330
1F
100
AcDbEntity
  8
Multi-Layer
100
AcDbCircle
 10
44.32308864617721
 20
84.9631699263399
 30
0.0
 40
0.31000762001524007
  0
CIRCLE
  5
11b4
330
1F
100
AcDbEntity
  8
Hole
100
AcDbCircle
 10
44.32308864617721
 20
84.9631699263399
 30
0.0
 40
0.15499110998222
  0
CIRCLE
  5
11b5
330
1F
100
AcDbEntity
  8
Multi-Layer
100
AcDbCircle
 10
43.561087122174285
 20
84.20116840233686
 30
0.0
 40
0.31000762001524007
  0
CIRCLE
  5
11b6
330
1F
100
AcDbEntity
  8
Hole
100
AcDbCircle
 10
43.561087122174285
 20
84.20116840233686
 30
0.0
 40
0.15499110998222
  0
CIRCLE
  5
11b7
330
1F
100
AcDbEntity
  8
Multi-Layer
100
AcDbCircle
 10
42.79908559817113
 20
83.43916687833382
 30
0.0
 40
0.31000762001524007
  0
CIRCLE
  5
11b8
330
1F
100
AcDbEntity
  8
Hole
100
AcDbCircle
 10
42.79908559817113
 20
83.43916687833382
 30
0.0
 40
0.15499110998222
  0
CIRCLE
  5
11b9
330
1F
100
AcDbEntity
  8
Multi-Layer
100
AcDbCircle
 10
55.75311150622315
 20
66.16713233426469
 30
0.0
 40
0.31000762001524007
  0
CIRCLE
  5
11ba
330
1F
100
AcDbEntity
  8
Hole
100
AcDbCircle
 10
55.75311150622315
 20
66.16713233426469
 30
0.0
 40
0.15499110998222
  0
CIRCLE
  5
11bb
330
1F
100
AcDbEntity
  8
Multi-Layer
100
AcDbCircle
 10
37.973075946151994
 20
62.86512573025152
 30
0.0
 40
0.31000762001524007
  0
CIRCLE
  5
11bc
330
1F
100
AcDbEntity
  8
Hole
100
AcDbCircle
 10
37.973075946151994
 20
62.86512573025152
 30
0.0
 40
0.15499110998222
  0
CIRCLE
  5
11bd
330
1F
100
AcDbEntity
  8
Multi-Layer
100
AcDbCircle
 10
42.54508509017023
 20
54.35610871221752
 30
0.0
 40
0.31000762001524007
  0
CIRCLE
  5
11be
330
1F
100
AcDbEntity
  8
Hole
100
AcDbCircle
 10
42.54508509017023
 20
54.35610871221752
 30
0.0
 40
0.15499110998222
  0
CIRCLE
  5
11bf
330
1F
100
AcDbEntity
  8
Multi-Layer
100
AcDbCircle
 10
36.830073660147264
 20
69.97713995428
 30
0.0
 40
0.31000762001524007
  0
CIRCLE
  5
11c0
330
1F
100
AcDbEntity
  8
Hole
100
AcDbCircle
 10
36.830073660147264
 20
69.97713995428
 30
0.0
 40
0.15499110998222
  0
CIRCLE
  5
11c1
330
1F
100
AcDbEntity
  8
Multi-Layer
100
AcDbCircle
 10
38.86207772415537
 20
69.97713995428
 30
0.0
 40
0.31000762001524007
  0
CIRCLE
  5
11c2
330
1F
100
AcDbEntity
  8
Hole
100
AcDbCircle
 10
38.86207772415537
 20
69.97713995428
 30
0.0
 40
0.15499110998222
  0
CIRCLE
  5
11c3
330
1F
100
AcDbEntity
  8
Multi-Layer
100
AcDbCircle
 10
37.973075946151994
 20
66.80213360426728
 30
0.0
 40
0.31000762001524007
  0
CIRCLE
  5
11c4
330
1F
100
AcDbEntity
  8
Hole
100
AcDbCircle
 10
37.973075946151994
 20
66.80213360426728
 30
0.0
 40
0.15499110998222
  0
CIRCLE
  5
11c5
330
1F
100
AcDbEntity
  8
Multi-Layer
100
AcDbCircle
 10
37.973075946151994
 20
67.81813563627134
 30
0.0
 40
0.31000762001524007
  0
CIRCLE
  5
11c6
330
1F
100
AcDbEntity
  8
Hole
100
AcDbCircle
 10
37.973075946151994
 20
67.81813563627134
 30
0.0
 40
0.15499110998222
  0
CIRCLE
  5
11c7
330
1F
100
AcDbEntity
  8
Multi-Layer
100
AcDbCircle
 10
36.06807213614434
 20
66.92913385826773
 30
0.0
 40
0.31000762001524007
  0
CIRCLE
  5
11c8
330
1F
100
AcDbEntity
  8
Hole
100
AcDbCircle
 10
36.06807213614434
 20
66.92913385826773
 30
0.0
 40
0.15499110998222
  0
CIRCLE
  5
11c9
330
1F
100
AcDbEntity
  8
Multi-Layer
100
AcDbCircle
 10
41.52908305816618
 20
72.51714503429014
 30
0.0
 40
0.31000762001524007
  0
CIRCLE
  5
11ca
330
1F
100
AcDbEntity
  8
Hole
100
AcDbCircle
 10
41.52908305816618
 20
72.51714503429014
 30
0.0
 40
0.15499110998222
  0
CIRCLE
  5
11cb
330
1F
100
AcDbEntity
  8
Multi-Layer
100
AcDbCircle
 10
48.133096266192524
 20
45.33909067818138
 30
0.0
 40
0.31000762001524007
  0
CIRCLE
  5
11cc
330
1F
100
AcDbEntity
  8
Hole
100
AcDbCircle
 10
48.133096266192524
 20
45.33909067818138
 30
0.0
 40
0.15499110998222
  0
CIRCLE
  5
11cd
330
1F
100
AcDbEntity
  8
Multi-Layer
100
AcDbCircle
 10
48.768097536195
 20
48.006096012192074
 30
0.0
 40
0.31000762001524007
  0
CIRCLE
  5
11ce
330
1F
100
AcDbEntity
  8
Hole
100
AcDbCircle
 10
48.768097536195
 20
48.006096012192074
 30
0.0
 40
0.15499110998222
  0
CIRCLE
  5
11cf
330
1F
100
AcDbEntity
  8
Multi-Layer
100
AcDbCircle
 10
49.403098806197704
 20
45.33909067818138
 30
0.0
 40
0.31000762001524007
  0
CIRCLE
  5
11d0
330
1F
100
AcDbEntity
  8
Hole
100
AcDbCircle
 10
49.403098806197704
 20
45.33909067818138
 30
0.0
 40
0.15499110998222
  0
CIRCLE
  5
11d1
330
1F
100
AcDbEntity
  8
Multi-Layer
100
AcDbCircle
 10
44.83108966217924
 20
54.35610871221752
 30
0.0
 40
0.31000762001524007
  0
CIRCLE
  5
11d2
330
1F
100
AcDbEntity
  8
Hole
100
AcDbCircle
 10
44.83108966217924
 20
54.35610871221752
 30
0.0
 40
0.15499110998222
  0
CIRCLE
  5
11d3
330
1F
100
AcDbEntity
  8
Multi-Layer
100
AcDbCircle
 10
48.64109728219455
 20
54.229108458216956
 30
0.0
 40
0.31000762001524007
  0
CIRCLE
  5
11d4
330
1F
100
AcDbEntity
  8
Hole
100
AcDbCircle
 10
48.64109728219455
 20
54.229108458216956
 30
0.0
 40
0.15499110998222
  0
CIRCLE
  5
11d5
330
1F
100
AcDbEntity
  8
Multi-Layer
100
AcDbCircle
 10
43.30708661417316
 20
79.12115824231648
 30
0.0
 40
0.31000762001524007
  0
CIRCLE
  5
11d6
330
1F
100
AcDbEntity
  8
Hole
100
AcDbCircle
 10
43.30708661417316
 20
79.12115824231648
 30
0.0
 40
0.15499110998222
  0
CIRCLE
  5
11d7
330
1F
100
AcDbEntity
  8
Multi-Layer
100
AcDbCircle
 10
45.84709169418352
 20
79.88315976631964
 30
0.0
 40
0.31000762001524007
  0
CIRCLE
  5
11d8
330
1F
100
AcDbEntity
  8
Hole
100
AcDbCircle
 10
45.84709169418352
 20
79.88315976631964
 30
0.0
 40
0.15499110998222
  0
CIRCLE
  5
11d9
330
1F
100
AcDbEntity
  8
Multi-Layer
100
AcDbCircle
 10
45.46609093218194
 20
73.66014732029464
 30
0.0
 40
0.31000762001524007
  0
CIRCLE
  5
11da
330
1F
100
AcDbEntity
  8
Hole
100
AcDbCircle
 10
45.46609093218194
 20
73.66014732029464
 30
0.0
 40
0.15499110998222
  0
CIRCLE
  5
11db
330
1F
100
AcDbEntity
  8
Multi-Layer
100
AcDbCircle
 10
44.70408940817879
 20
72.8981457962916
 30
0.0
 40
0.31000762001524007
  0
CIRCLE
  5
11dc
330
1F
100
AcDbEntity
  8
Hole
100
AcDbCircle
 10
44.70408940817879
 20
72.8981457962916
 30
0.0
 40
0.15499110998222
  0
CIRCLE
  5
11dd
330
1F
100
AcDbEntity
  8
Multi-Layer
100
AcDbCircle
 10
43.94208788417586
 20
72.13614427228856
 30
0.0
 40
0.31000762001524007
  0
CIRCLE
  5
11de
330
1F
100
AcDbEntity
  8
Hole
100
AcDbCircle
 10
43.94208788417586
 20
72.13614427228856
 30
0.0
 40
0.15499110998222
  0
CIRCLE
  5
11df
330
1F
100
AcDbEntity
  8
Multi-Layer
100
AcDbCircle
 10
45.33909067818149
 20
70.8661417322835
 30
0.0
 40
0.31000762001524007
  0
CIRCLE
  5
11e0
330
1F
100
AcDbEntity
  8
Hole
100
AcDbCircle
 10
45.33909067818149
 20
70.8661417322835
 30
0.0
 40
0.15499110998222
  0
CIRCLE
  5
11e1
330
1F
100
AcDbEntity
  8
Multi-Layer
100
AcDbCircle
 10
46.10109220218442
 20
71.62814325628653
 30
0.0
 40
0.31000762001524007
  0
CIRCLE
  5
11e2
330
1F
100
AcDbEntity
  8
Hole
100
AcDbCircle
 10
46.10109220218442
 20
71.62814325628653
 30
0.0
 40
0.15499110998222
  0
CIRCLE
  5
11e3
330
1F
100
AcDbEntity
  8
Multi-Layer
100
AcDbCircle
 10
46.86309372618757
 20
72.39014478028957
 30
0.0
 40
0.31000762001524007
  0
CIRCLE
  5
11e4
330
1F
100
AcDbEntity
  8
Hole
100
AcDbCircle
 10
46.86309372618757
 20
72.39014478028957
 30
0.0
 40
0.15499110998222
  0
CIRCLE
  5
11e5
330
1F
100
AcDbEntity
  8
Multi-Layer
100
AcDbCircle
 10
46.99009398018802
 20
54.229108458216956
 30
0.0
 40
0.31000762001524007
  0
CIRCLE
  5
11e6
330
1F
100
AcDbEntity
  8
Hole
100
AcDbCircle
 10
46.99009398018802
 20
54.229108458216956
 30
0.0
 40
0.15499110998222
  0
CIRCLE
  5
11e7
330
1F
100
AcDbEntity
  8
Multi-Layer
100
AcDbCircle
 10
46.99009398018802
 20
57.150114300228665
 30
0.0
 40
0.31000762001524007
  0
CIRCLE
  5
11e8
330
1F
100
AcDbEntity
  8
Hole
100
AcDbCircle
 10
46.99009398018802
 20
57.150114300228665
 30
0.0
 40
0.15499110998222
  0
CIRCLE
  5
11e9
330
1F
100
AcDbEntity
  8
Multi-Layer
100
AcDbCircle
 10
64.26212852425715
 20
58.674117348234745
 30
0.0
 40
0.31000762001524007
  0
CIRCLE
  5
11ea
330
1F
100
AcDbEntity
  8
Hole
100
AcDbCircle
 10
64.26212852425715
 20
58.674117348234745
 30
0.0
 40
0.15499110998222
  0
CIRCLE
  5
11eb
330
1F
100
AcDbEntity
  8
Multi-Layer
100
AcDbCircle
 10
33.02006604013218
 20
76.96215392430793
 30
0.0
 40
1.0160020320040641
  0
CIRCLE
  5
11ec
330
1F
100
AcDbEntity
  8
Multi-Layer
100
AcDbCircle
 10
78.86715773431547
 20
87.88417576835161
 30
0.0
 40
1.0160020320040641
  0
CIRCLE
  5
11ed
330
1F
100
AcDbEntity
  8
Multi-Layer
100
AcDbCircle
 10
29.718059436118892
 20
97.15519431038865
 30
0.0
 40
1.0160020320040641
  0
CIRCLE
  5
11ee
330
1F
100
AcDbEntity
  8
Multi-Layer
100
AcDbCircle
 10
56.1341122682245
 20
47.371094742189484
 30
0.0
 40
1.0160020320040641
  0
CIRCLE
  5
11ef
330
1F
100
AcDbEntity
  8
Multi-Layer
100
AcDbCircle
 10
45.84404368808737
 20
103.9913639827281
 30
0.0
 40
0.5
  0
CIRCLE
  5
11f0
330
1F
100
AcDbEntity
  8
Multi-Layer
100
AcDbCircle
 10
37.84404368808737
 20
103.9913639827281
 30
0.0
 40
0.5
  0
CIRCLE
  5
11f1
330
1F
100
AcDbEntity
  8
Multi-Layer
100
AcDbCircle
 10
84.56413512827021
 20
81.37617475234958
 30
0.0
 40
0.3249936499873
  0
CIRCLE
  5
11f2
330
1F
100
AcDbEntity
  8
Multi-Layer
100
AcDbCircle
 10
84.56413512827021
 20
75.59613919227843
 30
0.0
 40
0.3249936499873
0
HATCH
5
11f4
100
AcDbEntity
8
Document
100
AcDbHatch
10
0
20
0
30
0
210
0
220
0
230
1
2
SOLID
70
1
71
0
91
1
92
7
72
0
73
1
93
5
10
47.89410718821455
20
108.09121158242328
10
47.89410718821455
20
96.59118618237244
10
46.8940817881637
20
96.59118618237244
10
46.8940817881637
20
108.09121158242328
10
47.89410718821455
20
108.09121158242328
97
1
330

75
0
76
1
47
0.4128176842155181
98
1
10
34.90568961886538
20
22.81183545379326
450
0
451
0
460
0
461
0
452
1
462
1
453
2
463
0
63
5
421
255
463
1
63
7
421
16777215
470
LINEAR
1001
ACAD
1010
0
1020
0
1030
0
0
HATCH
5
11f6
100
AcDbEntity
8
Document
100
AcDbHatch
10
0
20
0
30
0
210
0
220
0
230
1
2
SOLID
70
1
71
0
91
1
92
7
72
0
73
1
93
4
10
33.89405638811263
20
108.09121158242328
10
33.89405638811263
20
96.59118618237244
10
34.894081788163476
20
96.59118618237244
10
34.894081788163476
20
108.09121158242328
97
1
330

75
0
76
1
47
0.4128176842155181
98
1
10
34.90568961886538
20
22.81183545379326
450
0
451
0
460
0
461
0
452
1
462
1
453
2
463
0
63
5
421
255
463
1
63
7
421
16777215
470
LINEAR
1001
ACAD
1010
0
1020
0
1030
0
0
HATCH
5
11f8
100
AcDbEntity
8
Document
100
AcDbHatch
10
0
20
0
30
0
210
0
220
0
230
1
2
SOLID
70
1
71
0
91
1
92
7
72
0
73
1
93
4
10
46.8940817881637
20
96.59118618237244
10
34.894081788163476
20
96.59118618237244
10
34.894081788163476
20
97.59118618237244
10
46.8940817881637
20
97.59118618237244
97
1
330

75
0
76
1
47
0.4128176842155181
98
1
10
34.90568961886538
20
22.81183545379326
450
0
451
0
460
0
461
0
452
1
462
1
453
2
463
0
63
5
421
255
463
1
63
7
421
16777215
470
LINEAR
1001
ACAD
1010
0
1020
0
1030
0
0
HATCH
5
11fa
100
AcDbEntity
8
Document
100
AcDbHatch
10
0
20
0
30
0
210
0
220
0
230
1
2
SOLID
70
1
71
0
91
1
92
7
72
0
73
1
93
8
10
86.86817373634744
20
70.99314198628406
10
86.86817373634744
20
70.61214122428248
10
84.96316992633979
20
70.61214122428248
10
84.96316992633979
20
65.65913131826267
10
86.86817373634744
20
65.65913131826267
10
86.86817373634744
20
65.15113030226064
10
84.32816865633731
20
65.15113030226064
10
84.32816865633731
20
70.99314198628406
97
1
330

75
0
76
1
47
0.4128176842155181
98
1
10
34.90568961886538
20
22.81183545379326
450
0
451
0
460
0
461
0
452
1
462
1
453
2
463
0
63
5
421
255
463
1
63
7
421
16777215
470
LINEAR
1001
ACAD
1010
0
1020
0
1030
0
0
HATCH
5
11fc
100
AcDbEntity
8
Document
100
AcDbHatch
10
0
20
0
30
0
210
0
220
0
230
1
2
SOLID
70
1
71
0
91
1
92
7
72
0
73
1
93
6
10
87.50317500635015
20
71.07218694437393
10
87.50317500635015
20
70.5641859283719
10
88.26517653035307
20
70.5641859283719
10
88.26517653035307
20
68.40518161036334
10
88.7731775463551
20
68.40518161036334
10
88.7731775463551
20
71.12014224028451
97
1
330

75
0
76
1
47
0.4128176842155181
98
1
10
34.90568961886538
20
22.81183545379326
450
0
451
0
460
0
461
0
452
1
462
1
453
2
463
0
63
5
421
255
463
1
63
7
421
16777215
470
LINEAR
1001
ACAD
1010
0
1020
0
1030
0
0
HATCH
5
11fe
100
AcDbEntity
8
Document
100
AcDbHatch
10
0
20
0
30
0
210
0
220
0
230
1
2
SOLID
70
1
71
0
91
1
92
7
72
0
73
1
93
6
10
88.26517653035307
20
67.81813563627134
10
88.7731775463551
20
67.81813563627134
10
88.7731775463551
20
65.15113030226064
10
87.50317500635015
20
65.15113030226064
10
87.50317500635015
20
65.65913131826267
10
88.26517653035307
20
65.65913131826267
97
1
330

75
0
76
1
47
0.4128176842155181
98
1
10
34.90568961886538
20
22.81183545379326
450
0
451
0
460
0
461
0
452
1
462
1
453
2
463
0
63
5
421
255
463
1
63
7
421
16777215
470
LINEAR
1001
ACAD
1010
0
1020
0
1030
0
  0
LWPOLYLINE
  5
11ff
330
1F
100
AcDbEntity
  8
Document
100
AcDbPolyline
 90
4
 70
 1
 43
0
 10
65.13749047498095
 20
64.87942595885193
 10
66.23749047498109
 20
64.87942595885193
 10
66.23749047498109
 20
64.67942595885188
 10
65.13749047498095
 20
64.67942595885188
  0
LWPOLYLINE
  5
1200
330
1F
100
AcDbEntity
  8
Document
100
AcDbPolyline
 90
4
 70
 1
 43
0
 10
64.14876809753628
 20
64.71054102108212
 10
63.04876809753614
 20
64.71054102108212
 10
63.04876809753614
 20
64.91054102108205
 10
64.14876809753628
 20
64.91054102108205
  0
LWPOLYLINE
  5
1201
330
1F
100
AcDbEntity
  8
Document
100
AcDbPolyline
 90
4
 70
 1
 43
0
 10
63.702133604267146
 20
65.32606045212094
 10
63.702133604267146
 20
64.22606045212103
 10
63.5021336042671
 20
64.22606045212103
 10
63.5021336042671
 20
65.32606045212094
  0
LWPOLYLINE
  5
1202
330
1F
100
AcDbEntity
  8
Document
100
AcDbPolyline
 90
4
 70
 1
 43
0
 10
63.702133604267146
 20
67.73906527813062
 10
63.702133604267146
 20
66.6390652781306
 10
63.5021336042671
 20
66.6390652781306
 10
63.5021336042671
 20
67.73906527813062
  0
LWPOLYLINE
  5
1203
330
1F
100
AcDbEntity
  8
Document
100
AcDbPolyline
 90
4
 70
 1
 43
0
 10
64.14876809753628
 20
67.1235458470918
 10
63.04876809753614
 20
67.1235458470918
 10
63.04876809753614
 20
67.32354584709174
 10
64.14876809753628
 20
67.32354584709174
  0
LWPOLYLINE
  5
1204
330
1F
100
AcDbEntity
  8
Document
100
AcDbPolyline
 90
4
 70
 1
 43
0
 10
65.13749047498095
 20
67.29243078486161
 10
66.23749047498109
 20
67.29243078486161
 10
66.23749047498109
 20
67.09243078486156
 10
65.13749047498095
 20
67.09243078486156
0
HATCH
5
1206
100
AcDbEntity
8
Document
100
AcDbHatch
10
0
20
0
30
0
210
0
220
0
230
1
2
SOLID
70
1
71
0
91
1
92
7
72
0
73
1
93
3
10
44.89657099314218
20
63.10327660655332
10
44.89657099314218
20
63.776377952755865
10
44.172669545339204
20
63.776377952755865
97
1
330

75
0
76
1
47
0.4128176842155181
98
1
10
34.90568961886538
20
22.81183545379326
450
0
451
0
460
0
461
0
452
1
462
1
453
2
463
0
63
5
421
255
463
1
63
7
421
16777215
470
LINEAR
1001
ACAD
1010
0
1020
0
1030
0
0
HATCH
5
1208
100
AcDbEntity
8
Document
100
AcDbHatch
10
0
20
0
30
0
210
0
220
0
230
1
2
SOLID
70
1
71
0
91
1
92
7
72
0
73
1
93
5
10
39.87101854203706
20
58.93208026416062
10
39.90114300228606
20
58.898221996444136
10
40.42794005588007
20
58.89540259080525
10
40.42887985775974
20
59.002641605283316
10
39.97546355092709
20
58.99700279400565
97
1
330

75
0
76
1
47
0.4128176842155181
98
1
10
34.90568961886538
20
22.81183545379326
450
0
451
0
460
0
461
0
452
1
462
1
453
2
463
0
63
5
421
255
463
1
63
7
421
16777215
470
LINEAR
1001
ACAD
1010
0
1020
0
1030
0
0
HATCH
5
120a
100
AcDbEntity
8
Document
100
AcDbHatch
10
0
20
0
30
0
210
0
220
0
230
1
2
SOLID
70
1
71
0
91
1
92
7
72
0
73
1
93
27
10
39.87101854203706
20
58.93114046228095
10
39.87386334772668
20
59.15598171196348
10
39.923698247396715
20
59.26228092456188
10
39.982981965963745
20
59.32626365252736
10
40.059182118364106
20
59.358242316484734
10
40.14384048768102
20
59.385521971044
10
40.29530099060207
20
59.38270256540511
10
40.39596139192258
20
59.35072390144785
10
40.453340106680116
20
59.3149606299213
10
40.50980441960883
20
59.251003302006666
10
40.546482092964425
20
59.132461264922654
10
40.541783083566315
20
58.9255016510034
10
40.51920243840482
20
58.898221996444136
10
40.49004318008656
20
58.8963423926848
10
40.42418084836163
20
58.8963423926848
10
40.42700025400063
20
58.99888239776487
10
40.44206248412502
20
58.996062992125985
10
40.44488188976379
20
59.120243840487774
10
40.421361442722855
20
59.19550419100847
10
40.384683769367484
20
59.2378206756415
10
40.33764287528584
20
59.25664211328433
10
40.26896113792213
20
59.28016256032515
10
40.15608331216663
20
59.277343154686264
10
40.03660147320306
20
59.232181864363724
10
39.995199390398966
20
59.1945643891288
10
39.97734315468642
20
59.129641859283765
10
39.97546355092709
20
58.997942595885206
97
1
330

75
0
76
1
47
0.4128176842155181
98
1
10
34.90568961886538
20
22.81183545379326
450
0
451
0
460
0
461
0
452
1
462
1
453
2
463
0
63
5
421
255
463
1
63
7
421
16777215
470
LINEAR
1001
ACAD
1010
0
1020
0
1030
0
0
HATCH
5
120c
100
AcDbEntity
8
Document
100
AcDbHatch
10
0
20
0
30
0
210
0
220
0
230
1
2
SOLID
70
1
71
0
91
1
92
7
72
0
73
1
93
5
10
39.868199136398516
20
58.37909575819151
10
39.89832359664729
20
58.34523749047503
10
40.4251206502413
20
58.342418084836254
10
40.426060452120964
20
58.44965709931432
10
39.972644145288314
20
58.444018288036546
97
1
330

75
0
76
1
47
0.4128176842155181
98
1
10
34.90568961886538
20
22.81183545379326
450
0
451
0
460
0
461
0
452
1
462
1
453
2
463
0
63
5
421
255
463
1
63
7
421
16777215
470
LINEAR
1001
ACAD
1010
0
1020
0
1030
0
0
HATCH
5
120e
100
AcDbEntity
8
Document
100
AcDbHatch
10
0
20
0
30
0
210
0
220
0
230
1
2
SOLID
70
1
71
0
91
1
92
7
72
0
73
1
93
27
10
39.868199136398516
20
58.37815595631196
10
39.87104394208791
20
58.60299720599437
10
39.92087884175771
20
58.709296418592885
10
39.9801625603252
20
58.773279146558366
10
40.05636271272556
20
58.80525781051563
10
40.14102108204224
20
58.832537465075006
10
40.2924815849633
20
58.82971805943612
10
40.393141986284036
20
58.79773939547886
10
40.45052070104157
20
58.761976123952195
10
40.50698501397005
20
58.69801879603756
10
40.54366268732542
20
58.57947675895355
10
40.53896367792731
20
58.37251714503441
10
40.51638303276604
20
58.34523749047503
10
40.48722377444756
20
58.34335788671581
10
40.421361442722855
20
58.34335788671581
10
40.42418084836163
20
58.44589789179588
10
40.43924307848624
20
58.44307848615699
10
40.44206248412502
20
58.56725933451867
10
40.41854203708408
20
58.64251968503936
10
40.38186436372871
20
58.684836169672394
10
40.33482346964706
20
58.703657607315336
10
40.26614173228336
20
58.72717805435616
10
40.153263906527854
20
58.72435864871727
10
40.03378206756429
20
58.67919735839473
10
39.992379984759964
20
58.64157988315981
10
39.97452374904765
20
58.57665735331477
10
39.972644145288314
20
58.44495808991621
97
1
330

75
0
76
1
47
0.4128176842155181
98
1
10
34.90568961886538
20
22.81183545379326
450
0
451
0
460
0
461
0
452
1
462
1
453
2
463
0
63
5
421
255
463
1
63
7
421
16777215
470
LINEAR
1001
ACAD
1010
0
1020
0
1030
0
0
HATCH
5
1210
100
AcDbEntity
8
Document
100
AcDbHatch
10
0
20
0
30
0
210
0
220
0
230
1
2
SOLID
70
1
71
0
91
1
92
7
72
0
73
1
93
19
10
39.87399034798068
20
58.23677927355868
10
39.87157734315474
20
58.20068580137172
10
39.88897637795276
20
58.17795275590561
10
40.350190500380904
20
57.99616459232925
10
39.892989585979194
20
57.81567183134371
10
39.872263144526414
20
57.78493776987557
10
39.872263144526414
20
57.76085852171707
10
39.884277368554876
20
57.741478282956564
10
39.90835661671326
20
57.728778257556655
10
39.939776479553075
20
57.73147066294132
10
40.52346964693925
20
57.950596901193876
10
40.53429006858005
20
57.96751333502675
10
40.542291084582075
20
57.98775717551439
10
40.542291084582075
20
58.011277622555326
10
40.53383286766575
20
58.03431546863101
10
40.50558801117609
20
58.04655829311662
10
39.92727965455924
20
58.26537973075949
10
39.90988061976145
20
58.26725933451871
10
39.887299974599955
20
58.25267970535947
97
1
330

75
0
76
1
47
0.4128176842155181
98
1
10
34.90568961886538
20
22.81183545379326
450
0
451
0
460
0
461
0
452
1
462
1
453
2
463
0
63
5
421
255
463
1
63
7
421
16777215
470
LINEAR
1001
ACAD
1010
0
1020
0
1030
0
0
HATCH
5
1212
100
AcDbEntity
8
TopSilkLayer
100
AcDbHatch
10
0
20
0
30
0
210
0
220
0
230
1
2
SOLID
70
1
71
0
91
1
92
7
72
0
73
1
93
3
10
44.86840233680459
20
63.06159512319027
10
44.86840233680459
20
63.73469646939293
10
44.14450088900185
20
63.73469646939293
97
1
330

75
0
76
1
47
0.4128176842155181
98
1
10
34.90568961886538
20
22.81183545379326
450
0
451
0
460
0
461
0
452
1
462
1
453
2
463
0
63
5
421
255
463
1
63
7
421
16777215
470
LINEAR
1001
ACAD
1010
0
1020
0
1030
0
0
HATCH
5
1214
100
AcDbEntity
8
TopPasteMaskLayer
100
AcDbHatch
10
0
20
0
30
0
210
0
220
0
230
1
2
SOLID
70
1
71
0
91
1
92
7
72
0
73
1
93
12
10
80.9511811023624
20
76.14213868427748
10
80.15118110236222
20
76.14213868427748
10
80.10116840233673
20
76.092125984252
10
80.10116840233673
20
75.86416052832112
10
80.47117094234181
20
75.86416052832112
10
80.47117094234181
20
75.53416306832628
10
80.10116840233673
20
75.53416306832628
10
80.10116840233673
20
75.29212598425204
10
80.15118110236222
20
75.2421386842775
10
80.9511811023624
20
75.2421386842775
10
81.00116840233682
20
75.29212598425204
10
81.00116840233682
20
76.092125984252
97
1
330

75
0
76
1
47
0.4128176842155181
98
1
10
34.90568961886538
20
22.81183545379326
450
0
451
0
460
0
461
0
452
1
462
1
453
2
463
0
63
5
421
255
463
1
63
7
421
16777215
470
LINEAR
1001
ACAD
1010
0
1020
0
1030
0
0
HATCH
5
1216
100
AcDbEntity
8
TopPasteMaskLayer
100
AcDbHatch
10
0
20
0
30
0
210
0
220
0
230
1
2
SOLID
70
1
71
0
91
1
92
7
72
0
73
1
93
12
10
78.56113792227575
20
75.24216408432824
10
79.36113792227593
20
75.24216408432824
10
79.4111506223012
20
75.29217678435361
10
79.4111506223012
20
75.52014224028449
10
79.04114808229633
20
75.52014224028449
10
79.04114808229633
20
75.85013970027944
10
79.4111506223012
20
75.85013970027944
10
79.4111506223012
20
76.09217678435368
10
79.36113792227593
20
76.14216408432821
10
78.56113792227575
20
76.14216408432821
10
78.51115062230133
20
76.09217678435368
10
78.51115062230133
20
75.29217678435361
97
1
330

75
0
76
1
47
0.4128176842155181
98
1
10
34.90568961886538
20
22.81183545379326
450
0
451
0
460
0
461
0
452
1
462
1
453
2
463
0
63
5
421
255
463
1
63
7
421
16777215
470
LINEAR
1001
ACAD
1010
0
1020
0
1030
0
0
HATCH
5
1218
100
AcDbEntity
8
TopPasteMaskLayer
100
AcDbHatch
10
0
20
0
30
0
210
0
220
0
230
1
2
SOLID
70
1
71
0
91
1
92
7
72
0
73
1
93
12
10
79.04617729235474
20
82.36515113030237
10
78.24617729235456
20
82.36515113030237
10
78.19616459232907
20
82.31513843027699
10
78.19616459232907
20
82.087172974346
10
78.56616713233416
20
82.087172974346
10
78.56616713233416
20
81.75717551435116
10
78.19616459232907
20
81.75717551435116
10
78.19616459232907
20
81.51513843027692
10
78.24617729235456
20
81.46515113030239
10
79.04617729235474
20
81.46515113030239
10
79.09616459232916
20
81.51513843027692
10
79.09616459232916
20
82.31513843027699
97
1
330

75
0
76
1
47
0.4128176842155181
98
1
10
34.90568961886538
20
22.81183545379326
450
0
451
0
460
0
461
0
452
1
462
1
453
2
463
0
63
5
421
255
463
1
63
7
421
16777215
470
LINEAR
1001
ACAD
1010
0
1020
0
1030
0
0
HATCH
5
121a
100
AcDbEntity
8
TopPasteMaskLayer
100
AcDbHatch
10
0
20
0
30
0
210
0
220
0
230
1
2
SOLID
70
1
71
0
91
1
92
7
72
0
73
1
93
12
10
76.65613411226809
20
81.46517653035312
10
77.45613411226827
20
81.46517653035312
10
77.50614681229376
20
81.5151892303785
10
77.50614681229376
20
81.74315468630937
10
77.13614427228867
20
81.74315468630937
10
77.13614427228867
20
82.07315214630432
10
77.50614681229376
20
82.07315214630432
10
77.50614681229376
20
82.31518923037856
10
77.45613411226827
20
82.3651765303531
10
76.65613411226809
20
82.3651765303531
10
76.60614681229367
20
82.31518923037856
10
76.60614681229367
20
81.5151892303785
97
1
330

75
0
76
1
47
0.4128176842155181
98
1
10
34.90568961886538
20
22.81183545379326
450
0
451
0
460
0
461
0
452
1
462
1
453
2
463
0
63
5
421
255
463
1
63
7
421
16777215
470
LINEAR
1001
ACAD
1010
0
1020
0
1030
0
  0
LWPOLYLINE
  5
121b
330
1F
100
AcDbEntity
  8
TopPasteMaskLayer
100
AcDbPolyline
 90
12
 70
 1
 43
0
 10
62.43210566421135
 20
73.21016002032013
 10
63.2321056642113
 20
73.21016002032013
 10
63.282118364236794
 20
73.26017272034551
 10
63.282118364236794
 20
73.48813817627638
 10
62.912115824231705
 20
73.48813817627638
 10
62.912115824231705
 20
73.81813563627134
 10
63.282118364236794
 20
73.81813563627134
 10
63.282118364236794
 20
74.06017272034546
 10
63.2321056642113
 20
74.11016002032
 10
62.43210566421135
 20
74.11016002032
 10
62.3821183642367
 20
74.06017272034546
 10
62.3821183642367
 20
73.26017272034551
  0
LWPOLYLINE
  5
121c
330
1F
100
AcDbEntity
  8
TopPasteMaskLayer
100
AcDbPolyline
 90
12
 70
 1
 43
0
 10
64.82214884429777
 20
74.11013462026926
 10
64.02214884429759
 20
74.11013462026926
 10
63.972136144272326
 20
74.06012192024389
 10
63.972136144272326
 20
73.83215646431302
 10
64.34213868427719
 20
73.83215646431302
 10
64.34213868427719
 20
73.50215900431806
 10
63.972136144272326
 20
73.50215900431806
 10
63.972136144272326
 20
73.26012192024382
 10
64.02214884429759
 20
73.2101346202694
 10
64.82214884429777
 20
73.2101346202694
 10
64.87213614427242
 20
73.26012192024382
 10
64.87213614427242
 20
74.06012192024389
  0
LWPOLYLINE
  5
121d
330
1F
100
AcDbEntity
  8
TopPasteMaskLayer
100
AcDbPolyline
 90
12
 70
 1
 43
0
 10
62.43210566421135
 20
71.43215646431292
 10
63.2321056642113
 20
71.43215646431292
 10
63.282118364236794
 20
71.4821691643383
 10
63.282118364236794
 20
71.71013462026929
 10
62.912115824231705
 20
71.71013462026929
 10
62.912115824231705
 20
72.04013208026413
 10
63.282118364236794
 20
72.04013208026413
 10
63.282118364236794
 20
72.28216916433837
 10
63.2321056642113
 20
72.3321564643129
 10
62.43210566421135
 20
72.3321564643129
 10
62.3821183642367
 20
72.28216916433837
 10
62.3821183642367
 20
71.4821691643383
  0
LWPOLYLINE
  5
121e
330
1F
100
AcDbEntity
  8
TopPasteMaskLayer
100
AcDbPolyline
 90
12
 70
 1
 43
0
 10
64.82214884429777
 20
72.33213106426217
 10
64.02214884429759
 20
72.33213106426217
 10
63.972136144272326
 20
72.2821183642368
 10
63.972136144272326
 20
72.05415290830592
 10
64.34213868427719
 20
72.05415290830592
 10
64.34213868427719
 20
71.72415544831097
 10
63.972136144272326
 20
71.72415544831097
 10
63.972136144272326
 20
71.48211836423673
 10
64.02214884429759
 20
71.4321310642622
 10
64.82214884429777
 20
71.4321310642622
 10
64.87213614427242
 20
71.48211836423673
 10
64.87213614427242
 20
72.2821183642368
  0
LWPOLYLINE
  5
121f
330
1F
100
AcDbEntity
  8
TopPasteMaskLayer
100
AcDbPolyline
 90
12
 70
 1
 43
0
 10
62.43210566421135
 20
69.65415290830583
 10
63.2321056642113
 20
69.65415290830583
 10
63.282118364236794
 20
69.70416560833121
 10
63.282118364236794
 20
69.9321310642622
 10
62.912115824231705
 20
69.9321310642622
 10
62.912115824231705
 20
70.26212852425704
 10
63.282118364236794
 20
70.26212852425704
 10
63.282118364236794
 20
70.50416560833128
 10
63.2321056642113
 20
70.55415290830581
 10
62.43210566421135
 20
70.55415290830581
 10
62.3821183642367
 20
70.50416560833128
 10
62.3821183642367
 20
69.70416560833121
  0
LWPOLYLINE
  5
1220
330
1F
100
AcDbEntity
  8
TopPasteMaskLayer
100
AcDbPolyline
 90
12
 70
 1
 43
0
 10
64.82214884429777
 20
70.55412750825508
 10
64.02214884429759
 20
70.55412750825508
 10
63.972136144272326
 20
70.5041148082297
 10
63.972136144272326
 20
70.27614935229883
 10
64.34213868427719
 20
70.27614935229883
 10
64.34213868427719
 20
69.94615189230387
 10
63.972136144272326
 20
69.94615189230387
 10
63.972136144272326
 20
69.70411480822963
 10
64.02214884429759
 20
69.6541275082551
 10
64.82214884429777
 20
69.6541275082551
 10
64.87213614427242
 20
69.70411480822963
 10
64.87213614427242
 20
70.5041148082297
0
HATCH
5
1222
100
AcDbEntity
8
TopPasteMaskLayer
100
AcDbHatch
10
0
20
0
30
0
210
0
220
0
230
1
2
SOLID
70
1
71
0
91
1
92
7
72
0
73
1
93
12
10
80.82418084836172
20
72.96713233426476
10
80.02418084836177
20
72.96713233426476
10
79.97416814833628
20
72.91711963423938
10
79.97416814833628
20
72.6891541783084
10
80.34417068834136
20
72.6891541783084
10
80.34417068834136
20
72.35915671831356
10
79.97416814833628
20
72.35915671831356
10
79.97416814833628
20
72.11711963423932
10
80.02418084836177
20
72.06713233426478
10
80.82418084836172
20
72.06713233426478
10
80.87416814833637
20
72.11711963423932
10
80.87416814833637
20
72.91711963423938
97
1
330

75
0
76
1
47
0.4128176842155181
98
1
10
34.90568961886538
20
22.81183545379326
450
0
451
0
460
0
461
0
452
1
462
1
453
2
463
0
63
5
421
255
463
1
63
7
421
16777215
470
LINEAR
1001
ACAD
1010
0
1020
0
1030
0
0
HATCH
5
1224
100
AcDbEntity
8
TopPasteMaskLayer
100
AcDbHatch
10
0
20
0
30
0
210
0
220
0
230
1
2
SOLID
70
1
71
0
91
1
92
7
72
0
73
1
93
12
10
78.4341376682753
20
72.06715773431551
10
79.23413766827548
20
72.06715773431551
10
79.28415036830074
20
72.11717043434089
10
79.28415036830074
20
72.34513589027176
10
78.91414782829588
20
72.34513589027176
10
78.91414782829588
20
72.67513335026672
10
79.28415036830074
20
72.67513335026672
10
79.28415036830074
20
72.91717043434096
10
79.23413766827548
20
72.96715773431549
10
78.4341376682753
20
72.96715773431549
10
78.38415036830065
20
72.91717043434096
10
78.38415036830065
20
72.11717043434089
97
1
330

75
0
76
1
47
0.4128176842155181
98
1
10
34.90568961886538
20
22.81183545379326
450
0
451
0
460
0
461
0
452
1
462
1
453
2
463
0
63
5
421
255
463
1
63
7
421
16777215
470
LINEAR
1001
ACAD
1010
0
1020
0
1030
0
  0
LWPOLYLINE
  5
1225
330
1F
100
AcDbEntity
  8
TopPasteMaskLayer
100
AcDbPolyline
 90
12
 70
 1
 43
0
 10
71.3221234442467
 20
83.37018034036078
 10
72.12212344424688
 20
83.37018034036078
 10
72.17213614427237
 20
83.42019304038615
 10
72.17213614427237
 20
83.64815849631702
 10
71.80213360426728
 20
83.64815849631702
 10
71.80213360426728
 20
83.97815595631198
 10
72.17213614427237
 20
83.97815595631198
 10
72.17213614427237
 20
84.2201930403861
 10
72.12212344424688
 20
84.27018034036064
 10
71.3221234442467
 20
84.27018034036064
 10
71.27213614427228
 20
84.2201930403861
 10
71.27213614427228
 20
83.42019304038615
  0
LWPOLYLINE
  5
1226
330
1F
100
AcDbEntity
  8
TopPasteMaskLayer
100
AcDbPolyline
 90
12
 70
 1
 43
0
 10
73.71216662433335
 20
84.27015494030991
 10
72.91216662433317
 20
84.27015494030991
 10
72.8621539243079
 20
84.22014224028453
 10
72.8621539243079
 20
83.99217678435366
 10
73.23215646431277
 20
83.99217678435366
 10
73.23215646431277
 20
83.6621793243587
 10
72.8621539243079
 20
83.6621793243587
 10
72.8621539243079
 20
83.42014224028446
 10
72.91216662433317
 20
83.37015494030993
 10
73.71216662433335
 20
83.37015494030993
 10
73.762153924308
 20
83.42014224028446
 10
73.762153924308
 20
84.22014224028453
  0
LWPOLYLINE
  5
1227
330
1F
100
AcDbEntity
  8
TopPasteMaskLayer
100
AcDbPolyline
 90
12
 70
 1
 43
0
 10
65.46314452628917
 20
85.9041910083821
 10
65.46314452628917
 20
85.10419100838203
 10
65.51315722631443
 20
85.05417830835665
 10
65.7411226822453
 20
85.05417830835665
 10
65.7411226822453
 20
85.42418084836174
 10
66.07112014224049
 20
85.42418084836174
 10
66.07112014224049
 20
85.05417830835665
 10
66.31315722631439
 20
85.05417830835665
 10
66.36314452628903
 20
85.10419100838203
 10
66.36314452628903
 20
85.9041910083821
 10
66.31315722631439
 20
85.95417830835675
 10
65.51315722631443
 20
85.95417830835675
  0
LWPOLYLINE
  5
1228
330
1F
100
AcDbEntity
  8
TopPasteMaskLayer
100
AcDbPolyline
 90
12
 70
 1
 43
0
 10
66.36311912623819
 20
83.51414782829568
 10
66.36311912623819
 20
84.31414782829575
 10
66.31310642621293
 20
84.36416052832112
 10
66.08514097028205
 20
84.36416052832112
 10
66.08514097028205
 20
83.99415798831603
 10
65.75514351028687
 20
83.99415798831603
 10
65.75514351028687
 20
84.36416052832112
 10
65.51310642621297
 20
84.36416052832112
 10
65.46311912623833
 20
84.31414782829575
 10
65.46311912623833
 20
83.51414782829568
 10
65.51310642621297
 20
83.46416052832103
 10
66.31310642621293
 20
83.46416052832103
0
HATCH
5
122a
100
AcDbEntity
8
TopPasteMaskLayer
100
AcDbHatch
10
0
20
0
30
0
210
0
220
0
230
1
2
SOLID
70
1
71
0
91
1
92
7
72
0
73
1
93
12
10
33.85704851409696
20
81.33817627635256
10
34.65704851409714
20
81.33817627635256
10
34.707061214122405
20
81.38818897637793
10
34.707061214122405
20
81.61615443230892
10
34.33705867411754
20
81.61615443230892
10
34.33705867411754
20
81.94615189230376
10
34.707061214122405
20
81.94615189230376
10
34.707061214122405
20
82.188188976378
10
34.65704851409714
20
82.23817627635253
10
33.85704851409696
20
82.23817627635253
10
33.807061214122314
20
82.188188976378
10
33.807061214122314
20
81.38818897637793
97
1
330

75
0
76
1
47
0.4128176842155181
98
1
10
34.90568961886538
20
22.81183545379326
450
0
451
0
460
0
461
0
452
1
462
1
453
2
463
0
63
5
421
255
463
1
63
7
421
16777215
470
LINEAR
1001
ACAD
1010
0
1020
0
1030
0
0
HATCH
5
122c
100
AcDbEntity
8
TopPasteMaskLayer
100
AcDbHatch
10
0
20
0
30
0
210
0
220
0
230
1
2
SOLID
70
1
71
0
91
1
92
7
72
0
73
1
93
12
10
36.24709169418361
20
82.2381508763018
10
35.44709169418343
20
82.2381508763018
10
35.39707899415794
20
82.18813817627642
10
35.39707899415794
20
81.96017272034555
10
35.767081534163026
20
81.96017272034555
10
35.767081534163026
20
81.6301752603506
10
35.39707899415794
20
81.6301752603506
10
35.39707899415794
20
81.38813817627636
10
35.44709169418343
20
81.33815087630182
10
36.24709169418361
20
81.33815087630182
10
36.29707899415803
20
81.38813817627636
10
36.29707899415803
20
82.18813817627642
97
1
330

75
0
76
1
47
0.4128176842155181
98
1
10
34.90568961886538
20
22.81183545379326
450
0
451
0
460
0
461
0
452
1
462
1
453
2
463
0
63
5
421
255
463
1
63
7
421
16777215
470
LINEAR
1001
ACAD
1010
0
1020
0
1030
0
  0
LWPOLYLINE
  5
122d
330
1F
100
AcDbEntity
  8
TopPasteMaskLayer
100
AcDbPolyline
 90
12
 70
 1
 43
0
 10
39.5720599441197
 20
88.5771907543816
 10
40.37205994411988
 20
88.5771907543816
 10
40.42207264414537
 20
88.62720345440698
 10
40.42207264414537
 20
88.85516891033785
 10
40.052070104140284
 20
88.85516891033785
 10
40.052070104140284
 20
89.18516637033281
 10
40.42207264414537
 20
89.18516637033281
 10
40.42207264414537
 20
89.42720345440694
 10
40.37205994411988
 20
89.47719075438147
 10
39.5720599441197
 20
89.47719075438147
 10
39.52207264414528
 20
89.42720345440694
 10
39.52207264414528
 20
88.62720345440698
0
HATCH
5
122f
100
AcDbEntity
8
TopPasteMaskLayer
100
AcDbHatch
10
0
20
0
30
0
210
0
220
0
230
1
2
SOLID
70
1
71
0
91
1
92
7
72
0
73
1
93
12
10
41.96210312420635
20
89.47716535433074
10
41.16210312420617
20
89.47716535433074
10
41.112090424180906
20
89.42715265430536
10
41.112090424180906
20
89.19918719837449
10
41.48209296418577
20
89.19918719837449
10
41.48209296418577
20
88.86918973837953
10
41.112090424180906
20
88.86918973837953
10
41.112090424180906
20
88.62715265430529
10
41.16210312420617
20
88.57716535433076
10
41.96210312420635
20
88.57716535433076
10
42.012090424181
20
88.62715265430529
10
42.012090424181
20
89.42715265430536
97
1
330

75
0
76
1
47
0.4128176842155181
98
1
10
34.90568961886538
20
22.81183545379326
450
0
451
0
460
0
461
0
452
1
462
1
453
2
463
0
63
5
421
255
463
1
63
7
421
16777215
470
LINEAR
1001
ACAD
1010
0
1020
0
1030
0
0
HATCH
5
1231
100
AcDbEntity
8
TopSilkLayer
100
AcDbHatch
10
0
20
0
30
0
210
0
220
0
230
1
2
SOLID
70
1
71
0
91
1
92
7
72
0
73
1
93
59
10
80.64516129032268
20
65.83611887223799
10
80.6644563656871
20
65.83529641323923
10
80.68354700359487
20
65.83237683854338
10
80.70220596044533
20
65.82739490103108
10
80.72021113111305
20
65.82040990272378
10
80.7373481927541
20
65.81150498888701
10
80.75341315597825
20
65.80078615831962
10
80.76821479301725
20
65.7883810016059
10
80.78157691398656
20
65.77443718235395
10
80.79334046414442
20
65.75912067949571
10
80.80336541718611
20
65.74261381157226
10
80.8115324420321
20
65.72511306652268
10
80.81774432327597
20
65.70682676280808
10
80.82192711837729
20
65.687972569713
10
80.82403103783099
20
65.6687749163392
10
80.82403103783099
20
65.64946232013563
10
80.82192711837729
20
65.63026466676183
10
80.81774432327597
20
65.61141047366675
10
80.8115324420321
20
65.59312416995215
10
80.80336541718611
20
65.57562342490246
10
80.79334046414442
20
65.55911655697912
10
80.78157691398656
20
65.54380005412077
10
80.76821479301725
20
65.52985623486882
10
80.75341315597825
20
65.5174510781552
10
80.7373481927541
20
65.5067322475877
10
80.72021113111305
20
65.49782733375093
10
80.70220596044533
20
65.49084233544363
10
80.68354700359487
20
65.48586039793133
10
80.6644563656871
20
65.48294082323548
10
80.64516129032268
20
65.48211836423684
10
80.62586621495802
20
65.48294082323548
10
80.60677557705026
20
65.48586039793133
10
80.5881166201998
20
65.49084233544363
10
80.57011144953208
20
65.49782733375093
10
80.55297438789103
20
65.5067322475877
10
80.5369094246671
20
65.5174510781552
10
80.52210778762787
20
65.52985623486882
10
80.5087456666588
20
65.54380005412077
10
80.4969821165007
20
65.55911655697912
10
80.48695716345924
20
65.57562342490246
10
80.47879013861302
20
65.59312416995215
10
80.47257825736938
20
65.61141047366675
10
80.46839546226784
20
65.63026466676183
10
80.46629154281413
20
65.64946232013563
10
80.46629154281413
20
65.6687749163392
10
80.46839546226784
20
65.687972569713
10
80.47257825736938
20
65.70682676280808
10
80.47879013861302
20
65.72511306652268
10
80.48695716345924
20
65.74261381157226
10
80.4969821165007
20
65.75912067949571
10
80.5087456666588
20
65.77443718235395
10
80.52210778762787
20
65.7883810016059
10
80.5369094246671
20
65.80078615831962
10
80.55297438789103
20
65.81150498888701
10
80.57011144953208
20
65.82040990272378
10
80.5881166201998
20
65.82739490103108
10
80.60677557705026
20
65.83237683854338
10
80.62586621495802
20
65.83529641323923
10
80.64516129032268
20
65.83611887223799
97
1
330

75
0
76
1
47
0.4128176842155181
98
1
10
34.90568961886538
20
22.81183545379326
450
0
451
0
460
0
461
0
452
1
462
1
453
2
463
0
63
5
421
255
463
1
63
7
421
16777215
470
LINEAR
1001
ACAD
1010
0
1020
0
1030
0
0
HATCH
5
1233
100
AcDbEntity
8
Document
100
AcDbHatch
10
0
20
0
30
0
210
0
220
0
230
1
2
SOLID
70
1
71
0
91
1
92
7
72
0
73
1
93
79
10
52.52009144018302
20
41.6811023622048
10
52.52009144018302
20
40.7400812801626
10
52.51900493540438
20
40.72350442059701
10
52.51576401146667
20
40.70721119569441
10
52.51042412147717
20
40.69148038705043
10
52.50307663243393
20
40.676581153162374
10
52.4938472619117
20
40.66276842405273
10
52.482893926998486
20
40.65027853934646
10
52.4704040422921
20
40.639325204433476
10
52.45659131318257
20
40.63009583391113
10
52.4416920792944
20
40.62274834486789
10
52.42596127065053
20
40.61740845487827
10
52.40966804574805
20
40.614167530940676
10
52.393091186182346
20
40.61308102616215
10
42.10609601219221
20
40.61308102616215
10
42.08951915262628
20
40.614167530940676
10
42.073225927724025
20
40.61740845487827
10
42.05749511907993
20
40.62274834486789
10
42.04259588519176
20
40.63009583391113
10
42.028783156082454
20
40.639325204433476
10
42.016293271375844
20
40.65027853934646
10
42.00533993646286
20
40.66276842405273
10
41.996110565940626
20
40.676581153162374
10
41.988763076897385
20
40.69148038705043
10
41.98342318690766
20
40.70721119569441
10
41.98018226296995
20
40.72350442059701
10
41.979095758191534
20
40.7400812801626
10
41.979095758191534
20
41.636093472186985
10
41.98018226296995
20
41.652670331752574
10
41.98342318690766
20
41.66896355665517
10
41.988763076897385
20
41.68469436529915
10
41.996110565940626
20
41.69959359918721
10
42.00533993646286
20
41.713406328296855
10
42.016293271375844
20
41.725896213003125
10
42.028783156082454
20
41.73684954791611
10
42.04259588519176
20
41.74607891843846
10
42.05749511907993
20
41.7534264074817
10
42.073225927724025
20
41.75876629747131
10
42.08951915262628
20
41.76200722140891
10
42.10609601219221
20
41.763093726187435
10
42.12267287175791
20
41.76200722140891
10
42.1389660966604
20
41.75876629747131
10
42.15469690530426
20
41.7534264074817
10
42.169596139192436
20
41.74607891843846
10
42.18340886830197
20
41.73684954791611
10
42.19589875300835
20
41.725896213003125
10
42.206852087921334
20
41.713406328296855
10
42.21608145844357
20
41.69959359918721
10
42.22342894748681
20
41.68469436529915
10
42.22876883747654
20
41.66896355665517
10
42.23200976141425
20
41.652670331752574
10
42.23309626619266
20
41.636093472186985
10
42.23309626619266
20
40.86708153416316
10
52.266090932181896
20
40.86708153416316
10
52.266090932181896
20
41.6811023622048
10
52.26717743696031
20
41.697679221770386
10
52.27041836089802
20
41.71397244667298
10
52.27575825088775
20
41.72970325531696
10
52.28310573993099
20
41.74460248920502
10
52.29233511045322
20
41.75841521831467
10
52.303288445366206
20
41.77090510302094
10
52.31577833007259
20
41.78185843793392
10
52.32959105918212
20
41.79108780845627
10
52.344490293070294
20
41.79843529749951
10
52.36022110171416
20
41.80377518748912
10
52.37651432661664
20
41.80701611142672
10
52.393091186182346
20
41.80810261620525
10
52.40966804574805
20
41.80701611142672
10
52.42596127065053
20
41.80377518748912
10
52.4416920792944
20
41.79843529749951
10
52.45659131318257
20
41.79108780845627
10
52.4704040422921
20
41.78185843793392
10
52.482893926998486
20
41.77090510302094
10
52.4938472619117
20
41.75841521831467
10
52.50307663243393
20
41.74460248920502
10
52.51042412147717
20
41.72970325531696
10
52.51576401146667
20
41.71397244667298
10
52.51900493540438
20
41.697679221770386
10
52.52009144018302
20
41.6811023622048
97
1
330

75
0
76
1
47
0.4128176842155181
98
1
10
34.90568961886538
20
22.81183545379326
450
0
451
0
460
0
461
0
452
1
462
1
453
2
463
0
63
5
421
255
463
1
63
7
421
16777215
470
LINEAR
1001
ACAD
1010
0
1020
0
1030
0
  0
LWPOLYLINE
  5
1234
330
1F
100
AcDbEntity
  8
TopPasteMaskLayer
100
AcDbPolyline
 90
4
 70
 1
 43
0
 10
70.09707899415798
 20
58.927101854203784
 10
70.09707899415798
 20
59.62710185420383
 10
69.8170688341379
 20
59.62710185420383
 10
69.8170688341379
 20
58.927101854203784
  0
LWPOLYLINE
  5
1235
330
1F
100
AcDbEntity
  8
TopPasteMaskLayer
100
AcDbPolyline
 90
4
 70
 1
 43
0
 10
69.59720599441198
 20
58.927101854203784
 10
69.59720599441198
 20
59.62710185420383
 10
69.31719583439167
 20
59.62710185420383
 10
69.31719583439167
 20
58.927101854203784
  0
LWPOLYLINE
  5
1236
330
1F
100
AcDbEntity
  8
TopPasteMaskLayer
100
AcDbPolyline
 90
4
 70
 1
 43
0
 10
69.09707899415798
 20
58.927101854203784
 10
69.09707899415798
 20
59.62710185420383
 10
68.81706883413767
 20
59.62710185420383
 10
68.81706883413767
 20
58.927101854203784
  0
LWPOLYLINE
  5
1237
330
1F
100
AcDbEntity
  8
TopPasteMaskLayer
100
AcDbPolyline
 90
4
 70
 1
 43
0
 10
68.5972059944122
 20
58.927101854203784
 10
68.5972059944122
 20
59.62710185420383
 10
68.31719583439167
 20
59.62710185420383
 10
68.31719583439167
 20
58.927101854203784
  0
LWPOLYLINE
  5
1238
330
1F
100
AcDbEntity
  8
TopPasteMaskLayer
100
AcDbPolyline
 90
4
 70
 1
 43
0
 10
68.09707899415821
 20
58.927101854203784
 10
68.09707899415821
 20
59.62710185420383
 10
67.81706883413767
 20
59.62710185420383
 10
67.81706883413767
 20
58.927101854203784
  0
LWPOLYLINE
  5
1239
330
1F
100
AcDbEntity
  8
TopPasteMaskLayer
100
AcDbPolyline
 90
4
 70
 1
 43
0
 10
67.60508001016001
 20
58.927101854203784
 10
67.60508001016001
 20
59.62710185420383
 10
67.3250698501397
 20
59.62710185420383
 10
67.3250698501397
 20
58.927101854203784
  0
LWPOLYLINE
  5
123a
330
1F
100
AcDbEntity
  8
TopPasteMaskLayer
100
AcDbPolyline
 90
4
 70
 1
 43
0
 10
67.05715011430016
 20
58.38704597409196
 10
67.05715011430016
 20
58.667056134112386
 10
66.35715011430011
 20
58.667056134112386
 10
66.35715011430011
 20
58.38704597409196
  0
LWPOLYLINE
  5
123b
330
1F
100
AcDbEntity
  8
TopPasteMaskLayer
100
AcDbPolyline
 90
4
 70
 1
 43
0
 10
70.35715011430034
 20
58.667056134112386
 10
70.35715011430034
 20
58.38704597409196
 10
71.05715011430038
 20
58.38704597409196
 10
71.05715011430038
 20
58.667056134112386
  0
LWPOLYLINE
  5
123c
330
1F
100
AcDbEntity
  8
TopPasteMaskLayer
100
AcDbPolyline
 90
4
 70
 1
 43
0
 10
70.35715011430034
 20
58.16718313436627
 10
70.35715011430034
 20
57.88717297434607
 10
71.05715011430038
 20
57.88717297434607
 10
71.05715011430038
 20
58.16718313436627
  0
LWPOLYLINE
  5
123d
330
1F
100
AcDbEntity
  8
TopPasteMaskLayer
100
AcDbPolyline
 90
4
 70
 1
 43
0
 10
67.05715011430016
 20
57.88717297434607
 10
67.05715011430016
 20
58.16718313436627
 10
66.35715011430011
 20
58.16718313436627
 10
66.35715011430011
 20
57.88717297434607
  0
LWPOLYLINE
  5
123e
330
1F
100
AcDbEntity
  8
TopPasteMaskLayer
100
AcDbPolyline
 90
4
 70
 1
 43
0
 10
70.35715011430034
 20
57.66705613411227
 10
70.35715011430034
 20
57.38704597409196
 10
71.05715011430038
 20
57.38704597409196
 10
71.05715011430038
 20
57.66705613411227
  0
LWPOLYLINE
  5
123f
330
1F
100
AcDbEntity
  8
TopPasteMaskLayer
100
AcDbPolyline
 90
4
 70
 1
 43
0
 10
66.35715011430011
 20
57.66705613411227
 10
66.35715011430011
 20
57.38704597409196
 10
67.05715011430016
 20
57.38704597409196
 10
67.05715011430016
 20
57.66705613411227
0
HATCH
5
1241
100
AcDbEntity
8
TopPasteMaskLayer
100
AcDbHatch
10
0
20
0
30
0
210
0
220
0
230
1
2
SOLID
70
1
71
0
91
1
92
7
72
0
73
1
93
4
10
67.05715011430016
20
56.88717297434607
10
67.05715011430016
20
57.16718313436627
10
66.35715011430011
20
57.16718313436627
10
66.35715011430011
20
56.88717297434607
97
1
330

75
0
76
1
47
0.4128176842155181
98
1
10
34.90568961886538
20
22.81183545379326
450
0
451
0
460
0
461
0
452
1
462
1
453
2
463
0
63
5
421
255
463
1
63
7
421
16777215
470
LINEAR
1001
ACAD
1010
0
1020
0
1030
0
  0
LWPOLYLINE
  5
1242
330
1F
100
AcDbEntity
  8
TopPasteMaskLayer
100
AcDbPolyline
 90
4
 70
 1
 43
0
 10
70.35715011430034
 20
57.16718313436627
 10
70.35715011430034
 20
56.88717297434607
 10
71.05715011430038
 20
56.88717297434607
 10
71.05715011430038
 20
57.16718313436627
  0
LWPOLYLINE
  5
1243
330
1F
100
AcDbEntity
  8
TopPasteMaskLayer
100
AcDbPolyline
 90
4
 70
 1
 43
0
 10
66.35715011430011
 20
56.66705613411227
 10
66.35715011430011
 20
56.387045974092075
 10
67.05715011430016
 20
56.387045974092075
 10
67.05715011430016
 20
56.66705613411227
  0
LWPOLYLINE
  5
1244
330
1F
100
AcDbEntity
  8
TopPasteMaskLayer
100
AcDbPolyline
 90
4
 70
 1
 43
0
 10
70.35715011430034
 20
56.66705613411227
 10
70.35715011430034
 20
56.387045974092075
 10
71.05715011430038
 20
56.387045974092075
 10
71.05715011430038
 20
56.66705613411227
  0
LWPOLYLINE
  5
1245
330
1F
100
AcDbEntity
  8
TopPasteMaskLayer
100
AcDbPolyline
 90
4
 70
 1
 43
0
 10
67.05715011430016
 20
55.88717297434596
 10
67.05715011430016
 20
56.16718313436638
 10
66.35715011430011
 20
56.16718313436638
 10
66.35715011430011
 20
55.88717297434596
  0
LWPOLYLINE
  5
1246
330
1F
100
AcDbEntity
  8
TopPasteMaskLayer
100
AcDbPolyline
 90
4
 70
 1
 43
0
 10
70.35715011430034
 20
56.16718313436638
 10
70.35715011430034
 20
55.88717297434596
 10
71.05715011430038
 20
55.88717297434596
 10
71.05715011430038
 20
56.16718313436638
  0
LWPOLYLINE
  5
1247
330
1F
100
AcDbEntity
  8
TopPasteMaskLayer
100
AcDbPolyline
 90
4
 70
 1
 43
0
 10
67.59720599441198
 20
54.927101854203784
 10
67.59720599441198
 20
55.62710185420383
 10
67.31719583439167
 20
55.62710185420383
 10
67.31719583439167
 20
54.927101854203784
  0
LWPOLYLINE
  5
1248
330
1F
100
AcDbEntity
  8
TopPasteMaskLayer
100
AcDbPolyline
 90
4
 70
 1
 43
0
 10
69.8170688341379
 20
55.62710185420383
 10
69.8170688341379
 20
54.927101854203784
 10
70.09707899415798
 20
54.927101854203784
 10
70.09707899415798
 20
55.62710185420383
  0
LWPOLYLINE
  5
1249
330
1F
100
AcDbEntity
  8
TopPasteMaskLayer
100
AcDbPolyline
 90
4
 70
 1
 43
0
 10
69.31719583439167
 20
55.62710185420383
 10
69.31719583439167
 20
54.927101854203784
 10
69.59720599441198
 20
54.927101854203784
 10
69.59720599441198
 20
55.62710185420383
  0
LWPOLYLINE
  5
124a
330
1F
100
AcDbEntity
  8
TopPasteMaskLayer
100
AcDbPolyline
 90
4
 70
 1
 43
0
 10
68.81706883413767
 20
55.62710185420383
 10
68.81706883413767
 20
54.927101854203784
 10
69.09707899415798
 20
54.927101854203784
 10
69.09707899415798
 20
55.62710185420383
  0
LWPOLYLINE
  5
124b
330
1F
100
AcDbEntity
  8
TopPasteMaskLayer
100
AcDbPolyline
 90
4
 70
 1
 43
0
 10
68.09707899415821
 20
54.927101854203784
 10
68.09707899415821
 20
55.62710185420383
 10
67.81706883413767
 20
55.62710185420383
 10
67.81706883413767
 20
54.927101854203784
  0
LWPOLYLINE
  5
124c
330
1F
100
AcDbEntity
  8
TopPasteMaskLayer
100
AcDbPolyline
 90
4
 70
 1
 43
0
 10
68.31719583439167
 20
55.62710185420383
 10
68.31719583439167
 20
54.927101854203784
 10
68.5972059944122
 20
54.927101854203784
 10
68.5972059944122
 20
55.62710185420383
  0
LWPOLYLINE
  5
124d
330
1F
100
AcDbEntity
  8
TopPasteMaskLayer
100
AcDbPolyline
 90
4
 70
 1
 43
0
 10
67.59984759969507
 20
56.15712471424945
 10
67.59984759969507
 20
58.39710439420878
 10
69.83982727965463
 20
58.39710439420878
 10
69.83982727965463
 20
56.15712471424945
  0
LWPOLYLINE
  5
124e
330
1F
100
AcDbEntity
  8
TopSilkLayer
100
AcDbPolyline
 90
71
 70
 1
 43
0
 10
67.30972821945647
 20
54.48483616967246
 10
67.30859528944279
 20
54.507563079015085
 10
67.3054329149943
 20
54.530097393438496
 10
67.30026647676164
 20
54.552258256568734
 10
67.29313743965417
 20
54.57386780928516
 10
67.28410302004704
 20
54.594752617185804
 10
67.27323572657542
 20
54.61474506254103
 10
67.26062277819051
 20
54.63368468956298
 10
67.24636540415918
 20
54.65141949219537
 10
67.2305780316126
 20
54.66780713408696
 10
67.21338736717735
 20
54.68271609095723
 10
67.19493138004873
 20
54.696026706187126
 10
67.17535819467616
 20
54.70763215116142
 10
67.15482490194154
 20
54.7174392826563
 10
67.13349629837649
 20
54.725369390389574
 10
67.11154356353632
 20
54.73135882873646
 10
67.08914288614028
 20
54.7353595275365
 10
67.06647405001604
 20
54.73733937789757
 10
67.04371899118405
 20
54.737282489894824
 10
67.02106033767382
 20
54.73518932010154
 10
66.99867994378178
 20
54.7310766679235
 10
66.97675743054424
 20
54.724977540770965
 10
66.9554687441273
 20
54.71694088914671
 10
66.93498474371768
 20
54.70703121377824
 10
66.91546983023636
 20
54.695328047945964
 10
66.8970806268851
 20
54.68192531916418
 10
66.87996472211898
 20
54.66693059533475
 10
66.86425948512533
 20
54.65046422142734
 10
66.85009096332533
 20
54.63265835361119
 10
66.83757287073854
 20
54.613655898594175
 10
66.82680567533544
 20
54.59360936667872
 10
66.81787579269871
 20
54.572679647741666
 10
66.81085489246834
 20
54.55103471996074
 10
66.80579932313253
 20
54.52884830165192
 10
66.80274965978606
 20
54.50629845703702
 10
66.80173037848067
 20
54.48356616713238
 10
66.80274965978606
 20
54.46083387722774
 10
66.80579932313253
 20
54.43828403261284
 10
66.81085489246834
 20
54.41609761430402
 10
66.81787579269871
 20
54.394452686523096
 10
66.82680567533544
 20
54.37352296758604
 10
66.83757287073854
 20
54.353476435670586
 10
66.85009096332533
 20
54.33447398065357
 10
66.86425948512533
 20
54.31666811283742
 10
66.87996472211898
 20
54.300201738930014
 10
66.8970806268851
 20
54.28520701510058
 10
66.91546983023636
 20
54.2718042863188
 10
66.93498474371768
 20
54.260101120486524
 10
66.9554687441273
 20
54.25019144511805
 10
66.97675743054424
 20
54.24215479349391
 10
66.99867994378178
 20
54.23605566634126
 10
67.02106033767382
 20
54.23194301416322
 10
67.04371899118405
 20
54.22984984436994
 10
67.06647405001604
 20
54.22979295636719
 10
67.08914288614028
 20
54.23177280672826
 10
67.11154356353632
 20
54.2357735055283
 10
67.13349629837649
 20
54.24176294387519
 10
67.15482490194154
 20
54.24969305160846
 10
67.17535819467616
 20
54.25950018310334
 10
67.19493138004873
 20
54.271105628077635
 10
67.21338736717735
 20
54.28441624330753
 10
67.2305780316126
 20
54.299325200177805
 10
67.24636540415918
 20
54.31571284206939
 10
67.26062277819051
 20
54.33344764470178
 10
67.27323572657542
 20
54.35238727172373
 10
67.28410302004704
 20
54.37237971707896
 10
67.29313743965417
 20
54.3932645249796
 10
67.30026647676164
 20
54.41487407769603
 10
67.3054329149943
 20
54.437034940826265
 10
67.30859528944279
 20
54.459569255249676
 10
67.30972821945647
 20
54.4822961645923
0
HATCH
5
1250
100
AcDbEntity
8
TopPasteMaskLayer
100
AcDbHatch
10
0
20
0
30
0
210
0
220
0
230
1
2
SOLID
70
1
71
0
91
1
92
7
72
0
73
1
93
4
10
82.91468122936249
20
74.98610617221243
10
82.91468122936249
20
75.58610617221234
10
84.06469392938789
20
75.58610617221234
10
84.06469392938789
20
74.98610617221243
97
1
330

75
0
76
1
47
0.4128176842155181
98
1
10
34.90568961886538
20
22.81183545379326
450
0
451
0
460
0
461
0
452
1
462
1
453
2
463
0
63
5
421
255
463
1
63
7
421
16777215
470
LINEAR
1001
ACAD
1010
0
1020
0
1030
0
  0
LWPOLYLINE
  5
1251
330
1F
100
AcDbEntity
  8
TopPasteMaskLayer
100
AcDbPolyline
 90
4
 70
 1
 43
0
 10
82.91468122936249
 20
75.78610617221238
 10
82.91468122936249
 20
76.38610617221241
 10
84.06469392938789
 20
76.38610617221241
 10
84.06469392938789
 20
75.78610617221238
0
HATCH
5
1253
100
AcDbEntity
8
TopPasteMaskLayer
100
AcDbHatch
10
0
20
0
30
0
210
0
220
0
230
1
2
SOLID
70
1
71
0
91
1
92
7
72
0
73
1
93
4
10
82.91468122936249
20
81.38610617221241
10
82.91468122936249
20
81.98610617221243
10
84.06469392938789
20
81.98610617221243
10
84.06469392938789
20
81.38610617221241
97
1
330

75
0
76
1
47
0.4128176842155181
98
1
10
34.90568961886538
20
22.81183545379326
450
0
451
0
460
0
461
0
452
1
462
1
453
2
463
0
63
5
421
255
463
1
63
7
421
16777215
470
LINEAR
1001
ACAD
1010
0
1020
0
1030
0
  0
LWPOLYLINE
  5
1254
330
1F
100
AcDbEntity
  8
TopPasteMaskLayer
100
AcDbPolyline
 90
4
 70
 1
 43
0
 10
82.91468122936249
 20
80.58610617221234
 10
82.91468122936249
 20
81.18610617221236
 10
84.06469392938789
 20
81.18610617221236
 10
84.06469392938789
 20
80.58610617221234
0
HATCH
5
1256
100
AcDbEntity
8
TopPasteMaskLayer
100
AcDbHatch
10
0
20
0
30
0
210
0
220
0
230
1
2
SOLID
70
1
71
0
91
1
92
7
72
0
73
1
93
4
10
82.91468122936249
20
80.0860807721615
10
82.91468122936249
20
80.38610617221241
10
84.06469392938789
20
80.38610617221241
10
84.06469392938789
20
80.0860807721615
97
1
330

75
0
76
1
47
0.4128176842155181
98
1
10
34.90568961886538
20
22.81183545379326
450
0
451
0
460
0
461
0
452
1
462
1
453
2
463
0
63
5
421
255
463
1
63
7
421
16777215
470
LINEAR
1001
ACAD
1010
0
1020
0
1030
0
0
HATCH
5
1258
100
AcDbEntity
8
TopPasteMaskLayer
100
AcDbHatch
10
0
20
0
30
0
210
0
220
0
230
1
2
SOLID
70
1
71
0
91
1
92
7
72
0
73
1
93
4
10
82.91468122936249
20
79.5860807721615
10
82.91468122936249
20
79.8861061722123
10
84.06469392938789
20
79.8861061722123
10
84.06469392938789
20
79.5860807721615
97
1
330

75
0
76
1
47
0.4128176842155181
98
1
10
34.90568961886538
20
22.81183545379326
450
0
451
0
460
0
461
0
452
1
462
1
453
2
463
0
63
5
421
255
463
1
63
7
421
16777215
470
LINEAR
1001
ACAD
1010
0
1020
0
1030
0
  0
LWPOLYLINE
  5
1259
330
1F
100
AcDbEntity
  8
TopPasteMaskLayer
100
AcDbPolyline
 90
4
 70
 1
 43
0
 10
82.91468122936249
 20
79.08608077216161
 10
82.91468122936249
 20
79.38610617221241
 10
84.06469392938789
 20
79.38610617221241
 10
84.06469392938789
 20
79.08608077216161
  0
LWPOLYLINE
  5
125a
330
1F
100
AcDbEntity
  8
TopPasteMaskLayer
100
AcDbPolyline
 90
4
 70
 1
 43
0
 10
82.91468122936249
 20
78.58608077216161
 10
82.91468122936249
 20
78.88610617221241
 10
84.06469392938789
 20
78.88610617221241
 10
84.06469392938789
 20
78.58608077216161
  0
LWPOLYLINE
  5
125b
330
1F
100
AcDbEntity
  8
TopPasteMaskLayer
100
AcDbPolyline
 90
4
 70
 1
 43
0
 10
82.91468122936249
 20
78.08608077216161
 10
82.91468122936249
 20
78.38610617221241
 10
84.06469392938789
 20
78.38610617221241
 10
84.06469392938789
 20
78.08608077216161
  0
LWPOLYLINE
  5
125c
330
1F
100
AcDbEntity
  8
TopPasteMaskLayer
100
AcDbPolyline
 90
4
 70
 1
 43
0
 10
82.91468122936249
 20
77.58608077216161
 10
82.91468122936249
 20
77.88610617221241
 10
84.06469392938789
 20
77.88610617221241
 10
84.06469392938789
 20
77.58608077216161
  0
LWPOLYLINE
  5
125d
330
1F
100
AcDbEntity
  8
TopPasteMaskLayer
100
AcDbPolyline
 90
4
 70
 1
 43
0
 10
82.91468122936249
 20
77.08608077216161
 10
82.91468122936249
 20
77.38610617221241
 10
84.06469392938789
 20
77.38610617221241
 10
84.06469392938789
 20
77.08608077216161
0
HATCH
5
125f
100
AcDbEntity
8
TopPasteMaskLayer
100
AcDbHatch
10
0
20
0
30
0
210
0
220
0
230
1
2
SOLID
70
1
71
0
91
1
92
7
72
0
73
1
93
4
10
82.91468122936249
20
76.58608077216161
10
82.91468122936249
20
76.88610617221241
10
84.06469392938789
20
76.88610617221241
10
84.06469392938789
20
76.58608077216161
97
1
330

75
0
76
1
47
0.4128176842155181
98
1
10
34.90568961886538
20
22.81183545379326
450
0
451
0
460
0
461
0
452
1
462
1
453
2
463
0
63
5
421
255
463
1
63
7
421
16777215
470
LINEAR
1001
ACAD
1010
0
1020
0
1030
0
0
HATCH
5
1261
100
AcDbEntity
8
TopPasteMaskLayer
100
AcDbHatch
10
0
20
0
30
0
210
0
220
0
230
1
2
SOLID
70
1
71
0
91
1
92
7
72
0
73
1
93
100
10
87.81460502921004
20
82.3061976123953
10
87.78256991921967
20
82.30722491602
10
87.75066644836784
20
82.31030260548357
10
87.7190257148593
20
82.31541803389962
10
87.68777773725537
20
82.32255018087562
10
87.65705092019834
20
82.3316697388899
10
87.62697152677015
20
82.34273923372211
10
87.59766315965135
20
82.35571317844392
10
87.56924625320812
20
82.37053826033343
10
87.54183757860483
20
82.38715355994918
10
87.51554976396437
20
82.40549080146127
10
87.49049083155614
20
82.42547463321068
10
87.46676375390825
20
82.44702293734633
10
87.4444660306724
20
82.47004716726451
10
87.423689287976
20
82.49445271146578
10
87.40451890191162
20
82.52013928233418
10
87.38703364770731
20
82.54700132823996
10
87.37130537602343
20
82.57492846727473
10
87.35739871770215
20
82.60380594083392
10
87.34537081818507
20
82.63351508518451
10
87.33527110269165
20
82.66393381907972
10
87.32714107311904
20
82.69493714541704
10
87.32101413750274
20
82.7263976648785
10
87.31691547273545
20
82.75818609944145
10
87.3148619211097
20
82.7901718236094
10
87.3148619211097
20
82.82222340118108
10
87.31691547273545
20
82.85420912534903
10
87.32101413750274
20
82.88599755991186
10
87.32714107311904
20
82.91745807937343
10
87.33527110269165
20
82.94846140571076
10
87.34537081818507
20
82.97888013960596
10
87.35739871770215
20
83.00858928395644
10
87.37130537602343
20
83.03746675751563
10
87.38703364770731
20
83.06539389655052
10
87.40451890191162
20
83.09225594245629
10
87.423689287976
20
83.11794251332469
10
87.4444660306724
20
83.14234805752585
10
87.46676375390825
20
83.16537228744403
10
87.49049083155614
20
83.18692059157979
10
87.51554976396437
20
83.2069044233292
10
87.54183757860483
20
83.22524166484118
10
87.56924625320812
20
83.24185696445693
10
87.59766315965135
20
83.25668204634644
10
87.62697152677015
20
83.26965599106825
10
87.65705092019834
20
83.28072548590058
10
87.68777773725537
20
83.28984504391485
10
87.7190257148593
20
83.29697719089086
10
87.75066644836784
20
83.3020926193069
10
87.78256991921967
20
83.30517030877047
10
87.81460502921004
20
83.30619761239518
10
88.61460502921
20
83.30619761239518
10
88.64664013920037
20
83.30517030877047
10
88.6785436100522
20
83.3020926193069
10
88.71018434356074
20
83.29697719089086
10
88.74143232116467
20
83.28984504391485
10
88.7721591382217
20
83.28072548590058
10
88.80223853164989
20
83.26965599106825
10
88.83154689876869
20
83.25668204634644
10
88.85996380521192
20
83.24185696445693
10
88.88737247981521
20
83.22524166484118
10
88.91366029445567
20
83.2069044233292
10
88.9387192268639
20
83.18692059157979
10
88.96244630451179
20
83.16537228744403
10
88.98474402774764
20
83.14234805752585
10
89.00552077044404
20
83.11794251332469
10
89.02469115650842
20
83.09225594245629
10
89.04217641071273
20
83.06539389655052
10
89.05790468239661
20
83.03746675751563
10
89.07181134071789
20
83.00858928395644
10
89.08383924023497
20
82.97888013960596
10
89.09393895572839
20
82.94846140571076
10
89.102068985301
20
82.91745807937343
10
89.1081959209173
20
82.88599755991186
10
89.1122945856846
20
82.85420912534903
10
89.11434813731034
20
82.82222340118108
10
89.11434813731034
20
82.7901718236094
10
89.1122945856846
20
82.75818609944145
10
89.1081959209173
20
82.7263976648785
10
89.102068985301
20
82.69493714541704
10
89.09393895572839
20
82.66393381907972
10
89.08383924023497
20
82.63351508518451
10
89.07181134071789
20
82.60380594083392
10
89.05790468239661
20
82.57492846727473
10
89.04217641071273
20
82.54700132823996
10
89.02469115650842
20
82.52013928233418
10
89.00552077044404
20
82.49445271146578
10
88.98474402774764
20
82.47004716726451
10
88.96244630451179
20
82.44702293734633
10
88.9387192268639
20
82.42547463321068
10
88.91366029445567
20
82.40549080146127
10
88.88737247981521
20
82.38715355994918
10
88.85996380521192
20
82.37053826033343
10
88.83154689876869
20
82.35571317844392
10
88.80223853164989
20
82.34273923372211
10
88.7721591382217
20
82.3316697388899
10
88.74143232116467
20
82.32255018087562
10
88.71018434356074
20
82.31541803389962
10
88.6785436100522
20
82.31030260548357
10
88.64664013920037
20
82.30722491602
10
88.61460502921
20
82.3061976123953
97
1
330

75
0
76
1
47
0.4128176842155181
98
1
10
34.90568961886538
20
22.81183545379326
450
0
451
0
460
0
461
0
452
1
462
1
453
2
463
0
63
5
421
255
463
1
63
7
421
16777215
470
LINEAR
1001
ACAD
1010
0
1020
0
1030
0
0
HATCH
5
1263
100
AcDbEntity
8
TopPasteMaskLayer
100
AcDbHatch
10
0
20
0
30
0
210
0
220
0
230
1
2
SOLID
70
1
71
0
91
1
92
7
72
0
73
1
93
100
10
87.81460502921004
20
73.66611633223283
10
87.78256991921967
20
73.66714363585754
10
87.75066644836784
20
73.67022132532111
10
87.7190257148593
20
73.67533675373716
10
87.68777773725537
20
73.68246890071316
10
87.65705092019834
20
73.69158845872744
10
87.62697152677015
20
73.70265795355965
10
87.59766315965135
20
73.71563189828146
10
87.56924625320812
20
73.73045698017097
10
87.54183757860483
20
73.74707227978672
10
87.51554976396437
20
73.7654095212988
10
87.49049083155614
20
73.78539335304822
10
87.46676375390825
20
73.80694165718387
10
87.4444660306724
20
73.82996588710205
10
87.423689287976
20
73.85437143130332
10
87.40451890191162
20
73.88005800217172
10
87.38703364770731
20
73.9069200480775
10
87.37130537602343
20
73.93484718711227
10
87.35739871770215
20
73.96372466067146
10
87.34537081818507
20
73.99343380502205
10
87.33527110269165
20
74.02385253891725
10
87.32714107311904
20
74.05485586525458
10
87.32101413750274
20
74.08631638471604
10
87.31691547273545
20
74.11810481927898
10
87.3148619211097
20
74.15009054344694
10
87.3148619211097
20
74.18214212101861
10
87.31691547273545
20
74.21412784518657
10
87.32101413750274
20
74.2459162797494
10
87.32714107311904
20
74.27737679921097
10
87.33527110269165
20
74.3083801255483
10
87.34537081818507
20
74.3387988594435
10
87.35739871770215
20
74.36850800379398
10
87.37130537602343
20
74.39738547735317
10
87.38703364770731
20
74.42531261638806
10
87.40451890191162
20
74.45217466229383
10
87.423689287976
20
74.47786123316223
10
87.4444660306724
20
74.50226677736339
10
87.46676375390825
20
74.52529100728157
10
87.49049083155614
20
74.54683931141733
10
87.51554976396437
20
74.56682314316674
10
87.54183757860483
20
74.58516038467872
10
87.56924625320812
20
74.60177568429447
10
87.59766315965135
20
74.61660076618398
10
87.62697152677015
20
74.62957471090579
10
87.65705092019834
20
74.64064420573811
10
87.68777773725537
20
74.64976376375239
10
87.7190257148593
20
74.65689591072828
10
87.75066644836784
20
74.66201133914444
10
87.78256991921967
20
74.66508902860801
10
87.81460502921004
20
74.66611633223272
10
88.61460502921
20
74.66611633223272
10
88.64664013920037
20
74.66508902860801
10
88.6785436100522
20
74.66201133914444
10
88.71018434356074
20
74.65689591072828
10
88.74143232116467
20
74.64976376375239
10
88.7721591382217
20
74.64064420573811
10
88.80223853164989
20
74.62957471090579
10
88.83154689876869
20
74.61660076618398
10
88.85996380521192
20
74.60177568429447
10
88.88737247981521
20
74.58516038467872
10
88.91366029445567
20
74.56682314316674
10
88.9387192268639
20
74.54683931141733
10
88.96244630451179
20
74.52529100728157
10
88.98474402774764
20
74.50226677736339
10
89.00552077044404
20
74.47786123316223
10
89.02469115650842
20
74.45217466229383
10
89.04217641071273
20
74.42531261638806
10
89.05790468239661
20
74.39738547735317
10
89.07181134071789
20
74.36850800379398
10
89.08383924023497
20
74.3387988594435
10
89.09393895572839
20
74.3083801255483
10
89.102068985301
20
74.27737679921097
10
89.1081959209173
20
74.2459162797494
10
89.1122945856846
20
74.21412784518657
10
89.11434813731034
20
74.18214212101861
10
89.11434813731034
20
74.15009054344694
10
89.1122945856846
20
74.11810481927898
10
89.1081959209173
20
74.08631638471604
10
89.102068985301
20
74.05485586525458
10
89.09393895572839
20
74.02385253891725
10
89.08383924023497
20
73.99343380502205
10
89.07181134071789
20
73.96372466067146
10
89.05790468239661
20
73.93484718711227
10
89.04217641071273
20
73.9069200480775
10
89.02469115650842
20
73.88005800217172
10
89.00552077044404
20
73.85437143130332
10
88.98474402774764
20
73.82996588710205
10
88.96244630451179
20
73.80694165718387
10
88.9387192268639
20
73.78539335304822
10
88.91366029445567
20
73.7654095212988
10
88.88737247981521
20
73.74707227978672
10
88.85996380521192
20
73.73045698017097
10
88.83154689876869
20
73.71563189828146
10
88.80223853164989
20
73.70265795355965
10
88.7721591382217
20
73.69158845872744
10
88.74143232116467
20
73.68246890071316
10
88.71018434356074
20
73.67533675373716
10
88.6785436100522
20
73.67022132532111
10
88.64664013920037
20
73.66714363585754
10
88.61460502921
20
73.66611633223283
97
1
330

75
0
76
1
47
0.4128176842155181
98
1
10
34.90568961886538
20
22.81183545379326
450
0
451
0
460
0
461
0
452
1
462
1
453
2
463
0
63
5
421
255
463
1
63
7
421
16777215
470
LINEAR
1001
ACAD
1010
0
1020
0
1030
0
  0
LWPOLYLINE
  5
1264
330
1F
100
AcDbEntity
  8
TopPasteMaskLayer
100
AcDbPolyline
 90
100
 70
 1
 43
0
 10
83.51473202946408
 20
82.3061976123953
 10
83.48269691947371
 20
82.30722491602
 10
83.45079344862165
 20
82.31030260548357
 10
83.41915271511334
 20
82.31541803389962
 10
83.38790473750942
 20
82.32255018087562
 10
83.35717792045216
 20
82.3316697388899
 10
83.32709852702419
 20
82.34273923372211
 10
83.29779015990516
 20
82.35571317844392
 10
83.26937325346216
 20
82.37053826033343
 10
83.24196457885887
 20
82.38715355994918
 10
83.21567676421841
 20
82.40549080146127
 10
83.19061783181019
 20
82.42547463321068
 10
83.16689075416207
 20
82.44702293734633
 10
83.14459303092622
 20
82.47004716726451
 10
83.12381628823005
 20
82.49445271146578
 10
83.10464590216543
 20
82.52013928233418
 10
83.08716064796135
 20
82.54700132823996
 10
83.07143237627747
 20
82.57492846727473
 10
83.0575257179562
 20
82.60380594083392
 10
83.04549781843912
 20
82.63351508518451
 10
83.03539810294569
 20
82.66393381907972
 10
83.02726807337285
 20
82.69493714541704
 10
83.02114113775656
 20
82.7263976648785
 10
83.01704247298949
 20
82.75818609944145
 10
83.01498892136351
 20
82.7901718236094
 10
83.01498892136351
 20
82.82222340118108
 10
83.01704247298949
 20
82.85420912534903
 10
83.02114113775656
 20
82.88599755991186
 10
83.02726807337285
 20
82.91745807937343
 10
83.03539810294569
 20
82.94846140571076
 10
83.04549781843912
 20
82.97888013960596
 10
83.0575257179562
 20
83.00858928395644
 10
83.07143237627747
 20
83.03746675751563
 10
83.08716064796135
 20
83.06539389655052
 10
83.10464590216543
 20
83.09225594245629
 10
83.12381628823005
 20
83.11794251332469
 10
83.14459303092622
 20
83.14234805752585
 10
83.16689075416207
 20
83.16537228744403
 10
83.19061783181019
 20
83.18692059157979
 10
83.21567676421841
 20
83.2069044233292
 10
83.24196457885887
 20
83.22524166484118
 10
83.26937325346216
 20
83.24185696445693
 10
83.29779015990516
 20
83.25668204634644
 10
83.32709852702419
 20
83.26965599106825
 10
83.35717792045216
 20
83.28072548590058
 10
83.38790473750942
 20
83.28984504391485
 10
83.41915271511334
 20
83.29697719089086
 10
83.45079344862165
 20
83.3020926193069
 10
83.48269691947371
 20
83.30517030877047
 10
83.51473202946408
 20
83.30619761239518
 10
84.61475742951507
 20
83.30619761239518
 10
84.64679253950521
 20
83.30517030877047
 10
84.67869601035727
 20
83.3020926193069
 10
84.71033674386558
 20
83.29697719089086
 10
84.74158472146974
 20
83.28984504391485
 10
84.77231153852676
 20
83.28072548590058
 10
84.80239093195473
 20
83.26965599106825
 10
84.83169929907376
 20
83.25668204634644
 10
84.86011620551699
 20
83.24185696445693
 10
84.88752488012028
 20
83.22524166484118
 10
84.91381269476051
 20
83.2069044233292
 10
84.93887162716896
 20
83.18692059157979
 10
84.96259870481686
 20
83.16537228744403
 10
84.9848964280527
 20
83.14234805752585
 10
85.0056731707491
 20
83.11794251332469
 10
85.0248435568135
 20
83.09225594245629
 10
85.0423288110178
 20
83.06539389655052
 10
85.05805708270145
 20
83.03746675751563
 10
85.07196374102296
 20
83.00858928395644
 10
85.08399164053981
 20
82.97888013960596
 10
85.09409135603346
 20
82.94846140571076
 10
85.10222138560607
 20
82.91745807937343
 10
85.10834832122237
 20
82.88599755991186
 10
85.11244698598966
 20
82.85420912534903
 10
85.11450053761541
 20
82.82222340118108
 10
85.11450053761541
 20
82.7901718236094
 10
85.11244698598966
 20
82.75818609944145
 10
85.10834832122237
 20
82.7263976648785
 10
85.10222138560607
 20
82.69493714541704
 10
85.09409135603346
 20
82.66393381907972
 10
85.08399164053981
 20
82.63351508518451
 10
85.07196374102296
 20
82.60380594083392
 10
85.05805708270145
 20
82.57492846727473
 10
85.0423288110178
 20
82.54700132823996
 10
85.0248435568135
 20
82.52013928233418
 10
85.0056731707491
 20
82.49445271146578
 10
84.9848964280527
 20
82.47004716726451
 10
84.96259870481686
 20
82.44702293734633
 10
84.93887162716896
 20
82.42547463321068
 10
84.91381269476051
 20
82.40549080146127
 10
84.88752488012028
 20
82.38715355994918
 10
84.86011620551699
 20
82.37053826033343
 10
84.83169929907376
 20
82.35571317844392
 10
84.80239093195473
 20
82.34273923372211
 10
84.77231153852676
 20
82.3316697388899
 10
84.74158472146974
 20
82.32255018087562
 10
84.71033674386558
 20
82.31541803389962
 10
84.67869601035727
 20
82.31030260548357
 10
84.64679253950521
 20
82.30722491602
 10
84.61475742951507
 20
82.3061976123953
0
HATCH
5
1266
100
AcDbEntity
8
TopPasteMaskLayer
100
AcDbHatch
10
0
20
0
30
0
210
0
220
0
230
1
2
SOLID
70
1
71
0
91
1
92
7
72
0
73
1
93
100
10
83.51473202946408
20
73.66611633223283
10
83.48269691947371
20
73.66714363585754
10
83.45079344862165
20
73.67022132532111
10
83.41915271511334
20
73.67533675373716
10
83.38790473750942
20
73.68246890071316
10
83.35717792045216
20
73.69158845872744
10
83.32709852702419
20
73.70265795355965
10
83.29779015990516
20
73.71563189828146
10
83.26937325346216
20
73.73045698017097
10
83.24196457885887
20
73.74707227978672
10
83.21567676421841
20
73.7654095212988
10
83.19061783181019
20
73.78539335304822
10
83.16689075416207
20
73.80694165718387
10
83.14459303092622
20
73.82996588710205
10
83.12381628823005
20
73.85437143130332
10
83.10464590216543
20
73.88005800217172
10
83.08716064796135
20
73.9069200480775
10
83.07143237627747
20
73.93484718711227
10
83.0575257179562
20
73.96372466067146
10
83.04549781843912
20
73.99343380502205
10
83.03539810294569
20
74.02385253891725
10
83.02726807337285
20
74.05485586525458
10
83.02114113775656
20
74.08631638471604
10
83.01704247298949
20
74.11810481927898
10
83.01498892136351
20
74.15009054344694
10
83.01498892136351
20
74.18214212101861
10
83.01704247298949
20
74.21412784518657
10
83.02114113775656
20
74.2459162797494
10
83.02726807337285
20
74.27737679921097
10
83.03539810294569
20
74.3083801255483
10
83.04549781843912
20
74.3387988594435
10
83.0575257179562
20
74.36850800379398
10
83.07143237627747
20
74.39738547735317
10
83.08716064796135
20
74.42531261638806
10
83.10464590216543
20
74.45217466229383
10
83.12381628823005
20
74.47786123316223
10
83.14459303092622
20
74.50226677736339
10
83.16689075416207
20
74.52529100728157
10
83.19061783181019
20
74.54683931141733
10
83.21567676421841
20
74.56682314316674
10
83.24196457885887
20
74.58516038467872
10
83.26937325346216
20
74.60177568429447
10
83.29779015990516
20
74.61660076618398
10
83.32709852702419
20
74.62957471090579
10
83.35717792045216
20
74.64064420573811
10
83.38790473750942
20
74.64976376375239
10
83.41915271511334
20
74.65689591072828
10
83.45079344862165
20
74.66201133914444
10
83.48269691947371
20
74.66508902860801
10
83.51473202946408
20
74.66611633223272
10
84.61475742951507
20
74.66611633223272
10
84.64679253950521
20
74.66508902860801
10
84.67869601035727
20
74.66201133914444
10
84.71033674386558
20
74.65689591072828
10
84.74158472146974
20
74.64976376375239
10
84.77231153852676
20
74.64064420573811
10
84.80239093195473
20
74.62957471090579
10
84.83169929907376
20
74.61660076618398
10
84.86011620551699
20
74.60177568429447
10
84.88752488012028
20
74.58516038467872
10
84.91381269476051
20
74.56682314316674
10
84.93887162716896
20
74.54683931141733
10
84.96259870481686
20
74.52529100728157
10
84.9848964280527
20
74.50226677736339
10
85.0056731707491
20
74.47786123316223
10
85.0248435568135
20
74.45217466229383
10
85.0423288110178
20
74.42531261638806
10
85.05805708270145
20
74.39738547735317
10
85.07196374102296
20
74.36850800379398
10
85.08399164053981
20
74.3387988594435
10
85.09409135603346
20
74.3083801255483
10
85.10222138560607
20
74.27737679921097
10
85.10834832122237
20
74.2459162797494
10
85.11244698598966
20
74.21412784518657
10
85.11450053761541
20
74.18214212101861
10
85.11450053761541
20
74.15009054344694
10
85.11244698598966
20
74.11810481927898
10
85.10834832122237
20
74.08631638471604
10
85.10222138560607
20
74.05485586525458
10
85.09409135603346
20
74.02385253891725
10
85.08399164053981
20
73.99343380502205
10
85.07196374102296
20
73.96372466067146
10
85.05805708270145
20
73.93484718711227
10
85.0423288110178
20
73.9069200480775
10
85.0248435568135
20
73.88005800217172
10
85.0056731707491
20
73.85437143130332
10
84.9848964280527
20
73.82996588710205
10
84.96259870481686
20
73.80694165718387
10
84.93887162716896
20
73.78539335304822
10
84.91381269476051
20
73.7654095212988
10
84.88752488012028
20
73.74707227978672
10
84.86011620551699
20
73.73045698017097
10
84.83169929907376
20
73.71563189828146
10
84.80239093195473
20
73.70265795355965
10
84.77231153852676
20
73.69158845872744
10
84.74158472146974
20
73.68246890071316
10
84.71033674386558
20
73.67533675373716
10
84.67869601035727
20
73.67022132532111
10
84.64679253950521
20
73.66714363585754
10
84.61475742951507
20
73.66611633223283
97
1
330

75
0
76
1
47
0.4128176842155181
98
1
10
34.90568961886538
20
22.81183545379326
450
0
451
0
460
0
461
0
452
1
462
1
453
2
463
0
63
5
421
255
463
1
63
7
421
16777215
470
LINEAR
1001
ACAD
1010
0
1020
0
1030
0
  0
ENDSEC
  0
SECTION
  2
OBJECTS
  0
DICTIONARY
  5
C
330
0
100
AcDbDictionary
281
     1
  3
ACAD_CIP_PREVIOUS_PRODUCT_INFO
350
216
  3
ACAD_COLOR
350
6B
  3
ACAD_DETAILVIEWSTYLE
350
21B
  3
ACAD_GROUP
350
D
  3
ACAD_LAYOUT
350
1A
  3
ACAD_MATERIAL
350
6A
  3
ACAD_MLEADERSTYLE
350
12D
  3
ACAD_MLINESTYLE
350
17
  3
ACAD_PLOTSETTINGS
350
19
  3
ACAD_PLOTSTYLENAME
350
E
  3
ACAD_SCALELIST
350
10C
  3
ACAD_SECTIONVIEWSTYLE
350
219
  3
ACAD_TABLESTYLE
350
7E
  3
ACAD_VISUALSTYLE
350
EF
  3
ACDB_RECOMPOSE_DATA
350
27D
  3
AcDbVariableDictionary
350
5E
  3
AcDsDecomposeData
350
283
  0
DICTIONARY
  5
1FF
330
2
100
AcDbDictionary
280
     1
281
     1
  3
ACAD_LAYERSTATES
360
200
  0
DICTIONARY
  5
13C
330
10
100
AcDbDictionary
280
     1
281
     1
  0
DICTIONARY
  5
1CE
330
1F
100
AcDbDictionary
280
     1
281
     1
  0
XRECORD
  5
216
102
{ACAD_REACTORS
330
C
102
}
330
C
100
AcDbXrecord
280
     1
300
ACD
300
2017
300
ACD_F_S
  0
DICTIONARY
  5
6B
102
{ACAD_REACTORS
330
C
102
}
330
C
100
AcDbDictionary
281
     1
  0
DICTIONARY
  5
21B
102
{ACAD_REACTORS
330
C
102
}
330
C
100
AcDbDictionary
281
     1
  3
Metric50
350
21C
  0
DICTIONARY
  5
D
102
{ACAD_REACTORS
330
C
102
}
330
C
100
AcDbDictionary
281
     1
  0
DICTIONARY
  5
1A
102
{ACAD_REACTORS
330
C
102
}
330
C
100
AcDbDictionary
281
     1
  3
Model
350
22
  3
布局1
350
D3
  3
布局2
350
D7
  0
DICTIONARY
  5
6A
102
{ACAD_REACTORS
330
C
102
}
330
C
100
AcDbDictionary
281
     1
  3
ByBlock
350
ED
  3
ByLayer
350
EC
  3
Global
350
EE
  0
DICTIONARY
  5
12D
102
{ACAD_REACTORS
330
C
102
}
330
C
100
AcDbDictionary
281
     1
  3
Annotative
350
13B
  3
Standard
350
12E
  0
DICTIONARY
  5
17
102
{ACAD_REACTORS
330
C
102
}
330
C
100
AcDbDictionary
281
     1
  3
Standard
350
18
  0
DICTIONARY
  5
19
102
{ACAD_REACTORS
330
C
102
}
330
C
100
AcDbDictionary
281
     1
  0
ACDBDICTIONARYWDFLT
  5
E
102
{ACAD_REACTORS
330
C
102
}
330
C
100
AcDbDictionary
281
     1
  3
Normal
350
F
100
AcDbDictionaryWithDefault
340
F
  0
DICTIONARY
  5
10C
102
{ACAD_REACTORS
330
C
102
}
330
C
100
AcDbDictionary
281
     1
  3
A0
350
10D
  3
A1
350
1BE
  3
A2
350
1BF
  3
A3
350
1C0
  3
A4
350
1C1
  3
A5
350
1C2
  3
A6
350
1C3
  3
A7
350
1C4
  3
A8
350
1C5
  3
A9
350
1C6
  3
B0
350
1C7
  3
B1
350
1C8
  3
B2
350
1C9
  3
B3
350
1CA
  3
B4
350
1CB
  3
B5
350
1CC
  3
B6
350
1CD
  0
DICTIONARY
  5
219
102
{ACAD_REACTORS
330
C
102
}
330
C
100
AcDbDictionary
281
     1
  3
Metric50
350
21A
  0
DICTIONARY
  5
7E
102
{ACAD_REACTORS
330
C
102
}
330
C
100
AcDbDictionary
281
     1
  3
Standard
350
7F
  0
DICTIONARY
  5
EF
102
{ACAD_REACTORS
330
C
102
}
330
C
100
AcDbDictionary
281
     1
  3
2dWireframe
350
F5
  3
Basic
350
F4
  3
Brighten
350
FB
  3
ColorChange
350
FF
  3
Conceptual
350
F8
  3
Dim
350
FA
  3
EdgeColorOff
350
1E6
  3
Facepattern
350
FE
  3
Flat
350
F0
  3
FlatWithEdges
350
F1
  3
Gouraud
350
F2
  3
GouraudWithEdges
350
F3
  3
Hidden
350
F7
  3
JitterOff
350
1E4
  3
Linepattern
350
FD
  3
OverhangOff
350
1E5
  3
Realistic
350
F9
  3
Shaded
350
1F3
  3
Shaded with edges
350
1F2
  3
Shades of Gray
350
1EF
  3
Sketchy
350
1F0
  3
Thicken
350
FC
  3
Wireframe
350
F6
  3
X-Ray
350
1F1
  0
XRECORD
  5
27D
102
{ACAD_REACTORS
330
C
102
}
330
C
100
AcDbXrecord
280
     1
 90
        1
330
7F
  0
DICTIONARY
  5
5E
102
{ACAD_REACTORS
330
C
102
}
330
C
100
AcDbDictionary
281
     1
  3
CANNOSCALE
350
146
  3
CENTEREXE
350
259
  3
CENTERLTYPEFILE
350
25A
  3
CMLEADERSTYLE
350
145
  3
CTABLESTYLE
350
84
  3
CVIEWDETAILSTYLE
350
227
  3
CVIEWSECTIONSTYLE
350
228
  3
DIMASSOC
350
5F
  3
HIDETEXT
350
63
  3
LAYEREVAL
350
1AE
  3
LAYERNOTIFY
350
1AF
  3
XCLIPFRAME
350
27B
  0
DICTIONARY
  5
283
102
{ACAD_REACTORS
330
C
102
}
330
C
100
AcDbDictionary
281
     1
  3
AcDsRecords
350
285
  3
AcDsSchemas
350
284
1001
ACAD
1070
     2
  0
DICTIONARY
  5
200
102
{ACAD_REACTORS
330
1FF
102
}
330
1FF
100
AcDbDictionary
281
     1
  0
ACDBDETAILVIEWSTYLE
  5
21C
102
{ACAD_XDICTIONARY
360
236
102
}
102
{ACAD_REACTORS
330
21B
102
}
330
21B
100
AcDbModelDocViewStyle
 70
     0
  3
Metric50
290
     0
100
AcDbDetailViewStyle
 70
     0
 71
     0
 90
        3
 71
     1
340
11
 62
   256
 40
5.0
340
0
 62
   256
 40
5.0
300

 40
0.0
280
     1
 71
     2
340
16
 90
       25
 62
   256
 71
     3
340
11
 62
   256
 40
5.0
 90
        0
 40
15.0
 90
        1
300
%<AcVar ViewDetailId>% (%<AcVar ViewScale  "%sn">%)
 71
     4
340
16
 90
       25
 62
   256
340
16
 90
       25
 62
   256
280
     0
  0
LAYOUT
  5
22
102
{ACAD_XDICTIONARY
360
205
102
}
102
{ACAD_REACTORS
330
1A
102
}
330
1A
100
AcDbPlotSettings
  1

  2
none_device
  4
ISO_A4_(210.00_x_297.00_MM)
  6

 40
7.5
 41
20.0
 42
7.5
 43
20.0
 44
210.0
 45
297.0
 46
11.54999923706054
 47
-13.65000009536743
 48
0.0
 49
0.0
140
0.0
141
0.0
142
1.0
143
8.704084754739808
 70
 11952
 72
     1
 73
     0
 74
     0
  7

 75
     0
147
0.1148885871608098
 76
     0
 77
     2
 78
   300
148
0.0
149
0.0
100
AcDbLayout
  1
Model
 70
     1
 71
     0
 10
0.0
 20
0.0
 11
12.0
 21
9.0
 12
0.0
 22
0.0
 32
0.0
 14
0.0
 24
0.0
 34
0.0
 15
0.0
 25
0.0
 35
0.0
146
0.0
 13
0.0
 23
0.0
 33
0.0
 16
1.0
 26
0.0
 36
0.0
 17
0.0
 27
1.0
 37
0.0
 76
     0
330
1F
331
EA
1001
ACAD_PSEXT
1000
None
1000
None
1000
Not applicable
1000
The layout will not be plotted unless a new plotter configuration name is selected.
1070
     0
  0
LAYOUT
  5
D3
102
{ACAD_REACTORS
330
1A
102
}
330
1A
100
AcDbPlotSettings
  1

  2
C:Documents and SettingsasasApplication DataAutodeskAutoCAD 2005R16.1enuplottersDefault Windows System Printer.pc3
  4

  6

 40
0.0
 41
0.0
 42
0.0
 43
0.0
 44
0.0
 45
0.0
 46
0.0
 47
0.0
 48
0.0
 49
0.0
140
0.0
141
0.0
142
1.0
143
1.0
 70
   688
 72
     0
 73
     0
 74
     5
  7

 75
    16
147
1.0
 76
     0
 77
     2
 78
   300
148
0.0
149
0.0
100
AcDbLayout
  1
布局1
 70
     1
 71
     1
 10
0.0
 20
0.0
 11
12.0
 21
9.0
 12
0.0
 22
0.0
 32
0.0
 14
0.0
 24
0.0
 34
0.0
 15
0.0
 25
0.0
 35
0.0
146
0.0
 13
0.0
 23
0.0
 33
0.0
 16
1.0
 26
0.0
 36
0.0
 17
0.0
 27
1.0
 37
0.0
 76
     0
330
D2
  0
LAYOUT
  5
D7
102
{ACAD_REACTORS
330
1A
102
}
330
1A
100
AcDbPlotSettings
  1

  2
C:Documents and SettingsasasApplication DataAutodeskAutoCAD 2005R16.1enuplottersDefault Windows System Printer.pc3
  4

  6

 40
0.0
 41
0.0
 42
0.0
 43
0.0
 44
0.0
 45
0.0
 46
0.0
 47
0.0
 48
0.0
 49
0.0
140
0.0
141
0.0
142
1.0
143
1.0
 70
   688
 72
     0
 73
     0
 74
     5
  7

 75
    16
147
1.0
 76
     0
 77
     2
 78
   300
148
0.0
149
0.0
100
AcDbLayout
  1
布局2
 70
     1
 71
     2
 10
0.0
 20
0.0
 11
12.0
 21
9.0
 12
0.0
 22
0.0
 32
0.0
 14
0.0
 24
0.0
 34
0.0
 15
0.0
 25
0.0
 35
0.0
146
0.0
 13
0.0
 23
0.0
 33
0.0
 16
1.0
 26
0.0
 36
0.0
 17
0.0
 27
1.0
 37
0.0
 76
     0
330
D6
  0
MATERIAL
  5
ED
102
{ACAD_XDICTIONARY
360
1F9
102
}
102
{ACAD_REACTORS
330
6A
102
}
330
6A
100
AcDbMaterial
  1
ByBlock
 94
       63
  0
MATERIAL
  5
EC
102
{ACAD_XDICTIONARY
360
1F7
102
}
102
{ACAD_REACTORS
330
6A
102
}
330
6A
100
AcDbMaterial
  1
ByLayer
 94
       63
  0
MATERIAL
  5
EE
102
{ACAD_XDICTIONARY
360
173
102
}
102
{ACAD_REACTORS
330
6A
102
}
330
6A
100
AcDbMaterial
  1
Global
 43
0.0007999999797903
 43
0.0
 43
0.0
 43
0.0
 43
0.0
 43
0.0007999999797903
 43
0.0
 43
0.0
 43
0.0
 43
0.0
 43
1.0
 43
0.0
 43
0.0
 43
0.0
 43
0.0
 43
1.0
 49
0.0007999999797903
 49
0.0
 49
0.0
 49
0.0
 49
0.0
 49
0.0007999999797903
 49
0.0
 49
0.0
 49
0.0
 49
0.0
 49
1.0
 49
0.0
 49
0.0
 49
0.0
 49
0.0
 49
1.0
142
0.0007999999797903
142
0.0
142
0.0
142
0.0
142
0.0
142
0.0007999999797903
142
0.0
142
0.0
142
0.0
142
0.0
142
1.0
142
0.0
142
0.0
142
0.0
142
0.0
142
1.0
144
0.0007999999797903
144
0.0
144
0.0
144
0.0
144
0.0
144
0.0007999999797903
144
0.0
144
0.0
144
0.0
144
0.0
144
1.0
144
0.0
144
0.0
144
0.0
144
0.0
144
1.0
 94
       63
1001
ACAD
1070
    -1
1070
     3
1070
     0
1000

1071
        0
1070
     0
  0
MLEADERSTYLE
  5
13B
102
{ACAD_REACTORS
330
12D
102
}
330
12D
100
AcDbMLeaderStyle
170
     2
171
     1
172
     0
 90
        2
 40
0.0
 41
0.0
173
     1
 91
-1056964608
340
14
 92
       -2
290
     1
 42
2.0
291
     1
 43
8.0
  3
Standard
 44
4.0
300

342
11
174
     1
178
     1
175
     1
176
     0
 93
-1056964608
 45
4.0
292
     0
297
     0
 46
4.0
 94
-1056964608
 47
1.0
 49
1.0
140
1.0
293
     1
141
0.0
294
     1
177
     0
142
1.0
295
     0
296
     1
143
3.75
1001
ACAD_MLEADERVER
1070
     2
  0
MLEADERSTYLE
  5
12E
102
{ACAD_REACTORS
330
12D
102
}
330
12D
100
AcDbMLeaderStyle
170
     2
171
     1
172
     0
 90
        2
 40
0.0
 41
0.0
173
     1
 91
-1056964608
340
14
 92
       -2
290
     1
 42
2.0
291
     1
 43
8.0
  3
Standard
 44
4.0
300

342
11
174
     1
178
     1
175
     1
176
     0
 93
-1056964608
 45
4.0
292
     0
297
     0
 46
4.0
 94
-1056964608
 47
1.0
 49
1.0
140
1.0
293
     1
141
0.0
294
     1
177
     0
142
1.0
295
     0
296
     0
143
3.75
1001
ACAD_MLEADERVER
1070
     2
  0
MLINESTYLE
  5
18
102
{ACAD_REACTORS
330
17
102
}
330
17
100
AcDbMlineStyle
  2
STANDARD
 70
     0
  3

 62
   256
 51
90.0
 52
90.0
 71
     2
 49
0.5
 62
   256
  6
BYLAYER
 49
-0.5
 62
   256
  6
BYLAYER
  0
ACDBPLACEHOLDER
  5
F
102
{ACAD_REACTORS
330
E
102
}
330
E
  0
SCALE
  5
10D
102
{ACAD_REACTORS
330
10C
102
}
330
10C
100
AcDbScale
 70
     0
300
1:1
140
1.0
141
1.0
290
     1
  0
SCALE
  5
1BE
102
{ACAD_REACTORS
330
10C
102
}
330
10C
100
AcDbScale
 70
     0
300
1:2
140
1.0
141
2.0
290
     0
  0
SCALE
  5
1BF
102
{ACAD_REACTORS
330
10C
102
}
330
10C
100
AcDbScale
 70
     0
300
1:4
140
1.0
141
4.0
290
     0
  0
SCALE
  5
1C0
102
{ACAD_REACTORS
330
10C
102
}
330
10C
100
AcDbScale
 70
     0
300
1:5
140
1.0
141
5.0
290
     0
  0
SCALE
  5
1C1
102
{ACAD_REACTORS
330
10C
102
}
330
10C
100
AcDbScale
 70
     0
300
1:8
140
1.0
141
8.0
290
     0
  0
SCALE
  5
1C2
102
{ACAD_REACTORS
330
10C
102
}
330
10C
100
AcDbScale
 70
     0
300
1:10
140
1.0
141
10.0
290
     0
  0
SCALE
  5
1C3
102
{ACAD_REACTORS
330
10C
102
}
330
10C
100
AcDbScale
 70
     0
300
1:16
140
1.0
141
16.0
290
     0
  0
SCALE
  5
1C4
102
{ACAD_REACTORS
330
10C
102
}
330
10C
100
AcDbScale
 70
     0
300
1:20
140
1.0
141
20.0
290
     0
  0
SCALE
  5
1C5
102
{ACAD_REACTORS
330
10C
102
}
330
10C
100
AcDbScale
 70
     0
300
1:30
140
1.0
141
30.0
290
     0
  0
SCALE
  5
1C6
102
{ACAD_REACTORS
330
10C
102
}
330
10C
100
AcDbScale
 70
     0
300
1:40
140
1.0
141
40.0
290
     0
  0
SCALE
  5
1C7
102
{ACAD_REACTORS
330
10C
102
}
330
10C
100
AcDbScale
 70
     0
300
1:50
140
1.0
141
50.0
290
     0
  0
SCALE
  5
1C8
102
{ACAD_REACTORS
330
10C
102
}
330
10C
100
AcDbScale
 70
     0
300
1:100
140
1.0
141
100.0
290
     0
  0
SCALE
  5
1C9
102
{ACAD_REACTORS
330
10C
102
}
330
10C
100
AcDbScale
 70
     0
300
2:1
140
2.0
141
1.0
290
     0
  0
SCALE
  5
1CA
102
{ACAD_REACTORS
330
10C
102
}
330
10C
100
AcDbScale
 70
     0
300
4:1
140
4.0
141
1.0
290
     0
  0
SCALE
  5
1CB
102
{ACAD_REACTORS
330
10C
102
}
330
10C
100
AcDbScale
 70
     0
300
8:1
140
8.0
141
1.0
290
     0
  0
SCALE
  5
1CC
102
{ACAD_REACTORS
330
10C
102
}
330
10C
100
AcDbScale
 70
     0
300
10:1
140
10.0
141
1.0
290
     0
  0
SCALE
  5
1CD
102
{ACAD_REACTORS
330
10C
102
}
330
10C
100
AcDbScale
 70
     0
300
100:1
140
100.0
141
1.0
290
     0
  0
ACDBSECTIONVIEWSTYLE
  5
21A
102
{ACAD_XDICTIONARY
360
234
102
}
102
{ACAD_REACTORS
330
219
102
}
330
219
100
AcDbModelDocViewStyle
 70
     0
  3
Metric50
290
     0
100
AcDbSectionViewStyle
 70
     0
 71
     0
 90
      102
 71
     1
340
11
 62
   256
 40
5.0
340
0
340
0
 62
   256
 40
5.0
300
I, O, Q, S, X, Z
 40
10.0
 90
        0
 40
2.5
 90
        0
 71
     2
340
16
 90
       25
 62
   256
340
16
 90
       50
 62
   256
 40
5.0
 40
2.5
 40
5.0
 71
     3
340
11
 62
   256
 40
5.0
 90
        0
 40
15.0
 90
        1
300
%<AcVar ViewSectionStartId>%-%<AcVar ViewSectionEndId>% (%<AcVar ViewScale  "%sn">%)
 71
     4
 62
   256
 62
   257
300
ANSI31
 40
1.0
 90
        0
290
     0
290
     0
 90
        6
 40
0.0
 40
1.570796326794896
 40
0.2617993877991494
 40
1.308996938995747
 40
-0.2617993877991494
 40
1.832595714594046
  0
TABLESTYLE
  5
7F
102
{ACAD_XDICTIONARY
360
162
102
}
102
{ACAD_REACTORS
330
7E
102
}
330
7E
100
AcDbTableStyle
  3
Standard
 70
     0
 71
     0
 40
1.5
 41
1.5
280
     0
281
     0
  7
Standard
140
4.5
170
     2
 62
     0
 63
     7
283
     0
 90
      512
 91
        0
  1

274
    -2
284
     1
 64
     0
275
    -2
285
     1
 65
     0
276
    -2
286
     1
 66
     0
277
    -2
287
     1
 67
     0
278
    -2
288
     1
 68
     0
279
    -2
289
     1
 69
     0
  7
Standard
140
6.0
170
     5
 62
     0
 63
     7
283
     0
 90
      512
 91
        0
  1

274
    -2
284
     1
 64
     0
275
    -2
285
     1
 65
     0
276
    -2
286
     1
 66
     0
277
    -2
287
     1
 67
     0
278
    -2
288
     1
 68
     0
279
    -2
289
     1
 69
     0
  7
Standard
140
4.5
170
     5
 62
     0
 63
     7
283
     0
 90
      512
 91
        0
  1

274
    -2
284
     1
 64
     0
275
    -2
285
     1
 65
     0
276
    -2
286
     1
 66
     0
277
    -2
287
     1
 67
     0
278
    -2
288
     1
 68
     0
279
    -2
289
     1
 69
     0
  0
VISUALSTYLE
  5
F5
102
{ACAD_XDICTIONARY
360
290
102
}
102
{ACAD_REACTORS
330
EF
102
}
330
EF
100
AcDbVisualStyle
  2
2dWireframe
 70
     4
 71
     0
 72
     2
 73
     1
 90
        0
 40
-0.6
 41
-30.0
 62
     5
 63
     7
421
 16777215
 74
     1
 91
        4
 64
     7
 65
   257
 75
     1
175
     1
 42
1.0
 92
        0
 66
   257
 43
1.0
 76
     1
 77
     6
 78
     2
 67
     7
 79
     5
170
     0
171
     0
290
     0
174
     0
 93
        1
 44
0.0
173
     0
291
     0
 45
0.0
1001
ACAD
1000
AcDbSavedByObjectVersion
1070
     0
  0
VISUALSTYLE
  5
F4
102
{ACAD_XDICTIONARY
360
28E
102
}
102
{ACAD_REACTORS
330
EF
102
}
330
EF
100
AcDbVisualStyle
  2
Basic
 70
     7
 71
     1
 72
     0
 73
     1
 90
        0
 40
-0.6
 41
-30.0
 62
     5
 63
     7
421
 16777215
 74
     0
 91
        4
 64
     7
 65
   257
 75
     1
175
     1
 42
1.0
 92
        8
 66
     7
 43
1.0
 76
     1
 77
     6
 78
     2
 67
     7
 79
     5
170
     0
171
     0
290
     0
174
     0
 93
        1
 44
0.0
173
     0
291
     1
 45
0.0
1001
ACAD
1000
AcDbSavedByObjectVersion
1070
     0
  0
VISUALSTYLE
  5
FB
102
{ACAD_XDICTIONARY
360
29C
102
}
102
{ACAD_REACTORS
330
EF
102
}
330
EF
100
AcDbVisualStyle
  2
Brighten
 70
    12
 71
     2
 72
     2
 73
     1
 90
        0
 40
-0.6
 41
-30.0
 62
     5
 63
     7
421
 16777215
 74
     1
 91
        4
 64
     7
 65
   257
 75
     1
175
     1
 42
1.0
 92
        8
 66
     7
 43
1.0
 76
     1
 77
     6
 78
     2
 67
     7
 79
     5
170
     0
171
     0
290
     0
174
     0
 93
        1
 44
50.0
173
     0
291
     1
 45
0.0
1001
ACAD
1000
AcDbSavedByObjectVersion
1070
     0
  0
VISUALSTYLE
  5
FF
102
{ACAD_XDICTIONARY
360
2A4
102
}
102
{ACAD_REACTORS
330
EF
102
}
330
EF
100
AcDbVisualStyle
  2
ColorChange
 70
    16
 71
     2
 72
     2
 73
     3
 90
        0
 40
-0.6
 41
-30.0
 62
     5
 63
     8
421
  8421504
 74
     1
 91
        4
 64
     7
 65
   257
 75
     1
175
     1
 42
1.0
 92
        8
 66
     8
424
  8421504
 43
1.0
 76
     1
 77
     6
 78
     2
 67
     7
 79
     5
170
     0
171
     0
290
     0
174
     0
 93
        1
 44
0.0
173
     0
291
     1
 45
0.0
1001
ACAD
1000
AcDbSavedByObjectVersion
1070
     0
  0
VISUALSTYLE
  5
F8
102
{ACAD_XDICTIONARY
360
296
102
}
102
{ACAD_REACTORS
330
EF
102
}
330
EF
100
AcDbVisualStyle
  2
Conceptual
 70
     9
 71
     3
 72
     2
 73
     1
 90
        0
 40
-0.6
 41
-30.0
 62
     5
 63
     7
421
 16777215
 74
     2
 91
        2
 64
     7
 65
   257
 75
     1
175
     1
 42
40.0
 92
        8
 66
     7
 43
1.0
 76
     1
 77
     6
 78
     2
 67
     7
 79
     3
170
     0
171
     0
290
     0
174
     0
 93
        1
 44
0.0
173
     0
291
     0
 45
0.0
1001
ACAD
1000
AcDbSavedByObjectVersion
1070
     0
  0
VISUALSTYLE
  5
FA
102
{ACAD_XDICTIONARY
360
29A
102
}
102
{ACAD_REACTORS
330
EF
102
}
330
EF
100
AcDbVisualStyle
  2
Dim
 70
    11
 71
     2
 72
     2
 73
     1
 90
        0
 40
-0.6
 41
-30.0
 62
     5
 63
     7
421
 16777215
 74
     1
 91
        4
 64
     7
 65
   257
 75
     1
175
     1
 42
1.0
 92
        8
 66
     7
 43
1.0
 76
     1
 77
     6
 78
     2
 67
     7
 79
     5
170
     0
171
     0
290
     0
174
     0
 93
        1
 44
-50.0
173
     0
291
     1
 45
0.0
1001
ACAD
1000
AcDbSavedByObjectVersion
1070
     0
  0
VISUALSTYLE
  5
1E6
102
{ACAD_XDICTIONARY
360
2AA
102
}
102
{ACAD_REACTORS
330
EF
102
}
330
EF
100
AcDbVisualStyle
  2
EdgeColorOff
 70
    22
 71
     2
 72
     2
 73
     0
 90
        0
 40
-0.6
 41
-30.0
 62
     5
 63
     7
421
 16777215
 74
     1
 91
        4
 64
     7
 65
   257
 75
     1
175
     1
 42
1.0
 92
        8
 66
     7
 43
1.0
 76
     1
 77
     6
 78
     2
 67
     7
 79
     5
170
     0
171
     0
290
     0
174
     0
 93
        1
 44
0.0
173
     0
291
     1
 45
0.0
1001
ACAD
1000
AcDbSavedByObjectVersion
1070
     0
  0
VISUALSTYLE
  5
FE
102
{ACAD_XDICTIONARY
360
2A2
102
}
102
{ACAD_REACTORS
330
EF
102
}
330
EF
100
AcDbVisualStyle
  2
Facepattern
 70
    15
 71
     2
 72
     2
 73
     1
 90
        0
 40
-0.6
 41
-30.0
 62
     5
 63
     7
421
 16777215
 74
     1
 91
        4
 64
     7
 65
   257
 75
     1
175
     1
 42
1.0
 92
        8
 66
     7
 43
1.0
 76
     1
 77
     6
 78
     2
 67
     7
 79
     5
170
     0
171
     0
290
     0
174
     0
 93
        1
 44
0.0
173
     0
291
     1
 45
0.0
1001
ACAD
1000
AcDbSavedByObjectVersion
1070
     0
  0
VISUALSTYLE
  5
F0
102
{ACAD_XDICTIONARY
360
286
102
}
102
{ACAD_REACTORS
330
EF
102
}
330
EF
100
AcDbVisualStyle
  2
Flat
 70
     0
 71
     2
 72
     1
 73
     1
 90
        2
 40
-0.6
 41
30.0
 62
     5
 63
     7
421
 16777215
 74
     0
 91
        0
 64
     7
 65
   257
 75
     1
175
     1
 42
1.0
 92
        8
 66
     7
 43
1.0
 76
     1
 77
     6
 78
     2
 67
     7
 79
     5
170
     0
171
     0
290
     0
174
     0
 93
       13
 44
0.0
173
     0
291
     1
 45
0.0
1001
ACAD
1000
AcDbSavedByObjectVersion
1070
     0
  0
VISUALSTYLE
  5
F1
102
{ACAD_XDICTIONARY
360
288
102
}
102
{ACAD_REACTORS
330
EF
102
}
330
EF
100
AcDbVisualStyle
  2
FlatWithEdges
 70
     1
 71
     2
 72
     1
 73
     1
 90
        2
 40
-0.6
 41
30.0
 62
     5
 63
     7
421
 16777215
 74
     1
 91
        0
 64
     7
 65
   257
 75
     1
175
     1
 42
1.0
 92
        0
 66
   257
 43
1.0
 76
     1
 77
     6
 78
     2
 67
     7
 79
     5
170
     0
171
     0
290
     0
174
     0
 93
       13
 44
0.0
173
     0
291
     1
 45
0.0
1001
ACAD
1000
AcDbSavedByObjectVersion
1070
     0
  0
VISUALSTYLE
  5
F2
102
{ACAD_XDICTIONARY
360
28A
102
}
102
{ACAD_REACTORS
330
EF
102
}
330
EF
100
AcDbVisualStyle
  2
Gouraud
 70
     2
 71
     2
 72
     2
 73
     1
 90
        2
 40
-0.6
 41
30.0
 62
     5
 63
     7
421
 16777215
 74
     0
 91
        0
 64
     7
 65
   257
 75
     1
175
     1
 42
1.0
 92
        0
 66
     7
 43
1.0
 76
     1
 77
     6
 78
     2
 67
     7
 79
     5
170
     0
171
     0
290
     0
174
     0
 93
       13
 44
0.0
173
     0
291
     1
 45
0.0
1001
ACAD
1000
AcDbSavedByObjectVersion
1070
     0
  0
VISUALSTYLE
  5
F3
102
{ACAD_XDICTIONARY
360
28C
102
}
102
{ACAD_REACTORS
330
EF
102
}
330
EF
100
AcDbVisualStyle
  2
GouraudWithEdges
 70
     3
 71
     2
 72
     2
 73
     1
 90
        2
 40
-0.6
 41
30.0
 62
     5
 63
     7
421
 16777215
 74
     1
 91
        0
 64
     7
 65
   257
 75
     1
175
     1
 42
1.0
 92
        0
 66
   257
 43
1.0
 76
     1
 77
     6
 78
     2
 67
     7
 79
     5
170
     0
171
     0
290
     0
174
     0
 93
       13
 44
0.0
173
     0
291
     1
 45
0.0
1001
ACAD
1000
AcDbSavedByObjectVersion
1070
     0
  0
VISUALSTYLE
  5
F7
102
{ACAD_XDICTIONARY
360
294
102
}
102
{ACAD_REACTORS
330
EF
102
}
330
EF
100
AcDbVisualStyle
  2
Hidden
 70
     6
 71
     1
 72
     2
 73
     2
 90
        0
 40
-0.6
 41
-30.0
 62
     5
 63
     7
421
 16777215
 74
     2
 91
        2
 64
     7
 65
   257
 75
     2
175
     1
 42
40.0
 92
        0
 66
   257
 43
1.0
 76
     1
 77
     6
 78
     2
 67
     7
 79
     3
170
     0
171
     0
290
     0
174
     0
 93
        1
 44
0.0
173
     0
291
     0
 45
0.0
1001
ACAD
1000
AcDbSavedByObjectVersion
1070
     0
  0
VISUALSTYLE
  5
1E4
102
{ACAD_XDICTIONARY
360
2A6
102
}
102
{ACAD_REACTORS
330
EF
102
}
330
EF
100
AcDbVisualStyle
  2
JitterOff
 70
    20
 71
     2
 72
     2
 73
     0
 90
        0
 40
-0.6
 41
-30.0
 62
     5
 63
     7
421
 16777215
 74
     1
 91
        4
 64
     7
 65
   257
 75
     1
175
     1
 42
1.0
 92
       10
 66
     7
 43
1.0
 76
     1
 77
     6
 78
     2
 67
     7
 79
     5
170
     0
171
     0
290
     0
174
     0
 93
        1
 44
0.0
173
     0
291
     1
 45
0.0
1001
ACAD
1000
AcDbSavedByObjectVersion
1070
     0
  0
VISUALSTYLE
  5
FD
102
{ACAD_XDICTIONARY
360
2A0
102
}
102
{ACAD_REACTORS
330
EF
102
}
330
EF
100
AcDbVisualStyle
  2
Linepattern
 70
    14
 71
     2
 72
     2
 73
     1
 90
        0
 40
-0.6
 41
-30.0
 62
     5
 63
     7
421
 16777215
 74
     1
 91
        4
 64
     7
 65
   257
 75
     7
175
     7
 42
1.0
 92
        8
 66
     7
 43
1.0
 76
     1
 77
     6
 78
     2
 67
     7
 79
     5
170
     0
171
     0
290
     0
174
     0
 93
        1
 44
0.0
173
     0
291
     1
 45
0.0
1001
ACAD
1000
AcDbSavedByObjectVersion
1070
     0
  0
VISUALSTYLE
  5
1E5
102
{ACAD_XDICTIONARY
360
2A8
102
}
102
{ACAD_REACTORS
330
EF
102
}
330
EF
100
AcDbVisualStyle
  2
OverhangOff
 70
    21
 71
     2
 72
     2
 73
     0
 90
        0
 40
-0.6
 41
-30.0
 62
     5
 63
     7
421
 16777215
 74
     1
 91
        4
 64
     7
 65
   257
 75
     1
175
     1
 42
1.0
 92
        9
 66
     7
 43
1.0
 76
     1
 77
     6
 78
     2
 67
     7
 79
     5
170
     0
171
     0
290
     0
174
     0
 93
        1
 44
0.0
173
     0
291
     1
 45
0.0
1001
ACAD
1000
AcDbSavedByObjectVersion
1070
     0
  0
VISUALSTYLE
  5
F9
102
{ACAD_XDICTIONARY
360
298
102
}
102
{ACAD_REACTORS
330
EF
102
}
330
EF
100
AcDbVisualStyle
  2
Realistic
 70
     8
 71
     2
 72
     3
 73
     0
 90
        2
 40
-0.6
 41
30.0
 62
     5
 63
     7
421
 16777215
 74
     0
 91
        0
 64
     7
 65
   257
 75
     1
175
     1
 42
1.0
 92
        8
 66
   257
 43
1.0
 76
     1
 77
     6
 78
     2
 67
     7
 79
     3
170
     0
171
     0
290
     0
174
     0
 93
       13
 44
0.0
173
     0
291
     0
 45
0.0
1001
ACAD
1000
AcDbSavedByObjectVersion
1070
     0
  0
VISUALSTYLE
  5
1F3
102
{ACAD_XDICTIONARY
360
2B4
102
}
102
{ACAD_REACTORS
330
EF
102
}
330
EF
100
AcDbVisualStyle
  2
Shaded
 70
    27
 71
     2
 72
     2
 73
     1
 90
        2
 40
-0.6
 41
30.0
 62
     5
 63
     7
421
 16777215
 74
     0
 91
        4
 64
     7
 65
   257
 75
     1
175
     1
 42
1.0
 92
        8
 66
   257
 43
1.0
 76
     1
 77
     6
 78
     2
 67
     8
425
  7895160
 79
     3
170
     0
171
     0
290
     0
174
     0
 93
        5
 44
0.0
173
     0
291
     0
 45
0.0
1001
ACAD
1000
AcDbSavedByObjectVersion
1070
     0
  0
VISUALSTYLE
  5
1F2
102
{ACAD_XDICTIONARY
360
2B2
102
}
102
{ACAD_REACTORS
330
EF
102
}
330
EF
100
AcDbVisualStyle
  2
Shaded with edges
 70
    26
 71
     2
 72
     2
 73
     1
 90
        2
 40
-0.6
 41
30.0
 62
     5
 63
     7
421
 16777215
 74
     1
 91
        2
 64
     7
 65
   257
 75
     2
175
     1
 42
1.0
 92
        8
 66
   257
 43
1.0
 76
     1
 77
     6
 78
     2
 67
     7
 79
     3
170
     0
171
     0
290
     0
174
     0
 93
        5
 44
0.0
173
     0
291
     0
 45
0.0
1001
ACAD
1000
AcDbSavedByObjectVersion
1070
     0
  0
VISUALSTYLE
  5
1EF
102
{ACAD_XDICTIONARY
360
2AC
102
}
102
{ACAD_REACTORS
330
EF
102
}
330
EF
100
AcDbVisualStyle
  2
Shades of Gray
 70
    23
 71
     2
 72
     2
 73
     3
 90
        0
 40
-0.6
 41
-30.0
 62
     5
 63
     7
421
 16777215
 74
     2
 91
        2
 64
     7
 65
     7
 75
     1
175
     1
 42
40.0
 92
        8
 66
     7
 43
1.0
 76
     1
 77
     6
 78
     2
 67
     7
 79
     3
170
     0
171
     0
290
     0
174
     0
 93
        1
 44
0.0
173
     0
291
     0
 45
0.0
1001
ACAD
1000
AcDbSavedByObjectVersion
1070
     0
  0
VISUALSTYLE
  5
1F0
102
{ACAD_XDICTIONARY
360
2AE
102
}
102
{ACAD_REACTORS
330
EF
102
}
330
EF
100
AcDbVisualStyle
  2
Sketchy
 70
    24
 71
     1
 72
     2
 73
     2
 90
        0
 40
-0.6
 41
-30.0
 62
     5
 63
     7
421
 16777215
 74
     2
 91
        2
 64
     7
 65
     7
 75
     1
175
     1
 42
40.0
 92
       11
 66
     7
 43
1.0
 76
     1
 77
     6
 78
     2
 67
     7
 79
     6
170
     0
171
     0
290
     0
174
     0
 93
        1
 44
0.0
173
     0
291
     0
 45
0.0
1001
ACAD
1000
AcDbSavedByObjectVersion
1070
     0
  0
VISUALSTYLE
  5
FC
102
{ACAD_XDICTIONARY
360
29E
102
}
102
{ACAD_REACTORS
330
EF
102
}
330
EF
100
AcDbVisualStyle
  2
Thicken
 70
    13
 71
     2
 72
     2
 73
     1
 90
        0
 40
-0.6
 41
-30.0
 62
     5
 63
     7
421
 16777215
 74
     1
 91
        4
 64
     7
 65
   257
 75
     1
175
     1
 42
1.0
 92
       12
 66
     7
 43
1.0
 76
     1
 77
     6
 78
     2
 67
     7
 79
     5
170
     0
171
     0
290
     0
174
     0
 93
        1
 44
0.0
173
     0
291
     1
 45
0.0
1001
ACAD
1000
AcDbSavedByObjectVersion
1070
     0
  0
VISUALSTYLE
  5
F6
102
{ACAD_XDICTIONARY
360
292
102
}
102
{ACAD_REACTORS
330
EF
102
}
330
EF
100
AcDbVisualStyle
  2
Wireframe
 70
     5
 71
     0
 72
     2
 73
     0
 90
        0
 40
-0.6
 41
-30.0
 62
     5
 63
     7
421
 16777215
 74
     1
 91
        4
 64
     7
 65
   257
 75
     1
175
     1
 42
1.0
 92
        0
 66
   257
 43
1.0
 76
     1
 77
     6
 78
     2
 67
     7
 79
     3
170
     0
171
     0
290
     0
174
     0
 93
        1
 44
0.0
173
     0
291
     0
 45
0.0
1001
ACAD
1000
AcDbSavedByObjectVersion
1070
     0
  0
VISUALSTYLE
  5
1F1
102
{ACAD_XDICTIONARY
360
2B0
102
}
102
{ACAD_REACTORS
330
EF
102
}
330
EF
100
AcDbVisualStyle
  2
X-Ray
 70
    25
 71
     2
 72
     2
 73
     1
 90
        1
 40
0.5
 41
-30.0
 62
     5
 63
     7
421
 16777215
 74
     1
 91
        0
 64
     7
 65
   257
 75
     1
175
     1
 42
1.0
 92
        8
 66
     7
 43
1.0
 76
     1
 77
     6
 78
     2
 67
     7
 79
     3
170
     0
171
     0
290
     0
174
     0
 93
       13
 44
0.0
173
     0
291
     0
 45
0.0
1001
ACAD
1000
AcDbSavedByObjectVersion
1070
     0
  0
DICTIONARYVAR
  5
146
102
{ACAD_REACTORS
330
5E
102
}
330
5E
100
DictionaryVariables
280
     0
  1
1:1
  0
DICTIONARYVAR
  5
259
102
{ACAD_REACTORS
330
5E
102
}
330
5E
100
DictionaryVariables
280
     0
  1
3.500000
  0
DICTIONARYVAR
  5
25A
102
{ACAD_REACTORS
330
5E
102
}
330
5E
100
DictionaryVariables
280
     0
  1
acadiso.lin
  0
DICTIONARYVAR
  5
145
102
{ACAD_REACTORS
330
5E
102
}
330
5E
100
DictionaryVariables
280
     0
  1
STANDARD
  0
DICTIONARYVAR
  5
84
102
{ACAD_REACTORS
330
5E
102
}
330
5E
100
DictionaryVariables
280
     0
  1
STANDARD
  0
DICTIONARYVAR
  5
227
102
{ACAD_REACTORS
330
5E
102
}
330
5E
100
DictionaryVariables
280
     0
  1
Metric50
  0
DICTIONARYVAR
  5
228
102
{ACAD_REACTORS
330
5E
102
}
330
5E
100
DictionaryVariables
280
     0
  1
Metric50
  0
DICTIONARYVAR
  5
5F
102
{ACAD_REACTORS
330
5E
102
}
330
5E
100
DictionaryVariables
280
     0
  1
2
  0
DICTIONARYVAR
  5
63
102
{ACAD_REACTORS
330
5E
102
}
330
5E
100
DictionaryVariables
280
     0
  1
1
  0
DICTIONARYVAR
  5
1AE
102
{ACAD_REACTORS
330
5E
102
}
330
5E
100
DictionaryVariables
280
     0
  1
0
  0
DICTIONARYVAR
  5
1AF
102
{ACAD_REACTORS
330
5E
102
}
330
5E
100
DictionaryVariables
280
     0
  1
0
  0
DICTIONARYVAR
  5
27B
102
{ACAD_REACTORS
330
5E
102
}
330
5E
100
DictionaryVariables
280
     0
  1
2
  0
DICTIONARY
  5
285
102
{ACAD_REACTORS
330
283
102
}
330
283
100
AcDbDictionary
281
     1
  0
DICTIONARY
  5
284
102
{ACAD_REACTORS
330
283
102
}
330
283
100
AcDbDictionary
281
     1
  3
1923465580128
350
27E
  3
1923465580144
350
27F
  3
1923465580160
350
280
  3
1923465580176
350
281
  3
1923465580192
350
282
  0
DICTIONARY
  5
236
330
21C
100
AcDbDictionary
280
     1
281
     1
  3
ACAD_XREC_ROUNDTRIP
360
2B7
  0
DICTIONARY
  5
205
330
22
100
AcDbDictionary
280
     1
281
     1
  0
DICTIONARY
  5
1F9
330
ED
100
AcDbDictionary
280
     1
281
     1
  3
FBXASSET
360
1FA
  0
DICTIONARY
  5
1F7
330
EC
100
AcDbDictionary
280
     1
281
     1
  3
FBXASSET
360
1F8
  0
DICTIONARY
  5
173
330
EE
100
AcDbDictionary
280
     1
281
     1
  3
BUMPTILE
360
175
  3
DIFFUSETILE
360
174
  3
FBXASSET
360
1FB
  3
OPACITYTILE
360
176
  3
REFLECTIONTILE
360
177
  0
DICTIONARY
  5
234
330
21A
100
AcDbDictionary
280
     1
281
     1
  3
ACAD_XREC_ROUNDTRIP
360
2B6
  0
DICTIONARY
  5
162
330
7F
100
AcDbDictionary
280
     1
281
     1
  3
ACAD_ROUNDTRIP_2008_TABLESTYLE_CELLSTYLEMAP
360
27C
  0
DICTIONARY
  5
290
330
F5
100
AcDbDictionary
280
     1
281
     1
  3
ACAD_XREC_ROUNDTRIP
360
291
  0
DICTIONARY
  5
28E
330
F4
100
AcDbDictionary
280
     1
281
     1
  3
ACAD_XREC_ROUNDTRIP
360
28F
  0
DICTIONARY
  5
29C
330
FB
100
AcDbDictionary
280
     1
281
     1
  3
ACAD_XREC_ROUNDTRIP
360
29D
  0
DICTIONARY
  5
2A4
330
FF
100
AcDbDictionary
280
     1
281
     1
  3
ACAD_XREC_ROUNDTRIP
360
2A5
  0
DICTIONARY
  5
296
330
F8
100
AcDbDictionary
280
     1
281
     1
  3
ACAD_XREC_ROUNDTRIP
360
297
  0
DICTIONARY
  5
29A
330
FA
100
AcDbDictionary
280
     1
281
     1
  3
ACAD_XREC_ROUNDTRIP
360
29B
  0
DICTIONARY
  5
2AA
330
1E6
100
AcDbDictionary
280
     1
281
     1
  3
ACAD_XREC_ROUNDTRIP
360
2AB
  0
DICTIONARY
  5
2A2
330
FE
100
AcDbDictionary
280
     1
281
     1
  3
ACAD_XREC_ROUNDTRIP
360
2A3
  0
DICTIONARY
  5
286
330
F0
100
AcDbDictionary
280
     1
281
     1
  3
ACAD_XREC_ROUNDTRIP
360
287
  0
DICTIONARY
  5
288
330
F1
100
AcDbDictionary
280
     1
281
     1
  3
ACAD_XREC_ROUNDTRIP
360
289
  0
DICTIONARY
  5
28A
330
F2
100
AcDbDictionary
280
     1
281
     1
  3
ACAD_XREC_ROUNDTRIP
360
28B
  0
DICTIONARY
  5
28C
330
F3
100
AcDbDictionary
280
     1
281
     1
  3
ACAD_XREC_ROUNDTRIP
360
28D
  0
DICTIONARY
  5
294
330
F7
100
AcDbDictionary
280
     1
281
     1
  3
ACAD_XREC_ROUNDTRIP
360
295
  0
DICTIONARY
  5
2A6
330
1E4
100
AcDbDictionary
280
     1
281
     1
  3
ACAD_XREC_ROUNDTRIP
360
2A7
  0
DICTIONARY
  5
2A0
330
FD
100
AcDbDictionary
280
     1
281
     1
  3
ACAD_XREC_ROUNDTRIP
360
2A1
  0
DICTIONARY
  5
2A8
330
1E5
100
AcDbDictionary
280
     1
281
     1
  3
ACAD_XREC_ROUNDTRIP
360
2A9
  0
DICTIONARY
  5
298
330
F9
100
AcDbDictionary
280
     1
281
     1
  3
ACAD_XREC_ROUNDTRIP
360
299
  0
DICTIONARY
  5
2B4
330
1F3
100
AcDbDictionary
280
     1
281
     1
  3
ACAD_XREC_ROUNDTRIP
360
2B5
  0
DICTIONARY
  5
2B2
330
1F2
100
AcDbDictionary
280
     1
281
     1
  3
ACAD_XREC_ROUNDTRIP
360
2B3
  0
DICTIONARY
  5
2AC
330
1EF
100
AcDbDictionary
280
     1
281
     1
  3
ACAD_XREC_ROUNDTRIP
360
2AD
  0
DICTIONARY
  5
2AE
330
1F0
100
AcDbDictionary
280
     1
281
     1
  3
ACAD_XREC_ROUNDTRIP
360
2AF
  0
DICTIONARY
  5
29E
330
FC
100
AcDbDictionary
280
     1
281
     1
  3
ACAD_XREC_ROUNDTRIP
360
29F
  0
DICTIONARY
  5
292
330
F6
100
AcDbDictionary
280
     1
281
     1
  3
ACAD_XREC_ROUNDTRIP
360
293
  0
DICTIONARY
  5
2B0
330
1F1
100
AcDbDictionary
280
     1
281
     1
  3
ACAD_XREC_ROUNDTRIP
360
2B1
  0
XRECORD
  5
27E
102
{ACAD_REACTORS
330
284
102
}
330
284
100
AcDbXrecord
280
     1
  1
AcDb_Thumbnail_Schema
102
{ATTRRECORD
341
27F
  2
AcDbDs::TreatedAsObjectData
280
     1
291
     1
102
ATTRRECORD}
102
{ATTRRECORD
341
280
  2
AcDbDs::Legacy
280
     1
291
     1
102
ATTRRECORD}
  2
AcDbDs::ID
280
    10
 91
        8
102
{ATTRRECORD
341
281
  2
AcDs:Indexable
280
     1
291
     1
102
ATTRRECORD}
102
{ATTRRECORD
341
282
  2
AcDbDs::HandleAttribute
280
     7
282
     1
102
ATTRRECORD}
  2
Thumbnail_Data
280
    15
 91
        0
  0
XRECORD
  5
27F
102
{ACAD_REACTORS
330
284
102
}
330
284
100
AcDbXrecord
280
     1
  1
AcDbDs::TreatedAsObjectDataSchema
  2
AcDbDs::TreatedAsObjectData
280
     1
 91
        0
  0
XRECORD
  5
280
102
{ACAD_REACTORS
330
284
102
}
330
284
100
AcDbXrecord
280
     1
  1
AcDbDs::LegacySchema
  2
AcDbDs::Legacy
280
     1
 91
        0
  0
XRECORD
  5
281
102
{ACAD_REACTORS
330
284
102
}
330
284
100
AcDbXrecord
280
     1
  1
AcDbDs::IndexedPropertySchema
  2
AcDs:Indexable
280
     1
 91
        0
  0
XRECORD
  5
282
102
{ACAD_REACTORS
330
284
102
}
330
284
100
AcDbXrecord
280
     1
  1
AcDbDs::HandleAttributeSchema
  2
AcDbDs::HandleAttribute
280
     7
 91
        1
284
     1
  0
XRECORD
  5
2B7
102
{ACAD_REACTORS
330
236
102
}
330
236
100
AcDbXrecord
280
     1
102
DISPLAYNAME
  1
Metric50
102
FLAGS
 90
        0
  0
XRECORD
  5
1FA
102
{ACAD_REACTORS
330
1F9
102
}
330
1F9
100
AcDbXrecord
280
     1
 70
     1
 90
429727718
  1
D62C5603-E3A1-4AEA-B7FB-FE5D8D0755AF
310
504B03040A0000080000CC70623B3DEE336E79000000790000001B0000006175746F6465736B2D64657369676E2D7061636B6167652E786D6C3C3F786D6C2076657273696F6E3D22312E302220656E636F64696E673D227574662D3822203F3E3C666F726D6174733E3C666F726D61743E687474703A2F2F736368656D612E
310
6175746F6465736B2E636F6D2F64657369676E2D7061636B6167652F323030393C2F666F726D61743E3C2F666F726D6174733E504B0304140006080800CC70623BD486FD9CA0000000F4000000130000005B436F6E74656E745F54797065735D2E786D6C7D8EC10E82300C865F65E91D8A1E8C310C0EEA1BF002731658846E
310
D98AC1B77784ABF1D8FE5FBFBF75BBCE937A534CCEB38643598122B6FEE978D0B0485F9C41B54DDD7D022595594E1A469170414C76A4D9A4D207E29CF43ECE46F218070CC6BECC4078ACAA135ACF422C856C0E68EA1BF5669944DDD7BCDE7B1F8E415D77AECB980613C2E4AC91FC167A2B244592486606FC29C8FD7F045B9A
310
EF7053A7E60B504B0304140006080800CC70623B853B8169EB0000007C01000008000000636F72652E786D6C8D90416EC3201045AF62CDB6C206821CC7C244919D9CA01740401C94182C03558F5F9C3852BBEB6A467FFE9B197D7EFC9E1EC5975982F5AE035262288C535E5B377690E21535501C055FBC8FBF6C503839990E
310
5619041F179FE64D52DE45E362569DD7661365082642A11EB9E920A89B99642953CC8E702F67A9EE7234257977194EC9EAE275C4EABCCF5EAD5940D4AC6F0E35A568B8F43562CD7046CD199FD07E60174276A7BE677B5EADB0E0D14EEFFB6A31321A0D82627C4084204C3F096B71DD52F6819B16635EADF63F509AF53FA164
310
5DDCD1EDDD17164090FCC8732078B56691CB33A85CD7DCC40F504B0304140006080800CC70623B55019EA25F0000007C00000007000000636E782E786D6C4DCB3B0E80201045D1AD90E915ED2CF8AC45050C11660C8261F98AB1B07AC9C97D42D718D865D3E909258CFD00CCE24AC6E326A164D74DC0B4128928FF32603847
310
2BA13128B1252AC747C6BAB984FC68F0B87FE8960A5C09FE86CFB69FBA01504B0304140006080800CC70623BDBABAAF470010000D40300000C0000006662782F636F72652E786D6CC553D16E823014FD95A6AF4B694182CC941A83FA05FB810A9511A125A5257EFE2E82712ECEB8A7F100CD39F7F69E734AF9FADC366850B6
310
AF8DCE7018308C942E4C59EB2AC3DE1D498AD15A706B8CFB56869196ADCAF00863C12B6B7C374385D14E6907A836A59A41D9F7CA615434B0C8705F7CAA5606D23BA8E84F41278B93AC54100640439DE0BDB320004D43C63716C7C399D30917DCFBBA9CD9BA8469F5B156168B24CED3F7248AC8769F27244EB73B92EED8862C
310
B7F13E0C179B3C8F979C8ECD82BBBABDAA2BAC924E9558448CBD9330242CFA08E3154B5651FCC6D215639C8EE5774DBE2B5F6CF2B5768B68963BB5F5588420E442FC700B1139D4CB01F450C1E918227C2E09DF070D8140C84E1E9AAB8F1340832A9CB13130A5F1376A908D57309505ECF2A0DF179C4E9D30F5B239B87E3823
310
7A79C6F31DE1A8A5AEC08474B03C7837EAE4938639B44E5932B833D2C6B6B279CDC613877FA26EE21F4A2A4C63EC7F29A2F301D1F9F7A0E37D145F504B0304140006080800CC70623B9C113CC27E0000009D0000000B0000006662782F636E782E786D6C4DCCDF0A83201C86E15B91DFB94BFB330DD428C8FB886521330DA7
310
6397BF1A1DECE883878F57749FCDA1B7892F1BBC047A23808C7F84D9FA55424E0BE6803A256208E9EF06C84F9B91703228B1C690F78B66B34CD9A5439DF5CF0BFBF65E35BCA1B8D6A5C6F540381E886698B5741C695F9503EBA150A2F8958E3DC3EA0B504B0304140006080800CC70623B7DF2F77C2A010000120200003100
310
00006662782F41393633353835312D344632462D344230382D423046372D3739314545314133324237412F636F72652E786D6C8D51DB8EC22014FC15C2939B0D2DB4B45643319AE817EC0F6041255A68B86CFCFC856D4D76DF7CE190393373060EDB3DC707F856CE6B6B7A480A0C81328395DA5C7B18C3057510EC3873D686
310
3F34088C18550F330C39BB3A1BA7051AAC09CA84841A2BD5020AEF55806078A44B0FFD7053A328440C89E1EFC52486BBB8AA8214A99D789CF9E05200300FC927E4FB4D5B375D43103D5527440FB843077C5AA3F5861C8F645F5787F59E95B390B318B55CE45AA638FAA2957BD7248B390B7A7CC51F9C124149C82B8C378810
310
84AB2F42B7B8DD56F413775B8C5999E9FF4471926F8AA236A1AE96B8B3CC434E5839373893369E1FAF30EA395917409EB7F26AF8801C171837A4A6AC9C89E9F9C9B1A58BA30FD6A5EF5DDDCF894B9AD9B6A59C957943A9FCAE2FD5BC4DFE03504B0304140006080800CC70623BAD7543B64E01000033030000300000006662
310
782F41393633353835312D344632462D344230382D423046372D3739314545314133324237412F636E782E786D6CD593CD6EC32010845F0571AD6CE3D48AD20813A9873E410FBD12D82434182C7EAAE6EDBB2424CD25871E7B41D6EC30B3FA84F9E67BB2E40B4234DE8DB46F1925E094D7C6ED479AD3AE5951B2113C789FEE
310
6C943839C1488B4C05DF079FE72A69D8C96C13AAD6B8631503449F83828872B949AC57D26200B826A308D316B4064D6E46FCDA41C05550DC9E483A00797BFD207EFB092A45DE9514C1BBD22178396BD39D891265658C238DEA00936C654E5E433CB65A26D9F6EDB5EBC14EBF49A45CB856E66048291F6939A9A81BB5C89177
310
38143CA680F4AA299D66A042CEB3354A2684DC9D8D178FE0D9B8B41CAAD720F880EE7EF93C0C18769E099ECC04D5A102C8049A8A05632F4DDF376CF1DE0F6BB65C2F8627B65A33C6BB62177CEBBDAD973006829F89F22E814B54F4BC2BE347F8AA8F681390B50FA73F804400B5F542E796F19FF974E7F78DB802FE05E20750
310
4B0304140006080800CC70623BE75B7789680500003C100000340000006662782F41393633353835312D344632462D344230382D423046372D3739314545314133324237412F6F626A656374732E786D6CAD575B8F9B3818FD2B887D06C22499CB8AA1CA655245D5B455A356FB305264C061D8018C6C3393D95FBFC7600890
310
A4CD5EF210B0B1BFEBF98E3F7B1FF6596ABC522E1296DF9BAE3D320D9A872C4AF2F8DE2CE5CEBA358D0FBEC719939D65A691938CDE9B6ADAF4BD98B3B2D05311DD91329583D9D5FC0F438434A7A611A644887B5384CF34233629258BA878B12322891DEFF6B66BD70BFB62634E8AE781D082709A4B588AF91C528CDA28B73F
310
1C998EEF39EABBEFA97FBD6A7C7E9553F9D3D79FE442923C3C523610337627CB87ABE99D359D4CC6D6E4FACAB5E6ABF9D2726FC6A3C5F56271377BB88362213924694B38DD99FE47C48627A1E7D49F5A8BB5E1A74C0A599ED3B0F21F1E56366B89112D681E218F0915D0D6F17AD41FBA2A369DCF6335D62ABBD39779D5DDD1
310
11D4D8DE3CBB96B2E04FB8202E41051754A1AA8E8F76B4C6DFE810B580B1547F4B84911149794252234D024EF8BBE963A95AE27B3D310A9D5C215C7960FAEE415ED75694C6AFB17BCACA5D99A60A9AA65F217B0BFC53292ACB92BF283FAD0D3621576592CB5BED907C2FA8E9DF794E35E97BEA31BED21FEB401ABB94C44839
310
DCACBF0E1C5DA8DA5B2F4DFFD32AD86F543D9E565E7056502E157C00AD2671CD534549AB752FCA9CDA00677A313F04E51B22FF19E57B300579E3C97EB29F682D92935CEC18CF901B7B54FD8C51F362B56FC72FE0B3C1EAE335EDCCBF5AEC39ADB17DC238973F804BA5E6F6BFE7AF1FB32E523BE9F3BD571418E3631DCA4D48
310
5250CF639223210A9446CA30052EDF057BD35F8329C1ECD84552BF0DC8D18BE7BCE23BFE6BD960AB4A7DE79923A103BEBD80F911CBAA2C60DB19B01CF164A5583B772EE6D3FFA56666CBCDA74DC97724A48F9A58967497E489C4D979006FD7A05E227A1EBDD0F737C623387A9C844D3709995625106D157315F8B8392CD4E0
310
A0B9A720C4BE9829CEF37EA1E13111214D53925356365ADA634861B52519DD27A00AEB808EAF0628E6F435519D446F45CF2C9CF5214F0A15B2F6D06B79DA3EE3CBF7F56780D2F4E7EF73A0F5E5B02A38D07DC852C6B7C1FBB6664213E0C39E3EBA7FF4E1AD23EA2829407C85E586727488B751B2DB9502BC7B228A3FD68B6E
310
A65A22397E690AA8D158D7E404EC8CDA235CC3B7D1898680131CEC2CDF2638C65196279577750F15884AEE19F94199155B92B13297978469D4F8D358DF0AEF7631E28DC8F0D9F437D5D39A83B2231A1D52D543813A824EF8D44BCFF2FA6A31BD1E8DAD87F1CCB526B3879935BF59CDADD5C37479BB1CDD4CA7B3556B516589
310
EF352754B706114D9C885EC9131DE6EFEB43D99AFE2391C2F958179413D7CFEF6B1B6DB1E7600F00DE6E5C67454A339A4BA2E0FBA85ED26F045D454F463DBFCE484C2F90F2E5E3666003662ED8F755951A7D1BECD5B30B550B2785C8E7320B7292A4838DDA71BBC863ED7613CAF659337A3354231D4FF4A182A54904C2898C
310
98B28C4AD0CE056CCF332A80986E571EE9DBC305BB5FEB7E509220A58D25CF042D712A806AC0AD0C657FDEF80D2D9CEAA2EE4D1C76F60BFE74219A06527D6F82DF6412526107381E55E353090704D085B52408A8913C4ED159D79BDA71BB4BC506F4831350EB6F975CD22D69BF7AC49B91A2C0A9DDA3D5CA36AD20FC478E37
310
E61844E2352865EBCB61A275A65283CAAA9DD27703B4102F5AF51EF5F573B75CBB5AD38BC845F7A49F82A0966A49C2E3EA5EA0ECD326CD965F1DB402C6FA8B51A4658C5C5E2EC9E214602E55810345408596591009A82E7E7FFACA19EEA299B14A0081A705CB3296EBC14CDF658DCD336EA6D1136881AAEB87B81AB9EE53D5
310
F5EB8BC8362082DA24122F98680A4E7930C01A0079749CEA14382A0783E5EBA5A10F8C098456A03D6A4AEB6BB881E2513747552A5DB22C7EDAF83BD5528081A365F7FF06504B0304140006080000CC70623B000000000000000000000000350000006662782F41393633353835312D344632462D344230382D423046372D37
310
39314545314133324237412F76657274696365732E62696E504B0304140006080800CC70623BF270F1330600000004000000360000006662782F41393633353835312D344632462D344230382D423046372D3739314545314133324237412F747269616E676C65732E62696E636660600000504B0304140006080000CC7062
310
3B000000000000000000000000370000006662782F41393633353835312D344632462D344230382D423046372D3739314545314133324237412F617474726962757465732E62696E504B0304140006080800CC70623B08DA0BD19000000041010000360000006662782F41393633353835312D344632462D344230382D4230
310
46372D3739314545314133324237412F6469726563746F72792E786D6C858F410AC3201045AF22B36F53E9A60B35CBEEBAE80D244E44489C6234F4F835464A48035D0DF398FF9F8AF63D0E6CC63039F212F8F9020C7D47C6792B21C5FE7403D62A1188E2E60C98D7234A5830286103A55745067B9D86B8A3CF9C7F90C11DE6
310
07FB144396D7B6A82D282E9A152AD114D5EF2CB866EEE831B8EEA07A7BB5A8D7D61A2BAAEB7FD5F70921FF497D00504B0304140006080800CC70623BEDD1DC58FD000000A00100003B0000006662782F41393633353835312D344632462D344230382D423046372D3739314545314133324237412F7265736F75726365732F
310
636F72652E786D6C8D504B6E833010BD0A9A6D65B00922041947112427E8052C33A156828DFCA97AFC9A40A576D7CDCCE87D344F8F9FBFE667F689CE6B6B3A6039850C8DB2A336530731DC4903D95970676DF82583CCC8193B5861107C72362E3BA4AC096842428D1D7107A5F7182053CF7474E0D507CE32973124857FE48B
310
540F3961CEF244279DE03EB81420DB9EAC1384436FA353E879B1B182C7A8C75DA3C7F453DF353A1075D537A7BA6464B8F535A99AE14A9A2BBD90E350DD183B5CFABE3AF262350B1EF4FC9351399401471025A527C218A1E53BAB5A5AB765F5469B96525EACF23FA6B88CFF34456DC2A1DCE36E360F82A5202F42F062ED2BAD
310
579969AFDD8A6F504B010214000A0000080000CC70623B3DEE336E79000000790000001B00000000000000000000000000000000006175746F6465736B2D64657369676E2D7061636B6167652E786D6C504B01021400140006080800CC70623BD486FD9CA0000000F40000001300000000000000000000000000B20000005B
310
436F6E74656E745F54797065735D2E786D6C504B01021400140006080800CC70623B853B8169EB0000007C010000080000000000000000000000000083010000636F72652E786D6C504B01021400140006080800CC70623B55019EA25F0000007C000000070000000000000000000000000094020000636E782E786D6C504B
310
01021400140006080800CC70623BDBABAAF470010000D40300000C00000000000000000000000000180300006662782F636F72652E786D6C504B01021400140006080800CC70623B9C113CC27E0000009D0000000B00000000000000000000000000B20400006662782F636E782E786D6C504B01021400140006080800CC70
310
623B7DF2F77C2A010000120200003100000000000000000000000000590500006662782F41393633353835312D344632462D344230382D423046372D3739314545314133324237412F636F72652E786D6C504B01021400140006080800CC70623BAD7543B64E010000330300003000000000000000000000000000D2060000
310
6662782F41393633353835312D344632462D344230382D423046372D3739314545314133324237412F636E782E786D6C504B01021400140006080800CC70623BE75B7789680500003C10000034000000000000000000000000006E0800006662782F41393633353835312D344632462D344230382D423046372D3739314545
310
314133324237412F6F626A656374732E786D6C504B01021400140006080000CC70623B0000000000000000000000003500000000000000000000000000280E00006662782F41393633353835312D344632462D344230382D423046372D3739314545314133324237412F76657274696365732E62696E504B01021400140006
310
080800CC70623BF270F133060000000400000036000000000000000000000000007B0E00006662782F41393633353835312D344632462D344230382D423046372D3739314545314133324237412F747269616E676C65732E62696E504B01021400140006080000CC70623B0000000000000000000000003700000000000000
310
000000000000D50E00006662782F41393633353835312D344632462D344230382D423046372D3739314545314133324237412F617474726962757465732E62696E504B01021400140006080800CC70623B08DA0BD1900000004101000036000000000000000000000000002A0F00006662782F41393633353835312D344632
310
462D344230382D423046372D3739314545314133324237412F6469726563746F72792E786D6C504B01021400140006080800CC70623BEDD1DC58FD000000A00100003B000000000000000000000000000E1000006662782F41393633353835312D344632462D344230382D423046372D3739314545314133324237412F7265
310
736F75726365732F636F72652E786D6C504B0506000000000E000E0080040000641100000000
  0
XRECORD
  5
1F8
102
{ACAD_REACTORS
330
1F7
102
}
330
1F7
100
AcDbXrecord
280
     1
 70
     1
 90
429727718
  1
30362254-06B7-45E0-A893-8CFA70E3D6BC
310
504B03040A0000080000CC70623B3DEE336E79000000790000001B0000006175746F6465736B2D64657369676E2D7061636B6167652E786D6C3C3F786D6C2076657273696F6E3D22312E302220656E636F64696E673D227574662D3822203F3E3C666F726D6174733E3C666F726D61743E687474703A2F2F736368656D612E
310
6175746F6465736B2E636F6D2F64657369676E2D7061636B6167652F323030393C2F666F726D61743E3C2F666F726D6174733E504B0304140006080800CC70623BD486FD9CA0000000F4000000130000005B436F6E74656E745F54797065735D2E786D6C7D8EC10E82300C865F65E91D8A1E8C310C0EEA1BF002731658846E
310
D98AC1B77784ABF1D8FE5FBFBF75BBCE937A534CCEB38643598122B6FEE978D0B0485F9C41B54DDD7D022595594E1A469170414C76A4D9A4D207E29CF43ECE46F218070CC6BECC4078ACAA135ACF422C856C0E68EA1BF5669944DDD7BCDE7B1F8E415D77AECB980613C2E4AC91FC167A2B244592486606FC29C8FD7F045B9A
310
EF7053A7E60B504B0304140006080800CC70623B1EC5D7A3EB0000007C01000008000000636F72652E786D6C8D90416EC3201045AF82665B6103C6756C6122AB4D4ED00B204C5C94182C03558F5F9C3852BBEB6A467FFE9B197D71FC9E6FE8CBACC17AD7032D0820E3B41FAD9B7A48F1820F808E52ACDEC75F36404ECDA687
310
4D0629A6D5A76597B477D1B89855E747B38B2A041301E95B6E7A08FAD3CCAA50296647B8168BD2573599823EBB0CA76447F43862C7BCCF5EAC59410E4DDD9C7973C2755553CCCFA4C603E3040F1565ED3B1FDE4E432BCA0D9622DAF9795FAF464533826484B498524CD807E51D79ED187F21878E10516EF63F505AC67F42C9
310
BA58B1FDDD071640D2FCC87D2045B96591CB3DA85CB7DCE40F504B0304140006080800CC70623B55019EA25F0000007C00000007000000636E782E786D6C4DCB3B0E80201045D1AD90E915ED2CF8AC45050C11660C8261F98AB1B07AC9C97D42D718D865D3E909258CFD00CCE24AC6E326A164D74DC0B4128928FF32603847
310
2BA13128B1252AC747C6BAB984FC68F0B87FE8960A5C09FE86CFB69FBA01504B0304140006080800CC70623B8C9102E971010000D40300000C0000006662782F636F72652E786D6CC5535B6E833010BC8AE5DF0A6C08340F1947A84D4ED00B38C6A128602363A31CBFCB234A53A551FA553EC09AD9F5CE8C31DB9E9B1AF5CA
310
7695D1198E428A91D2D214952E33ECDD315861B4E5CC1AE3BE9561A445A3323CC098B3D21ADFCE9034DA29ED00D5A6503328BA4E398C640D8B0C77F253352214DE4145770A5B214FA2546114020D759C75CE8200340D19DE981F0F6746269C33EFAB6266AB02A655C74A59CCF365BADC27CB5D902ED22848F6340DF238A141
310
BE88E2F57B92BFEDF23523433367AE6A2EEAA455C2A902F398D2751045018D3FA264435F3771F242571B4A1919CA6F9A7C5B3CD9E42BED16F12C776AEB308F40C848FC700B1139D4891EF410CEC810227CC6846F8386402064270EF5C5C709A05E49676C024C61FC95EA45ED154CA5211D1FF4FB8291A913A68E9B83EBBB33
310
E2A7673CDE118E5AE8124C0807CB8377834E366998436B950D7A7746DAD846D4CFD978E0F04FD455FC5D49D2D4C6FE9722321F10997F0F32DC47FE05504B0304140006080800CC70623BFFEA85907E0000009D0000000B0000006662782F636E782E786D6C4DCCD10A83201886E15B91FFDC95D95A811AB6F23E625948A6C3
310
E9D8E5AF46073BFAE0E1E365ED67B3E8ADC3CB78C7815C7240DA3DFC64DCC221C519D7805AC182F7F1EF06C88D9BE6703008B6049F9E274D7A1E938DBB5AE3D6131B2589BA0D3D965551E0B2EA732C9B9A624AAEB41E3A557677029960D9AFB4EF11165F504B0304140006080800CC70623B4FEEA4082C0100001202000031
310
0000006662782F39464131463745442D413632322D343644302D413938332D3331353338454246344243312F636F72652E786D6C8D515B6EC32010BC0AE2AB55850DD871ED0813254D72825EC00192A2C460F1A872FC42ED48ED5F7E00CDCECCCEB26C731F6FE05B39AFADE921293004CA082BB5B9F43086336A21D870E6AC
310
0D7F68109861543DCC30E4ECE26C9C164858139409093556AA051CBC570102714B8F1E7AF1A5C6A11862480C7F2DA6415C878B2A4891CA89C7990F2E050073937C42DE1DB7E4F87ED8A36D4329AA9B3D46DBAEAD504556557BD81DEBDD0761E52CE42C462D17B996298E3E6BE59E35C962CE821E1FF18553435012728A7187
310
0841987E927A8D9B35ADDF70BBC6989599FE4F1427F9A4286A132ABAC49D651EF234CD5CE04CDA78BA3DC2A8FB645D00B9DF8B57E215725C60BCA2A463E54C4CE327C7A65E1C7DB02E7DEFCBF594B864C5CA6CDBD49C957943E9FA5D5FBAF336F90F504B0304140006080800CC70623BAD7543B64E01000033030000300000
310
006662782F39464131463745442D413632322D343644302D413938332D3331353338454246344243312F636E782E786D6CD593CD6EC32010845F0571AD6CE3D48AD20813A9873E410FBD12D82434182C7EAAE6EDBB2424CD25871E7B41D6EC30B3FA84F9E67BB2E40B4234DE8DB46F1925E094D7C6ED479AD3AE5951B2113C
310
789FEE6C943839C1488B4C05DF079FE72A69D8C96C13AAD6B8631503449F83828872B949AC57D26200B826A308D316B4064D6E46FCDA41C05550DC9E483A00797BFD207EFB092A45DE9514C1BBD22178396BD39D891265658C238DEA00936C654E5E433CB65A26D9F6EDB5EBC14EBF49A45CB856E66048291F6939A9A81BB5
310
C8917738143CA680F4AA299D66A042CEB3354A2684DC9D8D178FE0D9B8B41CAAD720F880EE7EF93C0C18769E099ECC04D5A102C8049A8A05632F4DDF376CF1DE0F6BB65C2F8627B65A33C6BB62177CEBBDAD973006829F89F22E814B54F4BC2BE347F8AA8F681390B50FA73F804400B5F542E796F19FF974E7F78DB802FE05
310
E207504B0304140006080800CC70623B16AB87BA640500003C100000340000006662782F39464131463745442D413632322D343644302D413938332D3331353338454246344243312F6F626A656374732E786D6CAD575B6FA33818FD2B887DE6924B3BED8A326A92B68A663B534DD4D13E548A0C38942D60649B369D5FBFC7
310
600890A493BDE42160637FD7F31D7FF63E6FB3D478A55C242CBF3247B66B1A340F5994E4F19559CA8D75611A9F7D8F33263BCB4C232719BD32D5B4E97B316765A1A722BA21652A07B3B7B33F0D11D29C9A46981221AE4C113ED38CD8A4942CA2E2C58E882476BCD9DA23BB5ED8171B73523C0F841684D35CC252CCE79062D4
310
468DFA43D7747CCF51DF7D4FFDEB5593E3AB9CCA9FBEFE241792E4E19EB28198C968BAB8199F5D5A67D3E9C49A9E8F47D6EC76B6B0469F26EEFC7C3EBFBCBEB98462213924694B38DD98FE1D62C393D073EA4FADC5DAF04326852CCF6958F90F0F2B9BB5C48816348F90C7840A68EB78EDF68723159BCEE7891A6B95DDE9D3
310
BCEAEEE8086A6C6F9E5D4B59F0175C10A7A0820BAA5055C7473B5AE3CFDD452D602CD5DF12616444529E90D448938013FE6EFA58AA96F85E4F8C42275708571E98FE6827AF6B2B4AE3D7D83D64E5A64C53054DD3AF90BD06FEA9149565C94FCA0F6B834DC85599E4F2423B24DF0B6AFA979E534DFA9E7A4CC6FA631D486393
310
921829879BF5D781A373557BCB85E97FB90DB62B558F8795179C15944B051F40AB495CF35451D26A4727654E6D8033BD98EF82F21D91FF8AF2DD9982BCF1643BDD4EB516C9492E368C67C88DED563FC36D5EACF66DFF057C3658BDBFA69DF9578B3DA735B64F18C7F20770A9D45CFCF7FCF563D6456A277DBEF78A02637CA2
310
43B90A490AEAB94F72244481D24819A6C0E59B606BFA4B3025981DBB48EAB701D97BF19C577CC77F2D1B6C55A9EF3C732474C0B727303F625995056C3B02963D9EAC146BE78EC5FCEC7FA999EBC5EACBAAE41B12D27B4D2C0BBA49F244E2ECDC81B76B502F113D8F5EE8FB1BE3111CDD4FC2AA9B844CAB1288B68AB90A7CDC
310
1C166AB0D3DC5310625FCC14E779BFD0709F8890A629C9292B1B2DED31A4B0DA928CEE135085754027E3018A397D4D5427D15BD1330B677DC8934285AC3DF45A9EB68FF8F2B8FC0A509AFEECFD0FF2DE25CC6047F7214B195F07EFEB9A094D800F7BFAE8FED187B78EA8A3A400F115961BCAD1215E47C966530AF0EE8128FE
310
58CEBB996A8964FFA529A046635D9353B0336A8F700DDF46271A024E70B0B37C9DE01847591E54DED53D54202AB947E4076556AC49C6CA5C9E1226B7F1A7B1BE15DEED62C41B91E1B3E9AFAAA735036547343A925075041DF0A9979E893B391F8FCFA6967B3EFB644DCF6E5CEBFAE272625DCC6FAF3FB93793C5F90CE1EF57
310
407342756B10D1C489E8953CD1617E5CEECAD6F4EF8914CE5D5D504E5C3F1F9736DA62CFC11E00BCDDB8CC8A9466349744C1F75EBDA4DF09BA8A9E8C7A7E9991989E20E5DBDD6A6003664ED8F7A04A8DBE0DF6EAD9B9AA858342E47399053949D2C146EDB85DE4B176BB0965FBAC19BD19AA918E27FA50C1D22402E144464C
310
59462568E704B6E71915404CB72B8FF4EDE184DDAF753F284990D2C6926782963815403548A70C657FDEF80D2D9CEAA2AE4C1C76F60BFE74219A06527D6582DF6412526107381E55E353090704D085B52408D0933C4ED159D79BDA71BB4BC506F4831350EB6F979CD22D69BF7AC49B91A2C0A9DDA3D5CA36AD20FC478E37E6
310
1844E2352865EBCB6EA275A652E3836BE04EFB400BF1A2556F515F1FBB35B2AB35BD889C744FFA1004B5544B121E57F70215746DD2F5E2C1412B602CBF19455AC6C8E5E9922C4E01E65215385004546899059180EAFCF7A707CE7017CD8CDB0410789AB32C63B91E5CEBBBACB17AC6CD347A022D5075FD106377347AAABA7E
310
7D11590744509B44E205134DC1290F06580320F78E537D3D73540E06CB970B431F185308AD40BBD794D6D77003C5A36E8EAA54BA64597CD8F83BD552A080A365F7FF06504B0304140006080000CC70623B000000000000000000000000350000006662782F39464131463745442D413632322D343644302D413938332D3331
310
353338454246344243312F76657274696365732E62696E504B0304140006080800CC70623BF270F1330600000004000000360000006662782F39464131463745442D413632322D343644302D413938332D3331353338454246344243312F747269616E676C65732E62696E636660600000504B0304140006080000CC70623B
310
000000000000000000000000370000006662782F39464131463745442D413632322D343644302D413938332D3331353338454246344243312F617474726962757465732E62696E504B0304140006080800CC70623B08DA0BD19000000041010000360000006662782F39464131463745442D413632322D343644302D413938
310
332D3331353338454246344243312F6469726563746F72792E786D6C858F410AC3201045AF22B36F53E9A60B35CBEEBAE80D244E44489C6234F4F835464A48035D0DF398FF9F8AF63D0E6CC63039F212F8F9020C7D47C6792B21C5FE7403D62A1188E2E60C98D7234A5830286103A55745067B9D86B8A3CF9C7F90C11DE607
310
FB144396D7B6A82D282E9A152AD114D5EF2CB866EEE831B8EEA07A7BB5A8D7D61A2BAAEB7FD5F70921FF497D00504B0304140006080800CC70623B0D6EF93BFE000000A00100003B0000006662782F39464131463745442D413632322D343644302D413938332D3331353338454246344243312F7265736F75726365732F63
310
6F72652E786D6C8D50596E833010BD0A9ADFCA60B334011947A8694ED00B586642AC041B79A97AFC9A40A5F6AF3F33A3B7689E1E3F7DCD8FEC139DD7D6F4C0720A191A65476DA61E62B892236427C19DB5E1970C322367EC618541F0C9D9B8EC90B226A009093576C41D94DE63804C3DD2D18357379C652E63480A7FCF17A9
310
EE72C29CE5894E3AC17D702940B63D59270887DE46A7D0F36263058F518FBB468FE9A7BE6A7420864373B8D4873369AA8691FA421B3294352543C5CAF65C0F6FEF43CB8BD52C78D0F34F46E550061C419494B6843142CB0F5677F4B52BEB177AEC28E5C52AFF638ACBF84F53D42654E51E77B379102C05791282176B5F693D
310
CB4C7BED567C03504B010214000A0000080000CC70623B3DEE336E79000000790000001B00000000000000000000000000000000006175746F6465736B2D64657369676E2D7061636B6167652E786D6C504B01021400140006080800CC70623BD486FD9CA0000000F40000001300000000000000000000000000B20000005B
310
436F6E74656E745F54797065735D2E786D6C504B01021400140006080800CC70623B1EC5D7A3EB0000007C010000080000000000000000000000000083010000636F72652E786D6C504B01021400140006080800CC70623B55019EA25F0000007C000000070000000000000000000000000094020000636E782E786D6C504B
310
01021400140006080800CC70623B8C9102E971010000D40300000C00000000000000000000000000180300006662782F636F72652E786D6C504B01021400140006080800CC70623BFFEA85907E0000009D0000000B00000000000000000000000000B30400006662782F636E782E786D6C504B01021400140006080800CC70
310
623B4FEEA4082C0100001202000031000000000000000000000000005A0500006662782F39464131463745442D413632322D343644302D413938332D3331353338454246344243312F636F72652E786D6C504B01021400140006080800CC70623BAD7543B64E010000330300003000000000000000000000000000D5060000
310
6662782F39464131463745442D413632322D343644302D413938332D3331353338454246344243312F636E782E786D6C504B01021400140006080800CC70623B16AB87BA640500003C1000003400000000000000000000000000710800006662782F39464131463745442D413632322D343644302D413938332D3331353338
310
454246344243312F6F626A656374732E786D6C504B01021400140006080000CC70623B0000000000000000000000003500000000000000000000000000270E00006662782F39464131463745442D413632322D343644302D413938332D3331353338454246344243312F76657274696365732E62696E504B01021400140006
310
080800CC70623BF270F133060000000400000036000000000000000000000000007A0E00006662782F39464131463745442D413632322D343644302D413938332D3331353338454246344243312F747269616E676C65732E62696E504B01021400140006080000CC70623B0000000000000000000000003700000000000000
310
000000000000D40E00006662782F39464131463745442D413632322D343644302D413938332D3331353338454246344243312F617474726962757465732E62696E504B01021400140006080800CC70623B08DA0BD190000000410100003600000000000000000000000000290F00006662782F39464131463745442D413632
310
322D343644302D413938332D3331353338454246344243312F6469726563746F72792E786D6C504B01021400140006080800CC70623B0D6EF93BFE000000A00100003B000000000000000000000000000D1000006662782F39464131463745442D413632322D343644302D413938332D3331353338454246344243312F7265
310
736F75726365732F636F72652E786D6C504B0506000000000E000E0080040000641100000000
  0
XRECORD
  5
175
102
{ACAD_REACTORS
330
173
102
}
330
173
100
AcDbXrecord
280
     1
270
     1
271
     1
  0
XRECORD
  5
174
102
{ACAD_REACTORS
330
173
102
}
330
173
100
AcDbXrecord
280
     1
270
     1
271
     1
  0
XRECORD
  5
1FB
102
{ACAD_REACTORS
330
173
102
}
330
173
100
AcDbXrecord
280
     1
 70
     0
 90
1673772943
  1
ECE7A1D2-D628-4531-984C-D00F80459256
310
504B03040A0000080000CC70623B3DEE336E79000000790000001B0000006175746F6465736B2D64657369676E2D7061636B6167652E786D6C3C3F786D6C2076657273696F6E3D22312E302220656E636F64696E673D227574662D3822203F3E3C666F726D6174733E3C666F726D61743E687474703A2F2F736368656D612E
310
6175746F6465736B2E636F6D2F64657369676E2D7061636B6167652F323030393C2F666F726D61743E3C2F666F726D6174733E504B0304140006080800CC70623BD486FD9CA0000000F4000000130000005B436F6E74656E745F54797065735D2E786D6C7D8EC10E82300C865F65E91D8A1E8C310C0EEA1BF002731658846E
310
D98AC1B77784ABF1D8FE5FBFBF75BBCE937A534CCEB38643598122B6FEE978D0B0485F9C41B54DDD7D022595594E1A469170414C76A4D9A4D207E29CF43ECE46F218070CC6BECC4078ACAA135ACF422C856C0E68EA1BF5669944DDD7BCDE7B1F8E415D77AECB980613C2E4AC91FC167A2B244592486606FC29C8FD7F045B9A
310
EF7053A7E60B504B0304140006080800CC70623BD9DDAED0EC0000007C01000008000000636F72652E786D6C8D90416EC3201045AF82665B61836D9CD8C2444DD39CA01740405C94182C03558F5F9C3852BBEB6A467FFE9B197D7EF89E6EE8CB2CC17A37002D0820E394D7D68D03A478C17B4007C117EFE32F1B20272733C0
310
2A83E0E3E2D3BC49CABB685CCCAAF3DA6CA20CC14440EA969B0182FA34932C648AD911AEC52CD5558EA6A0CF2EC329598D1E47ACCEFBECC59A050463A7EA5833865FEBDD0E37353BE3EE8DBDE3F6786A48D375FBF6CC78B9C282473B3DEFABC5C86834888A900E538A49F5419B9EB47DD5BC907D4F082F57FB1F28CDFA9F50
310
B22ED6D5F6EE030B20687EE43E10BC5CB3C8E51E54AE6B6EE207504B0304140006080800CC70623B55019EA25F0000007C00000007000000636E782E786D6C4DCB3B0E80201045D1AD90E915ED2CF8AC45050C11660C8261F98AB1B07AC9C97D42D718D865D3E909258CFD00CCE24AC6E326A164D74DC0B4128928FF326038
310
472BA13128B1252AC747C6BAB984FC68F0B87FE8960A5C09FE86CFB69FBA01504B0304140006080800CC70623BA24EB22D72010000D40300000C0000006662782F636F72652E786D6CC5535B6E833010BC8AE5DF0A6C5E49888CA3A6694ED00B38E05014B091B1518EDFE511A5A9D228FD2A1F60CDEC7A67C6986DCE4D8D7A
310
69BA4AAB0C073EC548AA5C17952A33ECECD15B61B4E1CC686DBF9561A44423333CC098B3D268D7CE50AE9595CA02AA74216750749DB418E5352C32DCE59FB211BE70162ABA93DF8AFC244AE9073ED050C759670D0840D390E18DF9F1706664C23973AE2A66B62A605A75ACA4C13C4976E1364A12EF355A2EBD384AF65EFA96
310
BC7B8BED2EA6719AAE16FB8491A199335B351775B991C2CA02F390D2D40B028F861F41BCA68B7518BFD0D59A524686F29B26D7164F36B94AD9289CE54E6D1DE6010819891F6E21228B3AD1831EC219194284CF98F06DD01008846CC5A1BEF83801D4CBDC6A1303536877A57A513B0953A94FC707FDBE6064EA84A9E3E6E0FA
310
EE8CF0E9198F7784A316AA0413C2C2F2E0ECA0934D1AE6D05A69BCDE9E91D2A611F573361E38FC1375157F5752AE6B6DFE4B11990F88CCBF0719EE23FF02504B0304140006080800CC70623B408A7D3B7C0000009D0000000B0000006662782F636E782E786D6C4DCCD10A83201886E15B91FFDC552A92A0064DBC8F581632
310
D3703A76F9ABD1C18E3E78F878E5F0D9027ABBFCF2292AE86E2D20171F69F6715550CB827B40839639A5F2770314A7CD293819B45C73AAFB45B35BA61ACAA1C1C7E7855C58C15BC331339661262CC762340413D68D77DA5B42298546CBE6573AF60CEB2F504B0304140006080800CC70623B449FB9BD290100001202000031
310
0000006662782F36394639363044362D344446342D343946362D394244322D3234314243333846323333332F636F72652E786D6C8D515B6EC32010BC0AE22B55850D98B871848994463E412FE002495162B07854397EA176A4F62F3F2C9A9D991D587EB84F37F0AD7D30CEF6905418026DA553C65E7A98E219ED203808EE9D
310
8B7F6810D871D23D2C3014FCE25D9A57483A1BB58D19B54EE9151C43D0110279CB971E06F9A5A7B11A53CC8C70ADE6515EC78BAE4895DB992778883E0700CB907242D17643D7E2538BD869608875438BBAE38922CAC8F1BDD90DB4691A5E2F42C153326A951B95E398B3D1FE599322163C9AE9115F7A3D46ADA0A018778810
310
84E907617BDCEE297BC5BB3DC6BC2EF47FA234AB2745C9D8D8D035EE220B50105E2F0DC1954B9FB747187D9F9D8FA0CCDB042D5FA0C015C65B42DF78BD10F3F3B363CB56C7109DCFDFBBB97E662ED92EB62D13BC2E1BCAE5777DB9966D8A1F504B0304140006080800CC70623BAD7543B64E01000033030000300000006662
310
782F36394639363044362D344446342D343946362D394244322D3234314243333846323333332F636E782E786D6CD593CD6EC32010845F0571AD6CE3D48AD20813A9873E410FBD12D82434182C7EAAE6EDBB2424CD25871E7B41D6EC30B3FA84F9E67BB2E40B4234DE8DB46F1925E094D7C6ED479AD3AE5951B2113C789FEE
310
6C943839C1488B4C05DF079FE72A69D8C96C13AAD6B8631503449F83828872B949AC57D26200B826A308D316B4064D6E46FCDA41C05550DC9E483A00797BFD207EFB092A45DE9514C1BBD22178396BD39D891265658C238DEA00936C654E5E433CB65A26D9F6EDB5EBC14EBF49A45CB856E66048291F6939A9A81BB5C89177
310
38143CA680F4AA299D66A042CEB3354A2684DC9D8D178FE0D9B8B41CAAD720F880EE7EF93C0C18769E099ECC04D5A102C8049A8A05632F4DDF376CF1DE0F6BB65C2F8627B65A33C6BB62177CEBBDAD973006829F89F22E814B54F4BC2BE347F8AA8F681390B50FA73F804400B5F542E796F19FF974E7F78DB802FE05E20750
310
4B0304140006080800CC70623B8D05915C650500003B100000340000006662782F36394639363044362D344446342D343946362D394244322D3234314243333846323333332F6F626A656374732E786D6CAD575B6FA33814FE2B887D06429276DA1565D4266D158D3A339A6846FB502932E050B66023DB74D2FDF5FB190C01
310
9276B2973C046C8ECFF53B17071F77456EBD502133CEAE6CDF9DD81665314F32965ED995DA3A17B6F5310C04E7AA47665B8C14F4CAD6DB7618A48257A5D94AE89654B91AEDDEDDFC61C998326A5B714EA4BCB265FC440BE2924AF184CA6737218AB8E976E7FA6E4338649B0A523E8D98964450A6A029F619B8588D52FE7039
310
B1BD30F0F4F730D0FF866AF6369557DB33949F31A9088B0F848DD8CCFCF9F2767A76E99CCDE733677E3EF59D9BBB9BA5E37F984D16E78BC5E5F5ED25044B25C0C96822E8D60EEFE11B91C581D77CEA34368A1F5329E68CD1B8B61F16D63A1B8E092D294B10C78C4A48EB593D192E7DED9BDEE7995E1B91FDEDD3ACEA9FE831
310
6A756F9F7D4D79F4274C90A7A04248AA51D5F8C718DAE06FB2F75AC4796EBE65D22A88A22223B995679120E2D50E41AA49C260C046A35368846B0BECD0DFF3EBEB8AD4F835768F69B9ADF25C43D30E6B646F807FAA64AD59F61715C7A54127C4AACA98BA3006A9D792DAE165E0D59B61A01FB3A9F9D838D2DAE62445C86166
310
F37564E842E7DE6A69879FEEA2DD5AE7E371E1A5E025154AC307D06A03D73EB5978C58FFA4C8E9033066E0F3BD53BEC1F39F91BE7B55103791EDE6BBB991A2046172CB4581D8B893FA674DDA17A77B3B7C413D1B511FD2743BFF8A38F03A658705E3ADF8015C3A3417FF3D7E439FF591DA0B5F18BC20C1B8981957AE6392A3
310
F43C640C01D1A0B4728E2DD4F26DB4B3C3152A252A3B4E913CEC1C72F012782FF88EFF8637AA552DBEF76408E8A8DE9E50F9E1CB3A2DA0DB1B6039A893B56063DC5B3E3FFB5F72E67AB9FEB4AEC496C4F4C1149625DD662C53E89D7BF0F6151A046260D1337DFDC94502430F83B0EE07A130A224BCAD7DAE1D9FB6CD422FF6
310
920702629C4BB9AE79C12F243C6432A6794E18E5552BA56B431AAB5D91317302B2B071E86C3A42B1A02F999E24061403B5D0EB639195DA655DD3EBEAB4FB862DDF579F014AD0E73C22F99E28DA57FB98E75C6CA2D74D53086D600F4786E0FE3144B771A8A7B900F03594DB8A633CBC49B2EDB69228BB479CF863B5E807AAAB
310
23872F6DFEB4129B949CA33823F58830E86D65621E10047D9DB34D862E8EAC3C2ABC2F7B2C40D67CDFE01F5545B92105AF983AC54D93D69E56FB8E797F88913F898A9FEC705D3F9D1B54EC8426FB500D40A03BD0119B06E1B95DDC7EB8F6975367793EBD70E66733DFB9BC982F9CE564727731999F5D4ECFCE3B8D6A4DC2A0
310
6D50FD148437D110834A64C6CDDF57FBACB5C307A2A477DFE4939736CFEF2B175371E0E10CF0DD1D5C15654E0BCA14D1E87DD02FF93782A162C0A3D95F1524A52770F972BF1EE9809D13CE7DD599467F8ECE9ADD85CE85A34CD45355448C64F9E8A031DC2D596ACC6E5DD93D9B82DE2EF5CAF81363A8E47996A0DE24564A79
310
4115AACE09C55E14540231FDA13C319787134EBF34E3A022514E5B4D9E0826E25C02D5805B15ABE1BEF51B26383D445DD9E875EE33FE4C22DA16427D65A3BCA92CA6D28DD01DF5DC53330704308475351050232CCD31583787BA75774AFB06E5070DD0C8EF484E19968C5D83BA5B90B244D31E54D55A372320FE4786B7EA58
310
44E135AA5467CB7EA333A61683CC6A8C3257034C10CF46F40EF9F5BE59BE5BD30C3C72D235E95D10345C1D45445A5F0BB47E46A5EBE5570F9380B5FA629579952296A773720405982B9DE04011506178964401AA8BDF1FBF0A8EAB6861DD6580C0E38217056766716DAEB2D6FA0917D3E4116581EADB879C4E7CFFB11EFACD
310
3D641311495D92C8676CB409A72D18610D803CE8A626049E8EC1887CB5B44CC39883690DDA8399B4B9855B481E7D71D4A9D22F96E5BB73BF5793020C02137BF837504B0304140006080000CC70623B000000000000000000000000350000006662782F36394639363044362D344446342D343946362D394244322D32343142
310
43333846323333332F76657274696365732E62696E504B0304140006080800CC70623BF270F1330600000004000000360000006662782F36394639363044362D344446342D343946362D394244322D3234314243333846323333332F747269616E676C65732E62696E636660600000504B0304140006080000CC70623B0000
310
00000000000000000000370000006662782F36394639363044362D344446342D343946362D394244322D3234314243333846323333332F617474726962757465732E62696E504B0304140006080800CC70623B08DA0BD19000000041010000360000006662782F36394639363044362D344446342D343946362D394244322D
310
3234314243333846323333332F6469726563746F72792E786D6C858F410AC3201045AF22B36F53E9A60B35CBEEBAE80D244E44489C6234F4F835464A48035D0DF398FF9F8AF63D0E6CC63039F212F8F9020C7D47C6792B21C5FE7403D62A1188E2E60C98D7234A5830286103A55745067B9D86B8A3CF9C7F90C11DE607FB14
310
4396D7B6A82D282E9A152AD114D5EF2CB866EEE831B8EEA07A7BB5A8D7D61A2BAAEB7FD5F70921FF497D00504B0304140006080800CC70623BCA768048FE000000A00100003B0000006662782F36394639363044362D344446342D343946362D394244322D3234314243333846323333332F7265736F75726365732F636F72
310
652E786D6C8D50596E833010BD0A9ADFCA60D600328E9AA639412F609909B1126CE4A5EAF16B0295DABFFECC8CDEA2797AECF8353F924FB44E193D409E5248504B332A3D0D10FC95B4901C39B3C6F85F3248B49871801506CE266BC2B243D2688FDA47549B11775038871E12F988C7004EDE7016A9083E2ADC3D5D84BC8B09
310
D33C8D74D471E6BC8D0192EDC93A815B742658898E651BCB59086ADC356A8C3FD555A1055ED7E7E254D615792D0F075295F585746FF53B694EE78A565DD736979A65AB9933AFE69F8CD2A2F038022F28ED489E135A7CE4554F9BBEA85E68DB53CAB255FEC71496F19FA6A0B42F8B3DEE6673C0F318E4497096AD7DC5F52C33
310
EEB55BFE0D504B010214000A0000080000CC70623B3DEE336E79000000790000001B00000000000000000000000000000000006175746F6465736B2D64657369676E2D7061636B6167652E786D6C504B01021400140006080800CC70623BD486FD9CA0000000F40000001300000000000000000000000000B20000005B436F
310
6E74656E745F54797065735D2E786D6C504B01021400140006080800CC70623BD9DDAED0EC0000007C010000080000000000000000000000000083010000636F72652E786D6C504B01021400140006080800CC70623B55019EA25F0000007C000000070000000000000000000000000095020000636E782E786D6C504B0102
310
1400140006080800CC70623BA24EB22D72010000D40300000C00000000000000000000000000190300006662782F636F72652E786D6C504B01021400140006080800CC70623B408A7D3B7C0000009D0000000B00000000000000000000000000B50400006662782F636E782E786D6C504B01021400140006080800CC70623B
310
449FB9BD290100001202000031000000000000000000000000005A0500006662782F36394639363044362D344446342D343946362D394244322D3234314243333846323333332F636F72652E786D6C504B01021400140006080800CC70623BAD7543B64E010000330300003000000000000000000000000000D20600006662
310
782F36394639363044362D344446342D343946362D394244322D3234314243333846323333332F636E782E786D6C504B01021400140006080800CC70623B8D05915C650500003B10000034000000000000000000000000006E0800006662782F36394639363044362D344446342D343946362D394244322D32343142433338
310
46323333332F6F626A656374732E786D6C504B01021400140006080000CC70623B0000000000000000000000003500000000000000000000000000250E00006662782F36394639363044362D344446342D343946362D394244322D3234314243333846323333332F76657274696365732E62696E504B010214001400060808
310
00CC70623BF270F13306000000040000003600000000000000000000000000780E00006662782F36394639363044362D344446342D343946362D394244322D3234314243333846323333332F747269616E676C65732E62696E504B01021400140006080000CC70623B00000000000000000000000037000000000000000000
310
00000000D20E00006662782F36394639363044362D344446342D343946362D394244322D3234314243333846323333332F617474726962757465732E62696E504B01021400140006080800CC70623B08DA0BD190000000410100003600000000000000000000000000270F00006662782F36394639363044362D344446342D
310
343946362D394244322D3234314243333846323333332F6469726563746F72792E786D6C504B01021400140006080800CC70623BCA768048FE000000A00100003B000000000000000000000000000B1000006662782F36394639363044362D344446342D343946362D394244322D3234314243333846323333332F7265736F
310
75726365732F636F72652E786D6C504B0506000000000E000E0080040000621100000000
  0
XRECORD
  5
176
102
{ACAD_REACTORS
330
173
102
}
330
173
100
AcDbXrecord
280
     1
270
     1
271
     1
  0
XRECORD
  5
177
102
{ACAD_REACTORS
330
173
102
}
330
173
100
AcDbXrecord
280
     1
270
     1
271
     1
  0
XRECORD
  5
2B6
102
{ACAD_REACTORS
330
234
102
}
330
234
100
AcDbXrecord
280
     1
102
DISPLAYNAME
  1
Metric50
102
FLAGS
 90
        0
  0
CELLSTYLEMAP
  5
27C
102
{ACAD_REACTORS
330
162
102
}
330
162
100
AcDbCellStyleMap
 90
        3
300
CELLSTYLE
  1
TABLEFORMAT_BEGIN
 90
        5
170
     1
 91
        0
 92
    32768
 62
   257
 93
        1
300
CONTENTFORMAT
  1
CONTENTFORMAT_BEGIN
 90
        0
 91
        0
 92
      512
 93
        0
300

 40
0.0
140
1.0
 94
        5
 62
     0
340
11
144
6.0
309
CONTENTFORMAT_END
171
     1
301
MARGIN
  1
CELLMARGIN_BEGIN
 40
1.5
 40
1.5
 40
1.5
 40
1.5
 40
4.5
 40
4.5
309
CELLMARGIN_END
 94
        6
 95
        1
302
GRIDFORMAT
  1
GRIDFORMAT_BEGIN
 90
        0
 91
        1
 62
     0
 92
       -2
340
14
 93
        0
 40
1.125
309
GRIDFORMAT_END
 95
        2
302
GRIDFORMAT
  1
GRIDFORMAT_BEGIN
 90
        0
 91
        1
 62
     0
 92
       -2
340
14
 93
        0
 40
1.125
309
GRIDFORMAT_END
 95
        4
302
GRIDFORMAT
  1
GRIDFORMAT_BEGIN
 90
        0
 91
        1
 62
     0
 92
       -2
340
14
 93
        0
 40
1.125
309
GRIDFORMAT_END
 95
        8
302
GRIDFORMAT
  1
GRIDFORMAT_BEGIN
 90
        0
 91
        1
 62
     0
 92
       -2
340
14
 93
        0
 40
1.125
309
GRIDFORMAT_END
 95
       16
302
GRIDFORMAT
  1
GRIDFORMAT_BEGIN
 90
        0
 91
        1
 62
     0
 92
       -2
340
14
 93
        0
 40
1.125
309
GRIDFORMAT_END
 95
       32
302
GRIDFORMAT
  1
GRIDFORMAT_BEGIN
 90
        0
 91
        1
 62
     0
 92
       -2
340
14
 93
        0
 40
1.125
309
GRIDFORMAT_END
309
TABLEFORMAT_END
  1
CELLSTYLE_BEGIN
 90
        1
 91
        1
300
_TITLE
309
CELLSTYLE_END
300
CELLSTYLE
  1
TABLEFORMAT_BEGIN
 90
        5
170
     1
 91
        0
 92
        0
 62
   257
 93
        1
300
CONTENTFORMAT
  1
CONTENTFORMAT_BEGIN
 90
        0
 91
        0
 92
      512
 93
        0
300

 40
0.0
140
1.0
 94
        5
 62
     0
340
11
144
4.5
309
CONTENTFORMAT_END
171
     1
301
MARGIN
  1
CELLMARGIN_BEGIN
 40
1.5
 40
1.5
 40
1.5
 40
1.5
 40
4.5
 40
4.5
309
CELLMARGIN_END
 94
        6
 95
        1
302
GRIDFORMAT
  1
GRIDFORMAT_BEGIN
 90
        0
 91
        1
 62
     0
 92
       -2
340
14
 93
        0
 40
1.125
309
GRIDFORMAT_END
 95
        2
302
GRIDFORMAT
  1
GRIDFORMAT_BEGIN
 90
        0
 91
        1
 62
     0
 92
       -2
340
14
 93
        0
 40
1.125
309
GRIDFORMAT_END
 95
        4
302
GRIDFORMAT
  1
GRIDFORMAT_BEGIN
 90
        0
 91
        1
 62
     0
 92
       -2
340
14
 93
        0
 40
1.125
309
GRIDFORMAT_END
 95
        8
302
GRIDFORMAT
  1
GRIDFORMAT_BEGIN
 90
        0
 91
        1
 62
     0
 92
       -2
340
14
 93
        0
 40
1.125
309
GRIDFORMAT_END
 95
       16
302
GRIDFORMAT
  1
GRIDFORMAT_BEGIN
 90
        0
 91
        1
 62
     0
 92
       -2
340
14
 93
        0
 40
1.125
309
GRIDFORMAT_END
 95
       32
302
GRIDFORMAT
  1
GRIDFORMAT_BEGIN
 90
        0
 91
        1
 62
     0
 92
       -2
340
14
 93
        0
 40
1.125
309
GRIDFORMAT_END
309
TABLEFORMAT_END
  1
CELLSTYLE_BEGIN
 90
        2
 91
        1
300
_HEADER
309
CELLSTYLE_END
300
CELLSTYLE
  1
TABLEFORMAT_BEGIN
 90
        5
170
     1
 91
        0
 92
        0
 62
   257
 93
        1
300
CONTENTFORMAT
  1
CONTENTFORMAT_BEGIN
 90
        0
 91
        0
 92
      512
 93
        0
300

 40
0.0
140
1.0
 94
        2
 62
     0
340
11
144
4.5
309
CONTENTFORMAT_END
171
     1
301
MARGIN
  1
CELLMARGIN_BEGIN
 40
1.5
 40
1.5
 40
1.5
 40
1.5
 40
4.5
 40
4.5
309
CELLMARGIN_END
 94
        6
 95
        1
302
GRIDFORMAT
  1
GRIDFORMAT_BEGIN
 90
        0
 91
        1
 62
     0
 92
       -2
340
14
 93
        0
 40
1.125
309
GRIDFORMAT_END
 95
        2
302
GRIDFORMAT
  1
GRIDFORMAT_BEGIN
 90
        0
 91
        1
 62
     0
 92
       -2
340
14
 93
        0
 40
1.125
309
GRIDFORMAT_END
 95
        4
302
GRIDFORMAT
  1
GRIDFORMAT_BEGIN
 90
        0
 91
        1
 62
     0
 92
       -2
340
14
 93
        0
 40
1.125
309
GRIDFORMAT_END
 95
        8
302
GRIDFORMAT
  1
GRIDFORMAT_BEGIN
 90
        0
 91
        1
 62
     0
 92
       -2
340
14
 93
        0
 40
1.125
309
GRIDFORMAT_END
 95
       16
302
GRIDFORMAT
  1
GRIDFORMAT_BEGIN
 90
        0
 91
        1
 62
     0
 92
       -2
340
14
 93
        0
 40
1.125
309
GRIDFORMAT_END
 95
       32
302
GRIDFORMAT
  1
GRIDFORMAT_BEGIN
 90
        0
 91
        1
 62
     0
 92
       -2
340
14
 93
        0
 40
1.125
309
GRIDFORMAT_END
309
TABLEFORMAT_END
  1
CELLSTYLE_BEGIN
 90
        3
 91
        2
300
_DATA
309
CELLSTYLE_END
  0
XRECORD
  5
291
102
{ACAD_REACTORS
330
290
102
}
330
290
100
AcDbXrecord
280
     1
102
RTVSPost2010Prop28
280
     1
102
RTVSPost2010PropOp28
 70
     1
102
RTVSPost2010Prop29
280
     1
102
RTVSPost2010PropOp29
 70
     1
102
RTVSPost2010Prop30
280
     0
102
RTVSPost2010PropOp30
 70
     1
102
RTVSPost2010Prop31
280
     0
102
RTVSPost2010PropOp31
 70
     1
102
RTVSPost2010Prop32
280
     0
102
RTVSPost2010PropOp32
 70
     1
102
RTVSPost2010Prop33
280
     0
102
RTVSPost2010PropOp33
 70
     1
102
RTVSPost2010Prop34
280
     0
102
RTVSPost2010PropOp34
 70
     1
102
RTVSPost2010Prop35
280
     0
102
RTVSPost2010PropOp35
 70
     1
102
RTVSPost2010Prop36
280
     0
102
RTVSPost2010PropOp36
 70
     1
102
RTVSPost2010Prop37
 90
       50
102
RTVSPost2010PropOp37
 70
     1
102
RTVSPost2010Prop38
140
0.0
102
RTVSPost2010PropOp38
 70
     1
102
RTVSPost2010Prop39
140
1.0
102
RTVSPost2010PropOp39
 70
     1
102
RTVSPost2010Prop40
 90
        0
102
RTVSPost2010PropOp40
 70
     1
102
RTVSPost2010Prop41ColorIndex
 90
       18
102
RTVSPost2010Prop41ColorRGB
 90
        0
102
RTVSPost2010PropOp41
 70
     1
102
RTVSPost2010Prop42
 90
       50
102
RTVSPost2010PropOp42
 70
     1
102
RTVSPost2010Prop43
 90
        3
102
RTVSPost2010PropOp43
 70
     1
102
RTVSPost2010Prop44ColorIndex
 90
        5
102
RTVSPost2010Prop44ColorRGB
 90
      255
102
RTVSPost2010PropOp44
 70
     1
102
RTVSPost2010Prop45
280
     0
102
RTVSPost2010PropOp45
 70
     1
102
RTVSPost2010Prop46
 90
       50
102
RTVSPost2010PropOp46
 70
     1
102
RTVSPost2010Prop47
 90
       50
102
RTVSPost2010PropOp47
 70
     1
102
RTVSPost2010Prop48
 90
       50
102
RTVSPost2010PropOp48
 70
     1
102
RTVSPost2010Prop49
280
     0
102
RTVSPost2010PropOp49
 70
     1
102
RTVSPost2010Prop50
 90
       50
102
RTVSPost2010PropOp50
 70
     1
102
RTVSPost2010Prop51ColorIndex
 90
      256
102
RTVSPost2010Prop51ColorRGB
 90
-16777216
102
RTVSPost2010PropOp51
 70
     0
102
RTVSPost2010Prop52
140
1.0
102
RTVSPost2010PropOp52
 70
     0
102
RTVSPost2010Prop53
 90
        2
102
RTVSPost2010PropOp53
 70
     1
102
RTVSPost2010Prop54
  1
strokes_ogs.tif
102
RTVSPost2010PropOp54
 70
     1
102
RTVSPost2010Prop55
280
     0
102
RTVSPost2010PropOp55
 70
     1
102
RTVSPost2010Prop56
140
1.0
102
RTVSPost2010PropOp56
 70
     1
102
RTVSPost2010Prop57
140
1.0
102
RTVSPost2010PropOp57
 70
     1
102
RTVSPropertyOp0
 70
     1
102
RTVSPropertyOp1
 70
     1
102
RTVSPropertyOp2
 70
     1
102
RTVSPropertyOp3
 70
     1
102
RTVSPropertyOp4
 70
     1
102
RTVSPropertyOp5
 70
     1
102
RTVSPropertyOp6
 70
     1
102
RTVSPropertyOp7
 70
     1
102
RTVSPropertyOp8
 70
     1
102
RTVSPropertyOp9
 70
     1
102
RTVSPropertyOp10
 70
     1
102
RTVSPropertyOp11
 70
     1
102
RTVSPropertyOp12
 70
     1
102
RTVSPropertyOp13
 70
     1
102
RTVSPropertyOp14
 70
     1
102
RTVSPropertyOp15
 70
     1
102
RTVSPropertyOp16
 70
     1
102
RTVSPropertyOp17
 70
     1
102
RTVSPropertyOp18
 70
     1
102
RTVSPropertyOp19
 70
     1
102
RTVSPropertyOp20
 70
     1
102
RTVSPropertyOp21
 70
     1
102
RTVSPropertyOp22
 70
     1
102
RTVSPropertyOp23
 70
     1
102
RTVSPropertyOp24
 70
     1
102
RTVSPropertyOp25
 70
     1
102
RTVSPropertyOp26
 70
     1
102
RTVSPropertyOp27
 70
     1
102
RTVSPropertyOp28
 70
     1
102
RTVSPropertyOp29
 70
     1
102
RTVSPropertyOp30
 70
     1
102
RTVSPropertyOp31
 70
     1
102
RTVSPropertyOp32
 70
     1
102
RTVSPropertyOp33
 70
     1
102
RTVSPropertyOp34
 70
     1
102
RTVSPropertyOp35
 70
     1
102
RTVSPropertyOp36
 70
     1
102
RTVSPropertyOp37
 70
     1
102
RTVSPropertyOp38
 70
     1
102
RTVSPropertyOp39
 70
     1
102
RTVSPropertyOp40
 70
     1
102
RTVSPropertyOp41
 70
     1
102
RTVSPropertyOp42
 70
     1
102
RTVSPropertyOp43
 70
     1
102
RTVSPropertyOp44
 70
     1
102
RTVSPropertyOp45
 70
     1
102
RTVSPropertyOp46
 70
     1
102
RTVSPropertyOp47
 70
     1
102
RTVSPropertyOp48
 70
     1
102
RTVSPropertyOp49
 70
     1
102
RTVSPropertyOp50
 70
     1
102
RTVSPropertyOp51
 70
     0
102
RTVSPropertyOp52
 70
     0
102
RTVSPropertyOp53
 70
     1
102
RTVSPropertyOp54
 70
     1
102
RTVSPropertyOp55
 70
     1
102
RTVSPropertyOp56
 70
     1
102
RTVSPropertyOp57
 70
     1
102
RTVSPropertyOp58
 70
     1
102
RTVSPropertyOp59
 70
     1
102
RTVSPropertyOp60
 70
     1
102
RTVSPropertyOp61
 70
     1
102
RTVSPropertyOp62
 70
     1
  0
XRECORD
  5
28F
102
{ACAD_REACTORS
330
28E
102
}
330
28E
100
AcDbXrecord
280
     1
102
RTVSPost2010Prop28
280
     0
102
RTVSPost2010PropOp28
 70
     1
102
RTVSPost2010Prop29
280
     1
102
RTVSPost2010PropOp29
 70
     1
102
RTVSPost2010Prop30
280
     1
102
RTVSPost2010PropOp30
 70
     1
102
RTVSPost2010Prop31
280
     0
102
RTVSPost2010PropOp31
 70
     1
102
RTVSPost2010Prop32
280
     0
102
RTVSPost2010PropOp32
 70
     1
102
RTVSPost2010Prop33
280
     0
102
RTVSPost2010PropOp33
 70
     1
102
RTVSPost2010Prop34
280
     0
102
RTVSPost2010PropOp34
 70
     1
102
RTVSPost2010Prop35
280
     0
102
RTVSPost2010PropOp35
 70
     1
102
RTVSPost2010Prop36
280
     0
102
RTVSPost2010PropOp36
 70
     1
102
RTVSPost2010Prop37
 90
       50
102
RTVSPost2010PropOp37
 70
     1
102
RTVSPost2010Prop38
140
0.0
102
RTVSPost2010PropOp38
 70
     1
102
RTVSPost2010Prop39
140
1.0
102
RTVSPost2010PropOp39
 70
     1
102
RTVSPost2010Prop40
 90
        0
102
RTVSPost2010PropOp40
 70
     1
102
RTVSPost2010Prop41ColorIndex
 90
       18
102
RTVSPost2010Prop41ColorRGB
 90
        0
102
RTVSPost2010PropOp41
 70
     1
102
RTVSPost2010Prop42
 90
       50
102
RTVSPost2010PropOp42
 70
     1
102
RTVSPost2010Prop43
 90
        3
102
RTVSPost2010PropOp43
 70
     1
102
RTVSPost2010Prop44ColorIndex
 90
        5
102
RTVSPost2010Prop44ColorRGB
 90
      255
102
RTVSPost2010PropOp44
 70
     1
102
RTVSPost2010Prop45
280
     0
102
RTVSPost2010PropOp45
 70
     1
102
RTVSPost2010Prop46
 90
       50
102
RTVSPost2010PropOp46
 70
     1
102
RTVSPost2010Prop47
 90
       50
102
RTVSPost2010PropOp47
 70
     1
102
RTVSPost2010Prop48
 90
       50
102
RTVSPost2010PropOp48
 70
     1
102
RTVSPost2010Prop49
280
     0
102
RTVSPost2010PropOp49
 70
     1
102
RTVSPost2010Prop50
 90
       50
102
RTVSPost2010PropOp50
 70
     1
102
RTVSPost2010Prop51ColorIndex
 90
      256
102
RTVSPost2010Prop51ColorRGB
 90
-16777216
102
RTVSPost2010PropOp51
 70
     0
102
RTVSPost2010Prop52
140
1.0
102
RTVSPost2010PropOp52
 70
     0
102
RTVSPost2010Prop53
 90
        2
102
RTVSPost2010PropOp53
 70
     1
102
RTVSPost2010Prop54
  1
strokes_ogs.tif
102
RTVSPost2010PropOp54
 70
     1
102
RTVSPost2010Prop55
280
     0
102
RTVSPost2010PropOp55
 70
     1
102
RTVSPost2010Prop56
140
1.0
102
RTVSPost2010PropOp56
 70
     1
102
RTVSPost2010Prop57
140
1.0
102
RTVSPost2010PropOp57
 70
     1
102
RTVSPropertyOp0
 70
     1
102
RTVSPropertyOp1
 70
     1
102
RTVSPropertyOp2
 70
     1
102
RTVSPropertyOp3
 70
     1
102
RTVSPropertyOp4
 70
     1
102
RTVSPropertyOp5
 70
     1
102
RTVSPropertyOp6
 70
     1
102
RTVSPropertyOp7
 70
     1
102
RTVSPropertyOp8
 70
     1
102
RTVSPropertyOp9
 70
     1
102
RTVSPropertyOp10
 70
     1
102
RTVSPropertyOp11
 70
     1
102
RTVSPropertyOp12
 70
     1
102
RTVSPropertyOp13
 70
     1
102
RTVSPropertyOp14
 70
     1
102
RTVSPropertyOp15
 70
     1
102
RTVSPropertyOp16
 70
     1
102
RTVSPropertyOp17
 70
     1
102
RTVSPropertyOp18
 70
     1
102
RTVSPropertyOp19
 70
     1
102
RTVSPropertyOp20
 70
     1
102
RTVSPropertyOp21
 70
     1
102
RTVSPropertyOp22
 70
     1
102
RTVSPropertyOp23
 70
     1
102
RTVSPropertyOp24
 70
     1
102
RTVSPropertyOp25
 70
     1
102
RTVSPropertyOp26
 70
     1
102
RTVSPropertyOp27
 70
     1
102
RTVSPropertyOp28
 70
     1
102
RTVSPropertyOp29
 70
     1
102
RTVSPropertyOp30
 70
     1
102
RTVSPropertyOp31
 70
     1
102
RTVSPropertyOp32
 70
     1
102
RTVSPropertyOp33
 70
     1
102
RTVSPropertyOp34
 70
     1
102
RTVSPropertyOp35
 70
     1
102
RTVSPropertyOp36
 70
     1
102
RTVSPropertyOp37
 70
     1
102
RTVSPropertyOp38
 70
     1
102
RTVSPropertyOp39
 70
     1
102
RTVSPropertyOp40
 70
     1
102
RTVSPropertyOp41
 70
     1
102
RTVSPropertyOp42
 70
     1
102
RTVSPropertyOp43
 70
     1
102
RTVSPropertyOp44
 70
     1
102
RTVSPropertyOp45
 70
     1
102
RTVSPropertyOp46
 70
     1
102
RTVSPropertyOp47
 70
     1
102
RTVSPropertyOp48
 70
     1
102
RTVSPropertyOp49
 70
     1
102
RTVSPropertyOp50
 70
     1
102
RTVSPropertyOp51
 70
     0
102
RTVSPropertyOp52
 70
     0
102
RTVSPropertyOp53
 70
     1
102
RTVSPropertyOp54
 70
     1
102
RTVSPropertyOp55
 70
     1
102
RTVSPropertyOp56
 70
     1
102
RTVSPropertyOp57
 70
     1
102
RTVSPropertyOp58
 70
     1
102
RTVSPropertyOp59
 70
     1
102
RTVSPropertyOp60
 70
     1
102
RTVSPropertyOp61
 70
     1
102
RTVSPropertyOp62
 70
     1
  0
XRECORD
  5
29D
102
{ACAD_REACTORS
330
29C
102
}
330
29C
100
AcDbXrecord
280
     1
102
RTVSPost2010Prop28
280
     0
102
RTVSPost2010PropOp28
 70
     1
102
RTVSPost2010Prop29
280
     1
102
RTVSPost2010PropOp29
 70
     1
102
RTVSPost2010Prop30
280
     1
102
RTVSPost2010PropOp30
 70
     1
102
RTVSPost2010Prop31
280
     0
102
RTVSPost2010PropOp31
 70
     1
102
RTVSPost2010Prop32
280
     0
102
RTVSPost2010PropOp32
 70
     1
102
RTVSPost2010Prop33
280
     0
102
RTVSPost2010PropOp33
 70
     1
102
RTVSPost2010Prop34
280
     0
102
RTVSPost2010PropOp34
 70
     1
102
RTVSPost2010Prop35
280
     0
102
RTVSPost2010PropOp35
 70
     1
102
RTVSPost2010Prop36
280
     0
102
RTVSPost2010PropOp36
 70
     1
102
RTVSPost2010Prop37
 90
       50
102
RTVSPost2010PropOp37
 70
     1
102
RTVSPost2010Prop38
140
0.0
102
RTVSPost2010PropOp38
 70
     1
102
RTVSPost2010Prop39
140
1.0
102
RTVSPost2010PropOp39
 70
     1
102
RTVSPost2010Prop40
 90
        0
102
RTVSPost2010PropOp40
 70
     1
102
RTVSPost2010Prop41ColorIndex
 90
       18
102
RTVSPost2010Prop41ColorRGB
 90
        0
102
RTVSPost2010PropOp41
 70
     1
102
RTVSPost2010Prop42
 90
       50
102
RTVSPost2010PropOp42
 70
     1
102
RTVSPost2010Prop43
 90
        3
102
RTVSPost2010PropOp43
 70
     1
102
RTVSPost2010Prop44ColorIndex
 90
        5
102
RTVSPost2010Prop44ColorRGB
 90
      255
102
RTVSPost2010PropOp44
 70
     1
102
RTVSPost2010Prop45
280
     0
102
RTVSPost2010PropOp45
 70
     1
102
RTVSPost2010Prop46
 90
       50
102
RTVSPost2010PropOp46
 70
     1
102
RTVSPost2010Prop47
 90
       50
102
RTVSPost2010PropOp47
 70
     1
102
RTVSPost2010Prop48
 90
       50
102
RTVSPost2010PropOp48
 70
     1
102
RTVSPost2010Prop49
280
     0
102
RTVSPost2010PropOp49
 70
     1
102
RTVSPost2010Prop50
 90
       50
102
RTVSPost2010PropOp50
 70
     1
102
RTVSPost2010Prop51ColorIndex
 90
      256
102
RTVSPost2010Prop51ColorRGB
 90
-16777216
102
RTVSPost2010PropOp51
 70
     0
102
RTVSPost2010Prop52
140
1.0
102
RTVSPost2010PropOp52
 70
     0
102
RTVSPost2010Prop53
 90
        2
102
RTVSPost2010PropOp53
 70
     1
102
RTVSPost2010Prop54
  1
strokes_ogs.tif
102
RTVSPost2010PropOp54
 70
     1
102
RTVSPost2010Prop55
280
     0
102
RTVSPost2010PropOp55
 70
     1
102
RTVSPost2010Prop56
140
1.0
102
RTVSPost2010PropOp56
 70
     1
102
RTVSPost2010Prop57
140
1.0
102
RTVSPost2010PropOp57
 70
     1
102
RTVSPropertyOp0
 70
     1
102
RTVSPropertyOp1
 70
     1
102
RTVSPropertyOp2
 70
     1
102
RTVSPropertyOp3
 70
     1
102
RTVSPropertyOp4
 70
     1
102
RTVSPropertyOp5
 70
     1
102
RTVSPropertyOp6
 70
     1
102
RTVSPropertyOp7
 70
     1
102
RTVSPropertyOp8
 70
     1
102
RTVSPropertyOp9
 70
     1
102
RTVSPropertyOp10
 70
     1
102
RTVSPropertyOp11
 70
     1
102
RTVSPropertyOp12
 70
     1
102
RTVSPropertyOp13
 70
     1
102
RTVSPropertyOp14
 70
     1
102
RTVSPropertyOp15
 70
     1
102
RTVSPropertyOp16
 70
     1
102
RTVSPropertyOp17
 70
     1
102
RTVSPropertyOp18
 70
     1
102
RTVSPropertyOp19
 70
     1
102
RTVSPropertyOp20
 70
     1
102
RTVSPropertyOp21
 70
     1
102
RTVSPropertyOp22
 70
     1
102
RTVSPropertyOp23
 70
     1
102
RTVSPropertyOp24
 70
     1
102
RTVSPropertyOp25
 70
     1
102
RTVSPropertyOp26
 70
     1
102
RTVSPropertyOp27
 70
     1
102
RTVSPropertyOp28
 70
     1
102
RTVSPropertyOp29
 70
     1
102
RTVSPropertyOp30
 70
     1
102
RTVSPropertyOp31
 70
     1
102
RTVSPropertyOp32
 70
     1
102
RTVSPropertyOp33
 70
     1
102
RTVSPropertyOp34
 70
     1
102
RTVSPropertyOp35
 70
     1
102
RTVSPropertyOp36
 70
     1
102
RTVSPropertyOp37
 70
     1
102
RTVSPropertyOp38
 70
     1
102
RTVSPropertyOp39
 70
     1
102
RTVSPropertyOp40
 70
     1
102
RTVSPropertyOp41
 70
     1
102
RTVSPropertyOp42
 70
     1
102
RTVSPropertyOp43
 70
     1
102
RTVSPropertyOp44
 70
     1
102
RTVSPropertyOp45
 70
     1
102
RTVSPropertyOp46
 70
     1
102
RTVSPropertyOp47
 70
     1
102
RTVSPropertyOp48
 70
     1
102
RTVSPropertyOp49
 70
     1
102
RTVSPropertyOp50
 70
     1
102
RTVSPropertyOp51
 70
     0
102
RTVSPropertyOp52
 70
     0
102
RTVSPropertyOp53
 70
     1
102
RTVSPropertyOp54
 70
     1
102
RTVSPropertyOp55
 70
     1
102
RTVSPropertyOp56
 70
     1
102
RTVSPropertyOp57
 70
     1
102
RTVSPropertyOp58
 70
     1
102
RTVSPropertyOp59
 70
     1
102
RTVSPropertyOp60
 70
     1
102
RTVSPropertyOp61
 70
     1
102
RTVSPropertyOp62
 70
     1
  0
XRECORD
  5
2A5
102
{ACAD_REACTORS
330
2A4
102
}
330
2A4
100
AcDbXrecord
280
     1
102
RTVSPost2010Prop28
280
     0
102
RTVSPost2010PropOp28
 70
     1
102
RTVSPost2010Prop29
280
     1
102
RTVSPost2010PropOp29
 70
     1
102
RTVSPost2010Prop30
280
     1
102
RTVSPost2010PropOp30
 70
     1
102
RTVSPost2010Prop31
280
     0
102
RTVSPost2010PropOp31
 70
     1
102
RTVSPost2010Prop32
280
     0
102
RTVSPost2010PropOp32
 70
     1
102
RTVSPost2010Prop33
280
     0
102
RTVSPost2010PropOp33
 70
     1
102
RTVSPost2010Prop34
280
     0
102
RTVSPost2010PropOp34
 70
     1
102
RTVSPost2010Prop35
280
     0
102
RTVSPost2010PropOp35
 70
     1
102
RTVSPost2010Prop36
280
     0
102
RTVSPost2010PropOp36
 70
     1
102
RTVSPost2010Prop37
 90
       50
102
RTVSPost2010PropOp37
 70
     1
102
RTVSPost2010Prop38
140
0.0
102
RTVSPost2010PropOp38
 70
     1
102
RTVSPost2010Prop39
140
1.0
102
RTVSPost2010PropOp39
 70
     1
102
RTVSPost2010Prop40
 90
        0
102
RTVSPost2010PropOp40
 70
     1
102
RTVSPost2010Prop41ColorIndex
 90
       18
102
RTVSPost2010Prop41ColorRGB
 90
        0
102
RTVSPost2010PropOp41
 70
     1
102
RTVSPost2010Prop42
 90
       50
102
RTVSPost2010PropOp42
 70
     1
102
RTVSPost2010Prop43
 90
        3
102
RTVSPost2010PropOp43
 70
     1
102
RTVSPost2010Prop44ColorIndex
 90
        5
102
RTVSPost2010Prop44ColorRGB
 90
      255
102
RTVSPost2010PropOp44
 70
     1
102
RTVSPost2010Prop45
280
     0
102
RTVSPost2010PropOp45
 70
     1
102
RTVSPost2010Prop46
 90
       50
102
RTVSPost2010PropOp46
 70
     1
102
RTVSPost2010Prop47
 90
       50
102
RTVSPost2010PropOp47
 70
     1
102
RTVSPost2010Prop48
 90
       50
102
RTVSPost2010PropOp48
 70
     1
102
RTVSPost2010Prop49
280
     0
102
RTVSPost2010PropOp49
 70
     1
102
RTVSPost2010Prop50
 90
       50
102
RTVSPost2010PropOp50
 70
     1
102
RTVSPost2010Prop51ColorIndex
 90
      256
102
RTVSPost2010Prop51ColorRGB
 90
-16777216
102
RTVSPost2010PropOp51
 70
     0
102
RTVSPost2010Prop52
140
1.0
102
RTVSPost2010PropOp52
 70
     0
102
RTVSPost2010Prop53
 90
        2
102
RTVSPost2010PropOp53
 70
     1
102
RTVSPost2010Prop54
  1
strokes_ogs.tif
102
RTVSPost2010PropOp54
 70
     1
102
RTVSPost2010Prop55
280
     0
102
RTVSPost2010PropOp55
 70
     1
102
RTVSPost2010Prop56
140
1.0
102
RTVSPost2010PropOp56
 70
     1
102
RTVSPost2010Prop57
140
1.0
102
RTVSPost2010PropOp57
 70
     1
102
RTVSPropertyOp0
 70
     1
102
RTVSPropertyOp1
 70
     1
102
RTVSPropertyOp2
 70
     1
102
RTVSPropertyOp3
 70
     1
102
RTVSPropertyOp4
 70
     1
102
RTVSPropertyOp5
 70
     1
102
RTVSPropertyOp6
 70
     1
102
RTVSPropertyOp7
 70
     1
102
RTVSPropertyOp8
 70
     1
102
RTVSPropertyOp9
 70
     1
102
RTVSPropertyOp10
 70
     1
102
RTVSPropertyOp11
 70
     1
102
RTVSPropertyOp12
 70
     1
102
RTVSPropertyOp13
 70
     1
102
RTVSPropertyOp14
 70
     1
102
RTVSPropertyOp15
 70
     1
102
RTVSPropertyOp16
 70
     1
102
RTVSPropertyOp17
 70
     1
102
RTVSPropertyOp18
 70
     1
102
RTVSPropertyOp19
 70
     1
102
RTVSPropertyOp20
 70
     1
102
RTVSPropertyOp21
 70
     1
102
RTVSPropertyOp22
 70
     1
102
RTVSPropertyOp23
 70
     1
102
RTVSPropertyOp24
 70
     1
102
RTVSPropertyOp25
 70
     1
102
RTVSPropertyOp26
 70
     1
102
RTVSPropertyOp27
 70
     1
102
RTVSPropertyOp28
 70
     1
102
RTVSPropertyOp29
 70
     1
102
RTVSPropertyOp30
 70
     1
102
RTVSPropertyOp31
 70
     1
102
RTVSPropertyOp32
 70
     1
102
RTVSPropertyOp33
 70
     1
102
RTVSPropertyOp34
 70
     1
102
RTVSPropertyOp35
 70
     1
102
RTVSPropertyOp36
 70
     1
102
RTVSPropertyOp37
 70
     1
102
RTVSPropertyOp38
 70
     1
102
RTVSPropertyOp39
 70
     1
102
RTVSPropertyOp40
 70
     1
102
RTVSPropertyOp41
 70
     1
102
RTVSPropertyOp42
 70
     1
102
RTVSPropertyOp43
 70
     1
102
RTVSPropertyOp44
 70
     1
102
RTVSPropertyOp45
 70
     1
102
RTVSPropertyOp46
 70
     1
102
RTVSPropertyOp47
 70
     1
102
RTVSPropertyOp48
 70
     1
102
RTVSPropertyOp49
 70
     1
102
RTVSPropertyOp50
 70
     1
102
RTVSPropertyOp51
 70
     0
102
RTVSPropertyOp52
 70
     0
102
RTVSPropertyOp53
 70
     1
102
RTVSPropertyOp54
 70
     1
102
RTVSPropertyOp55
 70
     1
102
RTVSPropertyOp56
 70
     1
102
RTVSPropertyOp57
 70
     1
102
RTVSPropertyOp58
 70
     1
102
RTVSPropertyOp59
 70
     1
102
RTVSPropertyOp60
 70
     1
102
RTVSPropertyOp61
 70
     1
102
RTVSPropertyOp62
 70
     1
  0
XRECORD
  5
297
102
{ACAD_REACTORS
330
296
102
}
330
296
100
AcDbXrecord
280
     1
102
RTVSPost2010Prop28
280
     0
102
RTVSPost2010PropOp28
 70
     1
102
RTVSPost2010Prop29
280
     1
102
RTVSPost2010PropOp29
 70
     1
102
RTVSPost2010Prop30
280
     1
102
RTVSPost2010PropOp30
 70
     1
102
RTVSPost2010Prop31
280
     0
102
RTVSPost2010PropOp31
 70
     1
102
RTVSPost2010Prop32
280
     0
102
RTVSPost2010PropOp32
 70
     1
102
RTVSPost2010Prop33
280
     0
102
RTVSPost2010PropOp33
 70
     1
102
RTVSPost2010Prop34
280
     0
102
RTVSPost2010PropOp34
 70
     1
102
RTVSPost2010Prop35
280
     0
102
RTVSPost2010PropOp35
 70
     1
102
RTVSPost2010Prop36
280
     0
102
RTVSPost2010PropOp36
 70
     1
102
RTVSPost2010Prop37
 90
       50
102
RTVSPost2010PropOp37
 70
     1
102
RTVSPost2010Prop38
140
0.0
102
RTVSPost2010PropOp38
 70
     1
102
RTVSPost2010Prop39
140
1.0
102
RTVSPost2010PropOp39
 70
     1
102
RTVSPost2010Prop40
 90
        0
102
RTVSPost2010PropOp40
 70
     1
102
RTVSPost2010Prop41ColorIndex
 90
       18
102
RTVSPost2010Prop41ColorRGB
 90
        0
102
RTVSPost2010PropOp41
 70
     1
102
RTVSPost2010Prop42
 90
       50
102
RTVSPost2010PropOp42
 70
     1
102
RTVSPost2010Prop43
 90
        3
102
RTVSPost2010PropOp43
 70
     1
102
RTVSPost2010Prop44ColorIndex
 90
        5
102
RTVSPost2010Prop44ColorRGB
 90
      255
102
RTVSPost2010PropOp44
 70
     1
102
RTVSPost2010Prop45
280
     0
102
RTVSPost2010PropOp45
 70
     1
102
RTVSPost2010Prop46
 90
       50
102
RTVSPost2010PropOp46
 70
     1
102
RTVSPost2010Prop47
 90
       50
102
RTVSPost2010PropOp47
 70
     1
102
RTVSPost2010Prop48
 90
       50
102
RTVSPost2010PropOp48
 70
     1
102
RTVSPost2010Prop49
280
     0
102
RTVSPost2010PropOp49
 70
     1
102
RTVSPost2010Prop50
 90
       50
102
RTVSPost2010PropOp50
 70
     1
102
RTVSPost2010Prop51ColorIndex
 90
      256
102
RTVSPost2010Prop51ColorRGB
 90
-16777216
102
RTVSPost2010PropOp51
 70
     0
102
RTVSPost2010Prop52
140
1.0
102
RTVSPost2010PropOp52
 70
     0
102
RTVSPost2010Prop53
 90
        2
102
RTVSPost2010PropOp53
 70
     1
102
RTVSPost2010Prop54
  1
strokes_ogs.tif
102
RTVSPost2010PropOp54
 70
     1
102
RTVSPost2010Prop55
280
     0
102
RTVSPost2010PropOp55
 70
     1
102
RTVSPost2010Prop56
140
1.0
102
RTVSPost2010PropOp56
 70
     1
102
RTVSPost2010Prop57
140
1.0
102
RTVSPost2010PropOp57
 70
     1
102
RTVSPropertyOp0
 70
     1
102
RTVSPropertyOp1
 70
     1
102
RTVSPropertyOp2
 70
     1
102
RTVSPropertyOp3
 70
     1
102
RTVSPropertyOp4
 70
     1
102
RTVSPropertyOp5
 70
     1
102
RTVSPropertyOp6
 70
     1
102
RTVSPropertyOp7
 70
     1
102
RTVSPropertyOp8
 70
     1
102
RTVSPropertyOp9
 70
     1
102
RTVSPropertyOp10
 70
     1
102
RTVSPropertyOp11
 70
     1
102
RTVSPropertyOp12
 70
     1
102
RTVSPropertyOp13
 70
     1
102
RTVSPropertyOp14
 70
     1
102
RTVSPropertyOp15
 70
     1
102
RTVSPropertyOp16
 70
     1
102
RTVSPropertyOp17
 70
     1
102
RTVSPropertyOp18
 70
     1
102
RTVSPropertyOp19
 70
     1
102
RTVSPropertyOp20
 70
     1
102
RTVSPropertyOp21
 70
     1
102
RTVSPropertyOp22
 70
     1
102
RTVSPropertyOp23
 70
     1
102
RTVSPropertyOp24
 70
     1
102
RTVSPropertyOp25
 70
     1
102
RTVSPropertyOp26
 70
     1
102
RTVSPropertyOp27
 70
     1
102
RTVSPropertyOp28
 70
     1
102
RTVSPropertyOp29
 70
     1
102
RTVSPropertyOp30
 70
     1
102
RTVSPropertyOp31
 70
     1
102
RTVSPropertyOp32
 70
     1
102
RTVSPropertyOp33
 70
     1
102
RTVSPropertyOp34
 70
     1
102
RTVSPropertyOp35
 70
     1
102
RTVSPropertyOp36
 70
     1
102
RTVSPropertyOp37
 70
     1
102
RTVSPropertyOp38
 70
     1
102
RTVSPropertyOp39
 70
     1
102
RTVSPropertyOp40
 70
     1
102
RTVSPropertyOp41
 70
     1
102
RTVSPropertyOp42
 70
     1
102
RTVSPropertyOp43
 70
     1
102
RTVSPropertyOp44
 70
     1
102
RTVSPropertyOp45
 70
     1
102
RTVSPropertyOp46
 70
     1
102
RTVSPropertyOp47
 70
     1
102
RTVSPropertyOp48
 70
     1
102
RTVSPropertyOp49
 70
     1
102
RTVSPropertyOp50
 70
     1
102
RTVSPropertyOp51
 70
     0
102
RTVSPropertyOp52
 70
     0
102
RTVSPropertyOp53
 70
     1
102
RTVSPropertyOp54
 70
     1
102
RTVSPropertyOp55
 70
     1
102
RTVSPropertyOp56
 70
     1
102
RTVSPropertyOp57
 70
     1
102
RTVSPropertyOp58
 70
     1
102
RTVSPropertyOp59
 70
     1
102
RTVSPropertyOp60
 70
     1
102
RTVSPropertyOp61
 70
     1
102
RTVSPropertyOp62
 70
     1
  0
XRECORD
  5
29B
102
{ACAD_REACTORS
330
29A
102
}
330
29A
100
AcDbXrecord
280
     1
102
RTVSPost2010Prop28
280
     0
102
RTVSPost2010PropOp28
 70
     1
102
RTVSPost2010Prop29
280
     1
102
RTVSPost2010PropOp29
 70
     1
102
RTVSPost2010Prop30
280
     1
102
RTVSPost2010PropOp30
 70
     1
102
RTVSPost2010Prop31
280
     0
102
RTVSPost2010PropOp31
 70
     1
102
RTVSPost2010Prop32
280
     0
102
RTVSPost2010PropOp32
 70
     1
102
RTVSPost2010Prop33
280
     0
102
RTVSPost2010PropOp33
 70
     1
102
RTVSPost2010Prop34
280
     0
102
RTVSPost2010PropOp34
 70
     1
102
RTVSPost2010Prop35
280
     0
102
RTVSPost2010PropOp35
 70
     1
102
RTVSPost2010Prop36
280
     0
102
RTVSPost2010PropOp36
 70
     1
102
RTVSPost2010Prop37
 90
       50
102
RTVSPost2010PropOp37
 70
     1
102
RTVSPost2010Prop38
140
0.0
102
RTVSPost2010PropOp38
 70
     1
102
RTVSPost2010Prop39
140
1.0
102
RTVSPost2010PropOp39
 70
     1
102
RTVSPost2010Prop40
 90
        0
102
RTVSPost2010PropOp40
 70
     1
102
RTVSPost2010Prop41ColorIndex
 90
       18
102
RTVSPost2010Prop41ColorRGB
 90
        0
102
RTVSPost2010PropOp41
 70
     1
102
RTVSPost2010Prop42
 90
       50
102
RTVSPost2010PropOp42
 70
     1
102
RTVSPost2010Prop43
 90
        3
102
RTVSPost2010PropOp43
 70
     1
102
RTVSPost2010Prop44ColorIndex
 90
        5
102
RTVSPost2010Prop44ColorRGB
 90
      255
102
RTVSPost2010PropOp44
 70
     1
102
RTVSPost2010Prop45
280
     0
102
RTVSPost2010PropOp45
 70
     1
102
RTVSPost2010Prop46
 90
       50
102
RTVSPost2010PropOp46
 70
     1
102
RTVSPost2010Prop47
 90
       50
102
RTVSPost2010PropOp47
 70
     1
102
RTVSPost2010Prop48
 90
       50
102
RTVSPost2010PropOp48
 70
     1
102
RTVSPost2010Prop49
280
     0
102
RTVSPost2010PropOp49
 70
     1
102
RTVSPost2010Prop50
 90
       50
102
RTVSPost2010PropOp50
 70
     1
102
RTVSPost2010Prop51ColorIndex
 90
      256
102
RTVSPost2010Prop51ColorRGB
 90
-16777216
102
RTVSPost2010PropOp51
 70
     0
102
RTVSPost2010Prop52
140
1.0
102
RTVSPost2010PropOp52
 70
     0
102
RTVSPost2010Prop53
 90
        2
102
RTVSPost2010PropOp53
 70
     1
102
RTVSPost2010Prop54
  1
strokes_ogs.tif
102
RTVSPost2010PropOp54
 70
     1
102
RTVSPost2010Prop55
280
     0
102
RTVSPost2010PropOp55
 70
     1
102
RTVSPost2010Prop56
140
1.0
102
RTVSPost2010PropOp56
 70
     1
102
RTVSPost2010Prop57
140
1.0
102
RTVSPost2010PropOp57
 70
     1
102
RTVSPropertyOp0
 70
     1
102
RTVSPropertyOp1
 70
     1
102
RTVSPropertyOp2
 70
     1
102
RTVSPropertyOp3
 70
     1
102
RTVSPropertyOp4
 70
     1
102
RTVSPropertyOp5
 70
     1
102
RTVSPropertyOp6
 70
     1
102
RTVSPropertyOp7
 70
     1
102
RTVSPropertyOp8
 70
     1
102
RTVSPropertyOp9
 70
     1
102
RTVSPropertyOp10
 70
     1
102
RTVSPropertyOp11
 70
     1
102
RTVSPropertyOp12
 70
     1
102
RTVSPropertyOp13
 70
     1
102
RTVSPropertyOp14
 70
     1
102
RTVSPropertyOp15
 70
     1
102
RTVSPropertyOp16
 70
     1
102
RTVSPropertyOp17
 70
     1
102
RTVSPropertyOp18
 70
     1
102
RTVSPropertyOp19
 70
     1
102
RTVSPropertyOp20
 70
     1
102
RTVSPropertyOp21
 70
     1
102
RTVSPropertyOp22
 70
     1
102
RTVSPropertyOp23
 70
     1
102
RTVSPropertyOp24
 70
     1
102
RTVSPropertyOp25
 70
     1
102
RTVSPropertyOp26
 70
     1
102
RTVSPropertyOp27
 70
     1
102
RTVSPropertyOp28
 70
     1
102
RTVSPropertyOp29
 70
     1
102
RTVSPropertyOp30
 70
     1
102
RTVSPropertyOp31
 70
     1
102
RTVSPropertyOp32
 70
     1
102
RTVSPropertyOp33
 70
     1
102
RTVSPropertyOp34
 70
     1
102
RTVSPropertyOp35
 70
     1
102
RTVSPropertyOp36
 70
     1
102
RTVSPropertyOp37
 70
     1
102
RTVSPropertyOp38
 70
     1
102
RTVSPropertyOp39
 70
     1
102
RTVSPropertyOp40
 70
     1
102
RTVSPropertyOp41
 70
     1
102
RTVSPropertyOp42
 70
     1
102
RTVSPropertyOp43
 70
     1
102
RTVSPropertyOp44
 70
     1
102
RTVSPropertyOp45
 70
     1
102
RTVSPropertyOp46
 70
     1
102
RTVSPropertyOp47
 70
     1
102
RTVSPropertyOp48
 70
     1
102
RTVSPropertyOp49
 70
     1
102
RTVSPropertyOp50
 70
     1
102
RTVSPropertyOp51
 70
     0
102
RTVSPropertyOp52
 70
     0
102
RTVSPropertyOp53
 70
     1
102
RTVSPropertyOp54
 70
     1
102
RTVSPropertyOp55
 70
     1
102
RTVSPropertyOp56
 70
     1
102
RTVSPropertyOp57
 70
     1
102
RTVSPropertyOp58
 70
     1
102
RTVSPropertyOp59
 70
     1
102
RTVSPropertyOp60
 70
     1
102
RTVSPropertyOp61
 70
     1
102
RTVSPropertyOp62
 70
     1
  0
XRECORD
  5
2AB
102
{ACAD_REACTORS
330
2AA
102
}
330
2AA
100
AcDbXrecord
280
     1
102
RTVSPost2010Prop28
280
     0
102
RTVSPost2010PropOp28
 70
     1
102
RTVSPost2010Prop29
280
     1
102
RTVSPost2010PropOp29
 70
     1
102
RTVSPost2010Prop30
280
     1
102
RTVSPost2010PropOp30
 70
     1
102
RTVSPost2010Prop31
280
     0
102
RTVSPost2010PropOp31
 70
     1
102
RTVSPost2010Prop32
280
     0
102
RTVSPost2010PropOp32
 70
     1
102
RTVSPost2010Prop33
280
     0
102
RTVSPost2010PropOp33
 70
     1
102
RTVSPost2010Prop34
280
     0
102
RTVSPost2010PropOp34
 70
     1
102
RTVSPost2010Prop35
280
     0
102
RTVSPost2010PropOp35
 70
     1
102
RTVSPost2010Prop36
280
     0
102
RTVSPost2010PropOp36
 70
     1
102
RTVSPost2010Prop37
 90
       50
102
RTVSPost2010PropOp37
 70
     1
102
RTVSPost2010Prop38
140
0.0
102
RTVSPost2010PropOp38
 70
     1
102
RTVSPost2010Prop39
140
1.0
102
RTVSPost2010PropOp39
 70
     1
102
RTVSPost2010Prop40
 90
        0
102
RTVSPost2010PropOp40
 70
     1
102
RTVSPost2010Prop41ColorIndex
 90
       18
102
RTVSPost2010Prop41ColorRGB
 90
        0
102
RTVSPost2010PropOp41
 70
     1
102
RTVSPost2010Prop42
 90
       50
102
RTVSPost2010PropOp42
 70
     1
102
RTVSPost2010Prop43
 90
        3
102
RTVSPost2010PropOp43
 70
     1
102
RTVSPost2010Prop44ColorIndex
 90
        5
102
RTVSPost2010Prop44ColorRGB
 90
      255
102
RTVSPost2010PropOp44
 70
     1
102
RTVSPost2010Prop45
280
     0
102
RTVSPost2010PropOp45
 70
     1
102
RTVSPost2010Prop46
 90
       50
102
RTVSPost2010PropOp46
 70
     1
102
RTVSPost2010Prop47
 90
       50
102
RTVSPost2010PropOp47
 70
     1
102
RTVSPost2010Prop48
 90
       50
102
RTVSPost2010PropOp48
 70
     1
102
RTVSPost2010Prop49
280
     0
102
RTVSPost2010PropOp49
 70
     1
102
RTVSPost2010Prop50
 90
       50
102
RTVSPost2010PropOp50
 70
     1
102
RTVSPost2010Prop51ColorIndex
 90
      256
102
RTVSPost2010Prop51ColorRGB
 90
-16777216
102
RTVSPost2010PropOp51
 70
     0
102
RTVSPost2010Prop52
140
1.0
102
RTVSPost2010PropOp52
 70
     0
102
RTVSPost2010Prop53
 90
        2
102
RTVSPost2010PropOp53
 70
     1
102
RTVSPost2010Prop54
  1
strokes_ogs.tif
102
RTVSPost2010PropOp54
 70
     1
102
RTVSPost2010Prop55
280
     0
102
RTVSPost2010PropOp55
 70
     1
102
RTVSPost2010Prop56
140
1.0
102
RTVSPost2010PropOp56
 70
     1
102
RTVSPost2010Prop57
140
1.0
102
RTVSPost2010PropOp57
 70
     1
102
RTVSPropertyOp0
 70
     0
102
RTVSPropertyOp1
 70
     0
102
RTVSPropertyOp2
 70
     0
102
RTVSPropertyOp3
 70
     0
102
RTVSPropertyOp4
 70
     0
102
RTVSPropertyOp5
 70
     0
102
RTVSPropertyOp6
 70
     0
102
RTVSPropertyOp7
 70
     0
102
RTVSPropertyOp8
 70
     0
102
RTVSPropertyOp9
 70
     0
102
RTVSPropertyOp10
 70
     0
102
RTVSPropertyOp11
 70
     0
102
RTVSPropertyOp12
 70
     0
102
RTVSPropertyOp13
 70
     0
102
RTVSPropertyOp14
 70
     2
102
RTVSPropertyOp15
 70
     0
102
RTVSPropertyOp16
 70
     0
102
RTVSPropertyOp17
 70
     0
102
RTVSPropertyOp18
 70
     0
102
RTVSPropertyOp19
 70
     0
102
RTVSPropertyOp20
 70
     0
102
RTVSPropertyOp21
 70
     0
102
RTVSPropertyOp22
 70
     0
102
RTVSPropertyOp23
 70
     0
102
RTVSPropertyOp24
 70
     0
102
RTVSPropertyOp25
 70
     0
102
RTVSPropertyOp26
 70
     0
102
RTVSPropertyOp27
 70
     0
102
RTVSPropertyOp28
 70
     1
102
RTVSPropertyOp29
 70
     1
102
RTVSPropertyOp30
 70
     1
102
RTVSPropertyOp31
 70
     1
102
RTVSPropertyOp32
 70
     1
102
RTVSPropertyOp33
 70
     1
102
RTVSPropertyOp34
 70
     1
102
RTVSPropertyOp35
 70
     1
102
RTVSPropertyOp36
 70
     1
102
RTVSPropertyOp37
 70
     1
102
RTVSPropertyOp38
 70
     1
102
RTVSPropertyOp39
 70
     1
102
RTVSPropertyOp40
 70
     1
102
RTVSPropertyOp41
 70
     1
102
RTVSPropertyOp42
 70
     1
102
RTVSPropertyOp43
 70
     1
102
RTVSPropertyOp44
 70
     1
102
RTVSPropertyOp45
 70
     1
102
RTVSPropertyOp46
 70
     1
102
RTVSPropertyOp47
 70
     1
102
RTVSPropertyOp48
 70
     1
102
RTVSPropertyOp49
 70
     1
102
RTVSPropertyOp50
 70
     1
102
RTVSPropertyOp51
 70
     0
102
RTVSPropertyOp52
 70
     0
102
RTVSPropertyOp53
 70
     1
102
RTVSPropertyOp54
 70
     1
102
RTVSPropertyOp55
 70
     1
102
RTVSPropertyOp56
 70
     1
102
RTVSPropertyOp57
 70
     1
102
RTVSPropertyOp58
 70
     1
102
RTVSPropertyOp59
 70
     1
102
RTVSPropertyOp60
 70
     1
102
RTVSPropertyOp61
 70
     1
102
RTVSPropertyOp62
 70
     1
  0
XRECORD
  5
2A3
102
{ACAD_REACTORS
330
2A2
102
}
330
2A2
100
AcDbXrecord
280
     1
102
RTVSPost2010Prop28
280
     0
102
RTVSPost2010PropOp28
 70
     1
102
RTVSPost2010Prop29
280
     1
102
RTVSPost2010PropOp29
 70
     1
102
RTVSPost2010Prop30
280
     1
102
RTVSPost2010PropOp30
 70
     1
102
RTVSPost2010Prop31
280
     0
102
RTVSPost2010PropOp31
 70
     1
102
RTVSPost2010Prop32
280
     0
102
RTVSPost2010PropOp32
 70
     1
102
RTVSPost2010Prop33
280
     0
102
RTVSPost2010PropOp33
 70
     1
102
RTVSPost2010Prop34
280
     0
102
RTVSPost2010PropOp34
 70
     1
102
RTVSPost2010Prop35
280
     0
102
RTVSPost2010PropOp35
 70
     1
102
RTVSPost2010Prop36
280
     0
102
RTVSPost2010PropOp36
 70
     1
102
RTVSPost2010Prop37
 90
       50
102
RTVSPost2010PropOp37
 70
     1
102
RTVSPost2010Prop38
140
0.0
102
RTVSPost2010PropOp38
 70
     1
102
RTVSPost2010Prop39
140
1.0
102
RTVSPost2010PropOp39
 70
     1
102
RTVSPost2010Prop40
 90
        0
102
RTVSPost2010PropOp40
 70
     1
102
RTVSPost2010Prop41ColorIndex
 90
       18
102
RTVSPost2010Prop41ColorRGB
 90
        0
102
RTVSPost2010PropOp41
 70
     1
102
RTVSPost2010Prop42
 90
       50
102
RTVSPost2010PropOp42
 70
     1
102
RTVSPost2010Prop43
 90
        3
102
RTVSPost2010PropOp43
 70
     1
102
RTVSPost2010Prop44ColorIndex
 90
        5
102
RTVSPost2010Prop44ColorRGB
 90
      255
102
RTVSPost2010PropOp44
 70
     1
102
RTVSPost2010Prop45
280
     0
102
RTVSPost2010PropOp45
 70
     1
102
RTVSPost2010Prop46
 90
       50
102
RTVSPost2010PropOp46
 70
     1
102
RTVSPost2010Prop47
 90
       50
102
RTVSPost2010PropOp47
 70
     1
102
RTVSPost2010Prop48
 90
       50
102
RTVSPost2010PropOp48
 70
     1
102
RTVSPost2010Prop49
280
     0
102
RTVSPost2010PropOp49
 70
     1
102
RTVSPost2010Prop50
 90
       50
102
RTVSPost2010PropOp50
 70
     1
102
RTVSPost2010Prop51ColorIndex
 90
      256
102
RTVSPost2010Prop51ColorRGB
 90
-16777216
102
RTVSPost2010PropOp51
 70
     0
102
RTVSPost2010Prop52
140
1.0
102
RTVSPost2010PropOp52
 70
     0
102
RTVSPost2010Prop53
 90
        2
102
RTVSPost2010PropOp53
 70
     1
102
RTVSPost2010Prop54
  1
strokes_ogs.tif
102
RTVSPost2010PropOp54
 70
     1
102
RTVSPost2010Prop55
280
     0
102
RTVSPost2010PropOp55
 70
     1
102
RTVSPost2010Prop56
140
1.0
102
RTVSPost2010PropOp56
 70
     1
102
RTVSPost2010Prop57
140
1.0
102
RTVSPost2010PropOp57
 70
     1
102
RTVSPropertyOp0
 70
     1
102
RTVSPropertyOp1
 70
     1
102
RTVSPropertyOp2
 70
     1
102
RTVSPropertyOp3
 70
     1
102
RTVSPropertyOp4
 70
     1
102
RTVSPropertyOp5
 70
     1
102
RTVSPropertyOp6
 70
     1
102
RTVSPropertyOp7
 70
     1
102
RTVSPropertyOp8
 70
     1
102
RTVSPropertyOp9
 70
     1
102
RTVSPropertyOp10
 70
     1
102
RTVSPropertyOp11
 70
     1
102
RTVSPropertyOp12
 70
     1
102
RTVSPropertyOp13
 70
     1
102
RTVSPropertyOp14
 70
     1
102
RTVSPropertyOp15
 70
     1
102
RTVSPropertyOp16
 70
     1
102
RTVSPropertyOp17
 70
     1
102
RTVSPropertyOp18
 70
     1
102
RTVSPropertyOp19
 70
     1
102
RTVSPropertyOp20
 70
     1
102
RTVSPropertyOp21
 70
     1
102
RTVSPropertyOp22
 70
     1
102
RTVSPropertyOp23
 70
     1
102
RTVSPropertyOp24
 70
     1
102
RTVSPropertyOp25
 70
     1
102
RTVSPropertyOp26
 70
     1
102
RTVSPropertyOp27
 70
     1
102
RTVSPropertyOp28
 70
     1
102
RTVSPropertyOp29
 70
     1
102
RTVSPropertyOp30
 70
     1
102
RTVSPropertyOp31
 70
     1
102
RTVSPropertyOp32
 70
     1
102
RTVSPropertyOp33
 70
     1
102
RTVSPropertyOp34
 70
     1
102
RTVSPropertyOp35
 70
     1
102
RTVSPropertyOp36
 70
     1
102
RTVSPropertyOp37
 70
     1
102
RTVSPropertyOp38
 70
     1
102
RTVSPropertyOp39
 70
     1
102
RTVSPropertyOp40
 70
     1
102
RTVSPropertyOp41
 70
     1
102
RTVSPropertyOp42
 70
     1
102
RTVSPropertyOp43
 70
     1
102
RTVSPropertyOp44
 70
     1
102
RTVSPropertyOp45
 70
     1
102
RTVSPropertyOp46
 70
     1
102
RTVSPropertyOp47
 70
     1
102
RTVSPropertyOp48
 70
     1
102
RTVSPropertyOp49
 70
     1
102
RTVSPropertyOp50
 70
     1
102
RTVSPropertyOp51
 70
     0
102
RTVSPropertyOp52
 70
     0
102
RTVSPropertyOp53
 70
     1
102
RTVSPropertyOp54
 70
     1
102
RTVSPropertyOp55
 70
     1
102
RTVSPropertyOp56
 70
     1
102
RTVSPropertyOp57
 70
     1
102
RTVSPropertyOp58
 70
     1
102
RTVSPropertyOp59
 70
     1
102
RTVSPropertyOp60
 70
     1
102
RTVSPropertyOp61
 70
     1
102
RTVSPropertyOp62
 70
     1
  0
XRECORD
  5
287
102
{ACAD_REACTORS
330
286
102
}
330
286
100
AcDbXrecord
280
     1
102
RTVSPost2010Prop28
280
     0
102
RTVSPost2010PropOp28
 70
     1
102
RTVSPost2010Prop29
280
     1
102
RTVSPost2010PropOp29
 70
     1
102
RTVSPost2010Prop30
280
     1
102
RTVSPost2010PropOp30
 70
     1
102
RTVSPost2010Prop31
280
     0
102
RTVSPost2010PropOp31
 70
     1
102
RTVSPost2010Prop32
280
     0
102
RTVSPost2010PropOp32
 70
     1
102
RTVSPost2010Prop33
280
     0
102
RTVSPost2010PropOp33
 70
     1
102
RTVSPost2010Prop34
280
     0
102
RTVSPost2010PropOp34
 70
     1
102
RTVSPost2010Prop35
280
     0
102
RTVSPost2010PropOp35
 70
     1
102
RTVSPost2010Prop36
280
     0
102
RTVSPost2010PropOp36
 70
     1
102
RTVSPost2010Prop37
 90
       50
102
RTVSPost2010PropOp37
 70
     1
102
RTVSPost2010Prop38
140
0.0
102
RTVSPost2010PropOp38
 70
     1
102
RTVSPost2010Prop39
140
1.0
102
RTVSPost2010PropOp39
 70
     1
102
RTVSPost2010Prop40
 90
        0
102
RTVSPost2010PropOp40
 70
     1
102
RTVSPost2010Prop41ColorIndex
 90
       18
102
RTVSPost2010Prop41ColorRGB
 90
        0
102
RTVSPost2010PropOp41
 70
     1
102
RTVSPost2010Prop42
 90
       50
102
RTVSPost2010PropOp42
 70
     1
102
RTVSPost2010Prop43
 90
        3
102
RTVSPost2010PropOp43
 70
     1
102
RTVSPost2010Prop44ColorIndex
 90
        5
102
RTVSPost2010Prop44ColorRGB
 90
      255
102
RTVSPost2010PropOp44
 70
     1
102
RTVSPost2010Prop45
280
     0
102
RTVSPost2010PropOp45
 70
     1
102
RTVSPost2010Prop46
 90
       50
102
RTVSPost2010PropOp46
 70
     1
102
RTVSPost2010Prop47
 90
       50
102
RTVSPost2010PropOp47
 70
     1
102
RTVSPost2010Prop48
 90
       50
102
RTVSPost2010PropOp48
 70
     1
102
RTVSPost2010Prop49
280
     0
102
RTVSPost2010PropOp49
 70
     1
102
RTVSPost2010Prop50
 90
       50
102
RTVSPost2010PropOp50
 70
     1
102
RTVSPost2010Prop51ColorIndex
 90
      256
102
RTVSPost2010Prop51ColorRGB
 90
-16777216
102
RTVSPost2010PropOp51
 70
     0
102
RTVSPost2010Prop52
140
1.0
102
RTVSPost2010PropOp52
 70
     0
102
RTVSPost2010Prop53
 90
        2
102
RTVSPost2010PropOp53
 70
     1
102
RTVSPost2010Prop54
  1
strokes_ogs.tif
102
RTVSPost2010PropOp54
 70
     1
102
RTVSPost2010Prop55
280
     0
102
RTVSPost2010PropOp55
 70
     1
102
RTVSPost2010Prop56
140
1.0
102
RTVSPost2010PropOp56
 70
     1
102
RTVSPost2010Prop57
140
1.0
102
RTVSPost2010PropOp57
 70
     1
102
RTVSPropertyOp0
 70
     1
102
RTVSPropertyOp1
 70
     1
102
RTVSPropertyOp2
 70
     1
102
RTVSPropertyOp3
 70
     1
102
RTVSPropertyOp4
 70
     1
102
RTVSPropertyOp5
 70
     1
102
RTVSPropertyOp6
 70
     1
102
RTVSPropertyOp7
 70
     1
102
RTVSPropertyOp8
 70
     1
102
RTVSPropertyOp9
 70
     1
102
RTVSPropertyOp10
 70
     1
102
RTVSPropertyOp11
 70
     1
102
RTVSPropertyOp12
 70
     1
102
RTVSPropertyOp13
 70
     1
102
RTVSPropertyOp14
 70
     1
102
RTVSPropertyOp15
 70
     1
102
RTVSPropertyOp16
 70
     1
102
RTVSPropertyOp17
 70
     1
102
RTVSPropertyOp18
 70
     1
102
RTVSPropertyOp19
 70
     1
102
RTVSPropertyOp20
 70
     1
102
RTVSPropertyOp21
 70
     1
102
RTVSPropertyOp22
 70
     1
102
RTVSPropertyOp23
 70
     1
102
RTVSPropertyOp24
 70
     1
102
RTVSPropertyOp25
 70
     1
102
RTVSPropertyOp26
 70
     1
102
RTVSPropertyOp27
 70
     1
102
RTVSPropertyOp28
 70
     1
102
RTVSPropertyOp29
 70
     1
102
RTVSPropertyOp30
 70
     1
102
RTVSPropertyOp31
 70
     1
102
RTVSPropertyOp32
 70
     1
102
RTVSPropertyOp33
 70
     1
102
RTVSPropertyOp34
 70
     1
102
RTVSPropertyOp35
 70
     1
102
RTVSPropertyOp36
 70
     1
102
RTVSPropertyOp37
 70
     1
102
RTVSPropertyOp38
 70
     1
102
RTVSPropertyOp39
 70
     1
102
RTVSPropertyOp40
 70
     1
102
RTVSPropertyOp41
 70
     1
102
RTVSPropertyOp42
 70
     1
102
RTVSPropertyOp43
 70
     1
102
RTVSPropertyOp44
 70
     1
102
RTVSPropertyOp45
 70
     1
102
RTVSPropertyOp46
 70
     1
102
RTVSPropertyOp47
 70
     1
102
RTVSPropertyOp48
 70
     1
102
RTVSPropertyOp49
 70
     1
102
RTVSPropertyOp50
 70
     1
102
RTVSPropertyOp51
 70
     0
102
RTVSPropertyOp52
 70
     0
102
RTVSPropertyOp53
 70
     1
102
RTVSPropertyOp54
 70
     1
102
RTVSPropertyOp55
 70
     1
102
RTVSPropertyOp56
 70
     1
102
RTVSPropertyOp57
 70
     1
102
RTVSPropertyOp58
 70
     1
102
RTVSPropertyOp59
 70
     1
102
RTVSPropertyOp60
 70
     1
102
RTVSPropertyOp61
 70
     1
102
RTVSPropertyOp62
 70
     1
  0
XRECORD
  5
289
102
{ACAD_REACTORS
330
288
102
}
330
288
100
AcDbXrecord
280
     1
102
RTVSPost2010Prop28
280
     0
102
RTVSPost2010PropOp28
 70
     1
102
RTVSPost2010Prop29
280
     1
102
RTVSPost2010PropOp29
 70
     1
102
RTVSPost2010Prop30
280
     1
102
RTVSPost2010PropOp30
 70
     1
102
RTVSPost2010Prop31
280
     0
102
RTVSPost2010PropOp31
 70
     1
102
RTVSPost2010Prop32
280
     0
102
RTVSPost2010PropOp32
 70
     1
102
RTVSPost2010Prop33
280
     0
102
RTVSPost2010PropOp33
 70
     1
102
RTVSPost2010Prop34
280
     0
102
RTVSPost2010PropOp34
 70
     1
102
RTVSPost2010Prop35
280
     0
102
RTVSPost2010PropOp35
 70
     1
102
RTVSPost2010Prop36
280
     0
102
RTVSPost2010PropOp36
 70
     1
102
RTVSPost2010Prop37
 90
       50
102
RTVSPost2010PropOp37
 70
     1
102
RTVSPost2010Prop38
140
0.0
102
RTVSPost2010PropOp38
 70
     1
102
RTVSPost2010Prop39
140
1.0
102
RTVSPost2010PropOp39
 70
     1
102
RTVSPost2010Prop40
 90
        0
102
RTVSPost2010PropOp40
 70
     1
102
RTVSPost2010Prop41ColorIndex
 90
       18
102
RTVSPost2010Prop41ColorRGB
 90
        0
102
RTVSPost2010PropOp41
 70
     1
102
RTVSPost2010Prop42
 90
       50
102
RTVSPost2010PropOp42
 70
     1
102
RTVSPost2010Prop43
 90
        3
102
RTVSPost2010PropOp43
 70
     1
102
RTVSPost2010Prop44ColorIndex
 90
        5
102
RTVSPost2010Prop44ColorRGB
 90
      255
102
RTVSPost2010PropOp44
 70
     1
102
RTVSPost2010Prop45
280
     0
102
RTVSPost2010PropOp45
 70
     1
102
RTVSPost2010Prop46
 90
       50
102
RTVSPost2010PropOp46
 70
     1
102
RTVSPost2010Prop47
 90
       50
102
RTVSPost2010PropOp47
 70
     1
102
RTVSPost2010Prop48
 90
       50
102
RTVSPost2010PropOp48
 70
     1
102
RTVSPost2010Prop49
280
     0
102
RTVSPost2010PropOp49
 70
     1
102
RTVSPost2010Prop50
 90
       50
102
RTVSPost2010PropOp50
 70
     1
102
RTVSPost2010Prop51ColorIndex
 90
      256
102
RTVSPost2010Prop51ColorRGB
 90
-16777216
102
RTVSPost2010PropOp51
 70
     0
102
RTVSPost2010Prop52
140
1.0
102
RTVSPost2010PropOp52
 70
     0
102
RTVSPost2010Prop53
 90
        2
102
RTVSPost2010PropOp53
 70
     1
102
RTVSPost2010Prop54
  1
strokes_ogs.tif
102
RTVSPost2010PropOp54
 70
     1
102
RTVSPost2010Prop55
280
     0
102
RTVSPost2010PropOp55
 70
     1
102
RTVSPost2010Prop56
140
1.0
102
RTVSPost2010PropOp56
 70
     1
102
RTVSPost2010Prop57
140
1.0
102
RTVSPost2010PropOp57
 70
     1
102
RTVSPropertyOp0
 70
     1
102
RTVSPropertyOp1
 70
     1
102
RTVSPropertyOp2
 70
     1
102
RTVSPropertyOp3
 70
     1
102
RTVSPropertyOp4
 70
     1
102
RTVSPropertyOp5
 70
     1
102
RTVSPropertyOp6
 70
     1
102
RTVSPropertyOp7
 70
     1
102
RTVSPropertyOp8
 70
     1
102
RTVSPropertyOp9
 70
     1
102
RTVSPropertyOp10
 70
     1
102
RTVSPropertyOp11
 70
     1
102
RTVSPropertyOp12
 70
     1
102
RTVSPropertyOp13
 70
     1
102
RTVSPropertyOp14
 70
     1
102
RTVSPropertyOp15
 70
     1
102
RTVSPropertyOp16
 70
     1
102
RTVSPropertyOp17
 70
     1
102
RTVSPropertyOp18
 70
     1
102
RTVSPropertyOp19
 70
     1
102
RTVSPropertyOp20
 70
     1
102
RTVSPropertyOp21
 70
     1
102
RTVSPropertyOp22
 70
     1
102
RTVSPropertyOp23
 70
     1
102
RTVSPropertyOp24
 70
     1
102
RTVSPropertyOp25
 70
     1
102
RTVSPropertyOp26
 70
     1
102
RTVSPropertyOp27
 70
     1
102
RTVSPropertyOp28
 70
     1
102
RTVSPropertyOp29
 70
     1
102
RTVSPropertyOp30
 70
     1
102
RTVSPropertyOp31
 70
     1
102
RTVSPropertyOp32
 70
     1
102
RTVSPropertyOp33
 70
     1
102
RTVSPropertyOp34
 70
     1
102
RTVSPropertyOp35
 70
     1
102
RTVSPropertyOp36
 70
     1
102
RTVSPropertyOp37
 70
     1
102
RTVSPropertyOp38
 70
     1
102
RTVSPropertyOp39
 70
     1
102
RTVSPropertyOp40
 70
     1
102
RTVSPropertyOp41
 70
     1
102
RTVSPropertyOp42
 70
     1
102
RTVSPropertyOp43
 70
     1
102
RTVSPropertyOp44
 70
     1
102
RTVSPropertyOp45
 70
     1
102
RTVSPropertyOp46
 70
     1
102
RTVSPropertyOp47
 70
     1
102
RTVSPropertyOp48
 70
     1
102
RTVSPropertyOp49
 70
     1
102
RTVSPropertyOp50
 70
     1
102
RTVSPropertyOp51
 70
     0
102
RTVSPropertyOp52
 70
     0
102
RTVSPropertyOp53
 70
     1
102
RTVSPropertyOp54
 70
     1
102
RTVSPropertyOp55
 70
     1
102
RTVSPropertyOp56
 70
     1
102
RTVSPropertyOp57
 70
     1
102
RTVSPropertyOp58
 70
     1
102
RTVSPropertyOp59
 70
     1
102
RTVSPropertyOp60
 70
     1
102
RTVSPropertyOp61
 70
     1
102
RTVSPropertyOp62
 70
     1
  0
XRECORD
  5
28B
102
{ACAD_REACTORS
330
28A
102
}
330
28A
100
AcDbXrecord
280
     1
102
RTVSPost2010Prop28
280
     0
102
RTVSPost2010PropOp28
 70
     1
102
RTVSPost2010Prop29
280
     1
102
RTVSPost2010PropOp29
 70
     1
102
RTVSPost2010Prop30
280
     1
102
RTVSPost2010PropOp30
 70
     1
102
RTVSPost2010Prop31
280
     0
102
RTVSPost2010PropOp31
 70
     1
102
RTVSPost2010Prop32
280
     0
102
RTVSPost2010PropOp32
 70
     1
102
RTVSPost2010Prop33
280
     0
102
RTVSPost2010PropOp33
 70
     1
102
RTVSPost2010Prop34
280
     0
102
RTVSPost2010PropOp34
 70
     1
102
RTVSPost2010Prop35
280
     0
102
RTVSPost2010PropOp35
 70
     1
102
RTVSPost2010Prop36
280
     0
102
RTVSPost2010PropOp36
 70
     1
102
RTVSPost2010Prop37
 90
       50
102
RTVSPost2010PropOp37
 70
     1
102
RTVSPost2010Prop38
140
0.0
102
RTVSPost2010PropOp38
 70
     1
102
RTVSPost2010Prop39
140
1.0
102
RTVSPost2010PropOp39
 70
     1
102
RTVSPost2010Prop40
 90
        0
102
RTVSPost2010PropOp40
 70
     1
102
RTVSPost2010Prop41ColorIndex
 90
       18
102
RTVSPost2010Prop41ColorRGB
 90
        0
102
RTVSPost2010PropOp41
 70
     1
102
RTVSPost2010Prop42
 90
       50
102
RTVSPost2010PropOp42
 70
     1
102
RTVSPost2010Prop43
 90
        3
102
RTVSPost2010PropOp43
 70
     1
102
RTVSPost2010Prop44ColorIndex
 90
        5
102
RTVSPost2010Prop44ColorRGB
 90
      255
102
RTVSPost2010PropOp44
 70
     1
102
RTVSPost2010Prop45
280
     0
102
RTVSPost2010PropOp45
 70
     1
102
RTVSPost2010Prop46
 90
       50
102
RTVSPost2010PropOp46
 70
     1
102
RTVSPost2010Prop47
 90
       50
102
RTVSPost2010PropOp47
 70
     1
102
RTVSPost2010Prop48
 90
       50
102
RTVSPost2010PropOp48
 70
     1
102
RTVSPost2010Prop49
280
     0
102
RTVSPost2010PropOp49
 70
     1
102
RTVSPost2010Prop50
 90
       50
102
RTVSPost2010PropOp50
 70
     1
102
RTVSPost2010Prop51ColorIndex
 90
      256
102
RTVSPost2010Prop51ColorRGB
 90
-16777216
102
RTVSPost2010PropOp51
 70
     0
102
RTVSPost2010Prop52
140
1.0
102
RTVSPost2010PropOp52
 70
     0
102
RTVSPost2010Prop53
 90
        2
102
RTVSPost2010PropOp53
 70
     1
102
RTVSPost2010Prop54
  1
strokes_ogs.tif
102
RTVSPost2010PropOp54
 70
     1
102
RTVSPost2010Prop55
280
     0
102
RTVSPost2010PropOp55
 70
     1
102
RTVSPost2010Prop56
140
1.0
102
RTVSPost2010PropOp56
 70
     1
102
RTVSPost2010Prop57
140
1.0
102
RTVSPost2010PropOp57
 70
     1
102
RTVSPropertyOp0
 70
     1
102
RTVSPropertyOp1
 70
     1
102
RTVSPropertyOp2
 70
     1
102
RTVSPropertyOp3
 70
     1
102
RTVSPropertyOp4
 70
     1
102
RTVSPropertyOp5
 70
     1
102
RTVSPropertyOp6
 70
     1
102
RTVSPropertyOp7
 70
     1
102
RTVSPropertyOp8
 70
     1
102
RTVSPropertyOp9
 70
     1
102
RTVSPropertyOp10
 70
     1
102
RTVSPropertyOp11
 70
     1
102
RTVSPropertyOp12
 70
     1
102
RTVSPropertyOp13
 70
     1
102
RTVSPropertyOp14
 70
     1
102
RTVSPropertyOp15
 70
     1
102
RTVSPropertyOp16
 70
     1
102
RTVSPropertyOp17
 70
     1
102
RTVSPropertyOp18
 70
     1
102
RTVSPropertyOp19
 70
     1
102
RTVSPropertyOp20
 70
     1
102
RTVSPropertyOp21
 70
     1
102
RTVSPropertyOp22
 70
     1
102
RTVSPropertyOp23
 70
     1
102
RTVSPropertyOp24
 70
     1
102
RTVSPropertyOp25
 70
     1
102
RTVSPropertyOp26
 70
     1
102
RTVSPropertyOp27
 70
     1
102
RTVSPropertyOp28
 70
     1
102
RTVSPropertyOp29
 70
     1
102
RTVSPropertyOp30
 70
     1
102
RTVSPropertyOp31
 70
     1
102
RTVSPropertyOp32
 70
     1
102
RTVSPropertyOp33
 70
     1
102
RTVSPropertyOp34
 70
     1
102
RTVSPropertyOp35
 70
     1
102
RTVSPropertyOp36
 70
     1
102
RTVSPropertyOp37
 70
     1
102
RTVSPropertyOp38
 70
     1
102
RTVSPropertyOp39
 70
     1
102
RTVSPropertyOp40
 70
     1
102
RTVSPropertyOp41
 70
     1
102
RTVSPropertyOp42
 70
     1
102
RTVSPropertyOp43
 70
     1
102
RTVSPropertyOp44
 70
     1
102
RTVSPropertyOp45
 70
     1
102
RTVSPropertyOp46
 70
     1
102
RTVSPropertyOp47
 70
     1
102
RTVSPropertyOp48
 70
     1
102
RTVSPropertyOp49
 70
     1
102
RTVSPropertyOp50
 70
     1
102
RTVSPropertyOp51
 70
     0
102
RTVSPropertyOp52
 70
     0
102
RTVSPropertyOp53
 70
     1
102
RTVSPropertyOp54
 70
     1
102
RTVSPropertyOp55
 70
     1
102
RTVSPropertyOp56
 70
     1
102
RTVSPropertyOp57
 70
     1
102
RTVSPropertyOp58
 70
     1
102
RTVSPropertyOp59
 70
     1
102
RTVSPropertyOp60
 70
     1
102
RTVSPropertyOp61
 70
     1
102
RTVSPropertyOp62
 70
     1
  0
XRECORD
  5
28D
102
{ACAD_REACTORS
330
28C
102
}
330
28C
100
AcDbXrecord
280
     1
102
RTVSPost2010Prop28
280
     0
102
RTVSPost2010PropOp28
 70
     1
102
RTVSPost2010Prop29
280
     1
102
RTVSPost2010PropOp29
 70
     1
102
RTVSPost2010Prop30
280
     1
102
RTVSPost2010PropOp30
 70
     1
102
RTVSPost2010Prop31
280
     0
102
RTVSPost2010PropOp31
 70
     1
102
RTVSPost2010Prop32
280
     0
102
RTVSPost2010PropOp32
 70
     1
102
RTVSPost2010Prop33
280
     0
102
RTVSPost2010PropOp33
 70
     1
102
RTVSPost2010Prop34
280
     0
102
RTVSPost2010PropOp34
 70
     1
102
RTVSPost2010Prop35
280
     0
102
RTVSPost2010PropOp35
 70
     1
102
RTVSPost2010Prop36
280
     0
102
RTVSPost2010PropOp36
 70
     1
102
RTVSPost2010Prop37
 90
       50
102
RTVSPost2010PropOp37
 70
     1
102
RTVSPost2010Prop38
140
0.0
102
RTVSPost2010PropOp38
 70
     1
102
RTVSPost2010Prop39
140
1.0
102
RTVSPost2010PropOp39
 70
     1
102
RTVSPost2010Prop40
 90
        0
102
RTVSPost2010PropOp40
 70
     1
102
RTVSPost2010Prop41ColorIndex
 90
       18
102
RTVSPost2010Prop41ColorRGB
 90
        0
102
RTVSPost2010PropOp41
 70
     1
102
RTVSPost2010Prop42
 90
       50
102
RTVSPost2010PropOp42
 70
     1
102
RTVSPost2010Prop43
 90
        3
102
RTVSPost2010PropOp43
 70
     1
102
RTVSPost2010Prop44ColorIndex
 90
        5
102
RTVSPost2010Prop44ColorRGB
 90
      255
102
RTVSPost2010PropOp44
 70
     1
102
RTVSPost2010Prop45
280
     0
102
RTVSPost2010PropOp45
 70
     1
102
RTVSPost2010Prop46
 90
       50
102
RTVSPost2010PropOp46
 70
     1
102
RTVSPost2010Prop47
 90
       50
102
RTVSPost2010PropOp47
 70
     1
102
RTVSPost2010Prop48
 90
       50
102
RTVSPost2010PropOp48
 70
     1
102
RTVSPost2010Prop49
280
     0
102
RTVSPost2010PropOp49
 70
     1
102
RTVSPost2010Prop50
 90
       50
102
RTVSPost2010PropOp50
 70
     1
102
RTVSPost2010Prop51ColorIndex
 90
      256
102
RTVSPost2010Prop51ColorRGB
 90
-16777216
102
RTVSPost2010PropOp51
 70
     0
102
RTVSPost2010Prop52
140
1.0
102
RTVSPost2010PropOp52
 70
     0
102
RTVSPost2010Prop53
 90
        2
102
RTVSPost2010PropOp53
 70
     1
102
RTVSPost2010Prop54
  1
strokes_ogs.tif
102
RTVSPost2010PropOp54
 70
     1
102
RTVSPost2010Prop55
280
     0
102
RTVSPost2010PropOp55
 70
     1
102
RTVSPost2010Prop56
140
1.0
102
RTVSPost2010PropOp56
 70
     1
102
RTVSPost2010Prop57
140
1.0
102
RTVSPost2010PropOp57
 70
     1
102
RTVSPropertyOp0
 70
     1
102
RTVSPropertyOp1
 70
     1
102
RTVSPropertyOp2
 70
     1
102
RTVSPropertyOp3
 70
     1
102
RTVSPropertyOp4
 70
     1
102
RTVSPropertyOp5
 70
     1
102
RTVSPropertyOp6
 70
     1
102
RTVSPropertyOp7
 70
     1
102
RTVSPropertyOp8
 70
     1
102
RTVSPropertyOp9
 70
     1
102
RTVSPropertyOp10
 70
     1
102
RTVSPropertyOp11
 70
     1
102
RTVSPropertyOp12
 70
     1
102
RTVSPropertyOp13
 70
     1
102
RTVSPropertyOp14
 70
     1
102
RTVSPropertyOp15
 70
     1
102
RTVSPropertyOp16
 70
     1
102
RTVSPropertyOp17
 70
     1
102
RTVSPropertyOp18
 70
     1
102
RTVSPropertyOp19
 70
     1
102
RTVSPropertyOp20
 70
     1
102
RTVSPropertyOp21
 70
     1
102
RTVSPropertyOp22
 70
     1
102
RTVSPropertyOp23
 70
     1
102
RTVSPropertyOp24
 70
     1
102
RTVSPropertyOp25
 70
     1
102
RTVSPropertyOp26
 70
     1
102
RTVSPropertyOp27
 70
     1
102
RTVSPropertyOp28
 70
     1
102
RTVSPropertyOp29
 70
     1
102
RTVSPropertyOp30
 70
     1
102
RTVSPropertyOp31
 70
     1
102
RTVSPropertyOp32
 70
     1
102
RTVSPropertyOp33
 70
     1
102
RTVSPropertyOp34
 70
     1
102
RTVSPropertyOp35
 70
     1
102
RTVSPropertyOp36
 70
     1
102
RTVSPropertyOp37
 70
     1
102
RTVSPropertyOp38
 70
     1
102
RTVSPropertyOp39
 70
     1
102
RTVSPropertyOp40
 70
     1
102
RTVSPropertyOp41
 70
     1
102
RTVSPropertyOp42
 70
     1
102
RTVSPropertyOp43
 70
     1
102
RTVSPropertyOp44
 70
     1
102
RTVSPropertyOp45
 70
     1
102
RTVSPropertyOp46
 70
     1
102
RTVSPropertyOp47
 70
     1
102
RTVSPropertyOp48
 70
     1
102
RTVSPropertyOp49
 70
     1
102
RTVSPropertyOp50
 70
     1
102
RTVSPropertyOp51
 70
     0
102
RTVSPropertyOp52
 70
     0
102
RTVSPropertyOp53
 70
     1
102
RTVSPropertyOp54
 70
     1
102
RTVSPropertyOp55
 70
     1
102
RTVSPropertyOp56
 70
     1
102
RTVSPropertyOp57
 70
     1
102
RTVSPropertyOp58
 70
     1
102
RTVSPropertyOp59
 70
     1
102
RTVSPropertyOp60
 70
     1
102
RTVSPropertyOp61
 70
     1
102
RTVSPropertyOp62
 70
     1
  0
XRECORD
  5
295
102
{ACAD_REACTORS
330
294
102
}
330
294
100
AcDbXrecord
280
     1
102
RTVSPost2010Prop28
280
     0
102
RTVSPost2010PropOp28
 70
     1
102
RTVSPost2010Prop29
280
     1
102
RTVSPost2010PropOp29
 70
     1
102
RTVSPost2010Prop30
280
     1
102
RTVSPost2010PropOp30
 70
     1
102
RTVSPost2010Prop31
280
     0
102
RTVSPost2010PropOp31
 70
     1
102
RTVSPost2010Prop32
280
     0
102
RTVSPost2010PropOp32
 70
     1
102
RTVSPost2010Prop33
280
     0
102
RTVSPost2010PropOp33
 70
     1
102
RTVSPost2010Prop34
280
     0
102
RTVSPost2010PropOp34
 70
     1
102
RTVSPost2010Prop35
280
     0
102
RTVSPost2010PropOp35
 70
     1
102
RTVSPost2010Prop36
280
     0
102
RTVSPost2010PropOp36
 70
     1
102
RTVSPost2010Prop37
 90
       50
102
RTVSPost2010PropOp37
 70
     1
102
RTVSPost2010Prop38
140
0.0
102
RTVSPost2010PropOp38
 70
     1
102
RTVSPost2010Prop39
140
1.0
102
RTVSPost2010PropOp39
 70
     1
102
RTVSPost2010Prop40
 90
        0
102
RTVSPost2010PropOp40
 70
     1
102
RTVSPost2010Prop41ColorIndex
 90
       18
102
RTVSPost2010Prop41ColorRGB
 90
        0
102
RTVSPost2010PropOp41
 70
     1
102
RTVSPost2010Prop42
 90
       50
102
RTVSPost2010PropOp42
 70
     1
102
RTVSPost2010Prop43
 90
        3
102
RTVSPost2010PropOp43
 70
     1
102
RTVSPost2010Prop44ColorIndex
 90
        5
102
RTVSPost2010Prop44ColorRGB
 90
      255
102
RTVSPost2010PropOp44
 70
     1
102
RTVSPost2010Prop45
280
     0
102
RTVSPost2010PropOp45
 70
     1
102
RTVSPost2010Prop46
 90
       50
102
RTVSPost2010PropOp46
 70
     1
102
RTVSPost2010Prop47
 90
       50
102
RTVSPost2010PropOp47
 70
     1
102
RTVSPost2010Prop48
 90
       50
102
RTVSPost2010PropOp48
 70
     1
102
RTVSPost2010Prop49
280
     0
102
RTVSPost2010PropOp49
 70
     1
102
RTVSPost2010Prop50
 90
       50
102
RTVSPost2010PropOp50
 70
     1
102
RTVSPost2010Prop51ColorIndex
 90
      256
102
RTVSPost2010Prop51ColorRGB
 90
-16777216
102
RTVSPost2010PropOp51
 70
     0
102
RTVSPost2010Prop52
140
1.0
102
RTVSPost2010PropOp52
 70
     0
102
RTVSPost2010Prop53
 90
        2
102
RTVSPost2010PropOp53
 70
     1
102
RTVSPost2010Prop54
  1
strokes_ogs.tif
102
RTVSPost2010PropOp54
 70
     1
102
RTVSPost2010Prop55
280
     0
102
RTVSPost2010PropOp55
 70
     1
102
RTVSPost2010Prop56
140
1.0
102
RTVSPost2010PropOp56
 70
     1
102
RTVSPost2010Prop57
140
1.0
102
RTVSPost2010PropOp57
 70
     1
102
RTVSPropertyOp0
 70
     1
102
RTVSPropertyOp1
 70
     1
102
RTVSPropertyOp2
 70
     1
102
RTVSPropertyOp3
 70
     1
102
RTVSPropertyOp4
 70
     1
102
RTVSPropertyOp5
 70
     1
102
RTVSPropertyOp6
 70
     1
102
RTVSPropertyOp7
 70
     1
102
RTVSPropertyOp8
 70
     1
102
RTVSPropertyOp9
 70
     1
102
RTVSPropertyOp10
 70
     1
102
RTVSPropertyOp11
 70
     1
102
RTVSPropertyOp12
 70
     1
102
RTVSPropertyOp13
 70
     1
102
RTVSPropertyOp14
 70
     1
102
RTVSPropertyOp15
 70
     1
102
RTVSPropertyOp16
 70
     1
102
RTVSPropertyOp17
 70
     1
102
RTVSPropertyOp18
 70
     1
102
RTVSPropertyOp19
 70
     1
102
RTVSPropertyOp20
 70
     1
102
RTVSPropertyOp21
 70
     1
102
RTVSPropertyOp22
 70
     1
102
RTVSPropertyOp23
 70
     1
102
RTVSPropertyOp24
 70
     1
102
RTVSPropertyOp25
 70
     1
102
RTVSPropertyOp26
 70
     1
102
RTVSPropertyOp27
 70
     1
102
RTVSPropertyOp28
 70
     1
102
RTVSPropertyOp29
 70
     1
102
RTVSPropertyOp30
 70
     1
102
RTVSPropertyOp31
 70
     1
102
RTVSPropertyOp32
 70
     1
102
RTVSPropertyOp33
 70
     1
102
RTVSPropertyOp34
 70
     1
102
RTVSPropertyOp35
 70
     1
102
RTVSPropertyOp36
 70
     1
102
RTVSPropertyOp37
 70
     1
102
RTVSPropertyOp38
 70
     1
102
RTVSPropertyOp39
 70
     1
102
RTVSPropertyOp40
 70
     1
102
RTVSPropertyOp41
 70
     1
102
RTVSPropertyOp42
 70
     1
102
RTVSPropertyOp43
 70
     1
102
RTVSPropertyOp44
 70
     1
102
RTVSPropertyOp45
 70
     1
102
RTVSPropertyOp46
 70
     1
102
RTVSPropertyOp47
 70
     1
102
RTVSPropertyOp48
 70
     1
102
RTVSPropertyOp49
 70
     1
102
RTVSPropertyOp50
 70
     1
102
RTVSPropertyOp51
 70
     0
102
RTVSPropertyOp52
 70
     0
102
RTVSPropertyOp53
 70
     1
102
RTVSPropertyOp54
 70
     1
102
RTVSPropertyOp55
 70
     1
102
RTVSPropertyOp56
 70
     1
102
RTVSPropertyOp57
 70
     1
102
RTVSPropertyOp58
 70
     1
102
RTVSPropertyOp59
 70
     1
102
RTVSPropertyOp60
 70
     1
102
RTVSPropertyOp61
 70
     1
102
RTVSPropertyOp62
 70
     1
  0
XRECORD
  5
2A7
102
{ACAD_REACTORS
330
2A6
102
}
330
2A6
100
AcDbXrecord
280
     1
102
RTVSPost2010Prop28
280
     0
102
RTVSPost2010PropOp28
 70
     1
102
RTVSPost2010Prop29
280
     1
102
RTVSPost2010PropOp29
 70
     1
102
RTVSPost2010Prop30
280
     1
102
RTVSPost2010PropOp30
 70
     1
102
RTVSPost2010Prop31
280
     0
102
RTVSPost2010PropOp31
 70
     1
102
RTVSPost2010Prop32
280
     0
102
RTVSPost2010PropOp32
 70
     1
102
RTVSPost2010Prop33
280
     0
102
RTVSPost2010PropOp33
 70
     1
102
RTVSPost2010Prop34
280
     0
102
RTVSPost2010PropOp34
 70
     1
102
RTVSPost2010Prop35
280
     0
102
RTVSPost2010PropOp35
 70
     1
102
RTVSPost2010Prop36
280
     0
102
RTVSPost2010PropOp36
 70
     1
102
RTVSPost2010Prop37
 90
       50
102
RTVSPost2010PropOp37
 70
     1
102
RTVSPost2010Prop38
140
0.0
102
RTVSPost2010PropOp38
 70
     1
102
RTVSPost2010Prop39
140
1.0
102
RTVSPost2010PropOp39
 70
     1
102
RTVSPost2010Prop40
 90
        0
102
RTVSPost2010PropOp40
 70
     1
102
RTVSPost2010Prop41ColorIndex
 90
       18
102
RTVSPost2010Prop41ColorRGB
 90
        0
102
RTVSPost2010PropOp41
 70
     1
102
RTVSPost2010Prop42
 90
       50
102
RTVSPost2010PropOp42
 70
     1
102
RTVSPost2010Prop43
 90
        3
102
RTVSPost2010PropOp43
 70
     1
102
RTVSPost2010Prop44ColorIndex
 90
        5
102
RTVSPost2010Prop44ColorRGB
 90
      255
102
RTVSPost2010PropOp44
 70
     1
102
RTVSPost2010Prop45
280
     0
102
RTVSPost2010PropOp45
 70
     1
102
RTVSPost2010Prop46
 90
       50
102
RTVSPost2010PropOp46
 70
     1
102
RTVSPost2010Prop47
 90
       50
102
RTVSPost2010PropOp47
 70
     1
102
RTVSPost2010Prop48
 90
       50
102
RTVSPost2010PropOp48
 70
     1
102
RTVSPost2010Prop49
280
     0
102
RTVSPost2010PropOp49
 70
     1
102
RTVSPost2010Prop50
 90
       50
102
RTVSPost2010PropOp50
 70
     1
102
RTVSPost2010Prop51ColorIndex
 90
      256
102
RTVSPost2010Prop51ColorRGB
 90
-16777216
102
RTVSPost2010PropOp51
 70
     0
102
RTVSPost2010Prop52
140
1.0
102
RTVSPost2010PropOp52
 70
     0
102
RTVSPost2010Prop53
 90
        2
102
RTVSPost2010PropOp53
 70
     1
102
RTVSPost2010Prop54
  1
strokes_ogs.tif
102
RTVSPost2010PropOp54
 70
     1
102
RTVSPost2010Prop55
280
     0
102
RTVSPost2010PropOp55
 70
     1
102
RTVSPost2010Prop56
140
1.0
102
RTVSPost2010PropOp56
 70
     1
102
RTVSPost2010Prop57
140
1.0
102
RTVSPost2010PropOp57
 70
     1
102
RTVSPropertyOp0
 70
     0
102
RTVSPropertyOp1
 70
     0
102
RTVSPropertyOp2
 70
     0
102
RTVSPropertyOp3
 70
     0
102
RTVSPropertyOp4
 70
     0
102
RTVSPropertyOp5
 70
     0
102
RTVSPropertyOp6
 70
     0
102
RTVSPropertyOp7
 70
     0
102
RTVSPropertyOp8
 70
     0
102
RTVSPropertyOp9
 70
     0
102
RTVSPropertyOp10
 70
     0
102
RTVSPropertyOp11
 70
     0
102
RTVSPropertyOp12
 70
     0
102
RTVSPropertyOp13
 70
     0
102
RTVSPropertyOp14
 70
     2
102
RTVSPropertyOp15
 70
     0
102
RTVSPropertyOp16
 70
     0
102
RTVSPropertyOp17
 70
     0
102
RTVSPropertyOp18
 70
     0
102
RTVSPropertyOp19
 70
     0
102
RTVSPropertyOp20
 70
     0
102
RTVSPropertyOp21
 70
     0
102
RTVSPropertyOp22
 70
     0
102
RTVSPropertyOp23
 70
     0
102
RTVSPropertyOp24
 70
     0
102
RTVSPropertyOp25
 70
     0
102
RTVSPropertyOp26
 70
     0
102
RTVSPropertyOp27
 70
     0
102
RTVSPropertyOp28
 70
     1
102
RTVSPropertyOp29
 70
     1
102
RTVSPropertyOp30
 70
     1
102
RTVSPropertyOp31
 70
     1
102
RTVSPropertyOp32
 70
     1
102
RTVSPropertyOp33
 70
     1
102
RTVSPropertyOp34
 70
     1
102
RTVSPropertyOp35
 70
     1
102
RTVSPropertyOp36
 70
     1
102
RTVSPropertyOp37
 70
     1
102
RTVSPropertyOp38
 70
     1
102
RTVSPropertyOp39
 70
     1
102
RTVSPropertyOp40
 70
     1
102
RTVSPropertyOp41
 70
     1
102
RTVSPropertyOp42
 70
     1
102
RTVSPropertyOp43
 70
     1
102
RTVSPropertyOp44
 70
     1
102
RTVSPropertyOp45
 70
     1
102
RTVSPropertyOp46
 70
     1
102
RTVSPropertyOp47
 70
     1
102
RTVSPropertyOp48
 70
     1
102
RTVSPropertyOp49
 70
     1
102
RTVSPropertyOp50
 70
     1
102
RTVSPropertyOp51
 70
     0
102
RTVSPropertyOp52
 70
     0
102
RTVSPropertyOp53
 70
     1
102
RTVSPropertyOp54
 70
     1
102
RTVSPropertyOp55
 70
     1
102
RTVSPropertyOp56
 70
     1
102
RTVSPropertyOp57
 70
     1
102
RTVSPropertyOp58
 70
     1
102
RTVSPropertyOp59
 70
     1
102
RTVSPropertyOp60
 70
     1
102
RTVSPropertyOp61
 70
     1
102
RTVSPropertyOp62
 70
     1
  0
XRECORD
  5
2A1
102
{ACAD_REACTORS
330
2A0
102
}
330
2A0
100
AcDbXrecord
280
     1
102
RTVSPost2010Prop28
280
     0
102
RTVSPost2010PropOp28
 70
     1
102
RTVSPost2010Prop29
280
     1
102
RTVSPost2010PropOp29
 70
     1
102
RTVSPost2010Prop30
280
     1
102
RTVSPost2010PropOp30
 70
     1
102
RTVSPost2010Prop31
280
     0
102
RTVSPost2010PropOp31
 70
     1
102
RTVSPost2010Prop32
280
     0
102
RTVSPost2010PropOp32
 70
     1
102
RTVSPost2010Prop33
280
     0
102
RTVSPost2010PropOp33
 70
     1
102
RTVSPost2010Prop34
280
     0
102
RTVSPost2010PropOp34
 70
     1
102
RTVSPost2010Prop35
280
     0
102
RTVSPost2010PropOp35
 70
     1
102
RTVSPost2010Prop36
280
     0
102
RTVSPost2010PropOp36
 70
     1
102
RTVSPost2010Prop37
 90
       50
102
RTVSPost2010PropOp37
 70
     1
102
RTVSPost2010Prop38
140
0.0
102
RTVSPost2010PropOp38
 70
     1
102
RTVSPost2010Prop39
140
1.0
102
RTVSPost2010PropOp39
 70
     1
102
RTVSPost2010Prop40
 90
        0
102
RTVSPost2010PropOp40
 70
     1
102
RTVSPost2010Prop41ColorIndex
 90
       18
102
RTVSPost2010Prop41ColorRGB
 90
        0
102
RTVSPost2010PropOp41
 70
     1
102
RTVSPost2010Prop42
 90
       50
102
RTVSPost2010PropOp42
 70
     1
102
RTVSPost2010Prop43
 90
        3
102
RTVSPost2010PropOp43
 70
     1
102
RTVSPost2010Prop44ColorIndex
 90
        5
102
RTVSPost2010Prop44ColorRGB
 90
      255
102
RTVSPost2010PropOp44
 70
     1
102
RTVSPost2010Prop45
280
     0
102
RTVSPost2010PropOp45
 70
     1
102
RTVSPost2010Prop46
 90
       50
102
RTVSPost2010PropOp46
 70
     1
102
RTVSPost2010Prop47
 90
       50
102
RTVSPost2010PropOp47
 70
     1
102
RTVSPost2010Prop48
 90
       50
102
RTVSPost2010PropOp48
 70
     1
102
RTVSPost2010Prop49
280
     0
102
RTVSPost2010PropOp49
 70
     1
102
RTVSPost2010Prop50
 90
       50
102
RTVSPost2010PropOp50
 70
     1
102
RTVSPost2010Prop51ColorIndex
 90
      256
102
RTVSPost2010Prop51ColorRGB
 90
-16777216
102
RTVSPost2010PropOp51
 70
     0
102
RTVSPost2010Prop52
140
1.0
102
RTVSPost2010PropOp52
 70
     0
102
RTVSPost2010Prop53
 90
        2
102
RTVSPost2010PropOp53
 70
     1
102
RTVSPost2010Prop54
  1
strokes_ogs.tif
102
RTVSPost2010PropOp54
 70
     1
102
RTVSPost2010Prop55
280
     0
102
RTVSPost2010PropOp55
 70
     1
102
RTVSPost2010Prop56
140
1.0
102
RTVSPost2010PropOp56
 70
     1
102
RTVSPost2010Prop57
140
1.0
102
RTVSPost2010PropOp57
 70
     1
102
RTVSPropertyOp0
 70
     1
102
RTVSPropertyOp1
 70
     1
102
RTVSPropertyOp2
 70
     1
102
RTVSPropertyOp3
 70
     1
102
RTVSPropertyOp4
 70
     1
102
RTVSPropertyOp5
 70
     1
102
RTVSPropertyOp6
 70
     1
102
RTVSPropertyOp7
 70
     1
102
RTVSPropertyOp8
 70
     1
102
RTVSPropertyOp9
 70
     1
102
RTVSPropertyOp10
 70
     1
102
RTVSPropertyOp11
 70
     1
102
RTVSPropertyOp12
 70
     1
102
RTVSPropertyOp13
 70
     1
102
RTVSPropertyOp14
 70
     1
102
RTVSPropertyOp15
 70
     1
102
RTVSPropertyOp16
 70
     1
102
RTVSPropertyOp17
 70
     1
102
RTVSPropertyOp18
 70
     1
102
RTVSPropertyOp19
 70
     1
102
RTVSPropertyOp20
 70
     1
102
RTVSPropertyOp21
 70
     1
102
RTVSPropertyOp22
 70
     1
102
RTVSPropertyOp23
 70
     1
102
RTVSPropertyOp24
 70
     1
102
RTVSPropertyOp25
 70
     1
102
RTVSPropertyOp26
 70
     1
102
RTVSPropertyOp27
 70
     1
102
RTVSPropertyOp28
 70
     1
102
RTVSPropertyOp29
 70
     1
102
RTVSPropertyOp30
 70
     1
102
RTVSPropertyOp31
 70
     1
102
RTVSPropertyOp32
 70
     1
102
RTVSPropertyOp33
 70
     1
102
RTVSPropertyOp34
 70
     1
102
RTVSPropertyOp35
 70
     1
102
RTVSPropertyOp36
 70
     1
102
RTVSPropertyOp37
 70
     1
102
RTVSPropertyOp38
 70
     1
102
RTVSPropertyOp39
 70
     1
102
RTVSPropertyOp40
 70
     1
102
RTVSPropertyOp41
 70
     1
102
RTVSPropertyOp42
 70
     1
102
RTVSPropertyOp43
 70
     1
102
RTVSPropertyOp44
 70
     1
102
RTVSPropertyOp45
 70
     1
102
RTVSPropertyOp46
 70
     1
102
RTVSPropertyOp47
 70
     1
102
RTVSPropertyOp48
 70
     1
102
RTVSPropertyOp49
 70
     1
102
RTVSPropertyOp50
 70
     1
102
RTVSPropertyOp51
 70
     0
102
RTVSPropertyOp52
 70
     0
102
RTVSPropertyOp53
 70
     1
102
RTVSPropertyOp54
 70
     1
102
RTVSPropertyOp55
 70
     1
102
RTVSPropertyOp56
 70
     1
102
RTVSPropertyOp57
 70
     1
102
RTVSPropertyOp58
 70
     1
102
RTVSPropertyOp59
 70
     1
102
RTVSPropertyOp60
 70
     1
102
RTVSPropertyOp61
 70
     1
102
RTVSPropertyOp62
 70
     1
  0
XRECORD
  5
2A9
102
{ACAD_REACTORS
330
2A8
102
}
330
2A8
100
AcDbXrecord
280
     1
102
RTVSPost2010Prop28
280
     0
102
RTVSPost2010PropOp28
 70
     1
102
RTVSPost2010Prop29
280
     1
102
RTVSPost2010PropOp29
 70
     1
102
RTVSPost2010Prop30
280
     1
102
RTVSPost2010PropOp30
 70
     1
102
RTVSPost2010Prop31
280
     0
102
RTVSPost2010PropOp31
 70
     1
102
RTVSPost2010Prop32
280
     0
102
RTVSPost2010PropOp32
 70
     1
102
RTVSPost2010Prop33
280
     0
102
RTVSPost2010PropOp33
 70
     1
102
RTVSPost2010Prop34
280
     0
102
RTVSPost2010PropOp34
 70
     1
102
RTVSPost2010Prop35
280
     0
102
RTVSPost2010PropOp35
 70
     1
102
RTVSPost2010Prop36
280
     0
102
RTVSPost2010PropOp36
 70
     1
102
RTVSPost2010Prop37
 90
       50
102
RTVSPost2010PropOp37
 70
     1
102
RTVSPost2010Prop38
140
0.0
102
RTVSPost2010PropOp38
 70
     1
102
RTVSPost2010Prop39
140
1.0
102
RTVSPost2010PropOp39
 70
     1
102
RTVSPost2010Prop40
 90
        0
102
RTVSPost2010PropOp40
 70
     1
102
RTVSPost2010Prop41ColorIndex
 90
       18
102
RTVSPost2010Prop41ColorRGB
 90
        0
102
RTVSPost2010PropOp41
 70
     1
102
RTVSPost2010Prop42
 90
       50
102
RTVSPost2010PropOp42
 70
     1
102
RTVSPost2010Prop43
 90
        3
102
RTVSPost2010PropOp43
 70
     1
102
RTVSPost2010Prop44ColorIndex
 90
        5
102
RTVSPost2010Prop44ColorRGB
 90
      255
102
RTVSPost2010PropOp44
 70
     1
102
RTVSPost2010Prop45
280
     0
102
RTVSPost2010PropOp45
 70
     1
102
RTVSPost2010Prop46
 90
       50
102
RTVSPost2010PropOp46
 70
     1
102
RTVSPost2010Prop47
 90
       50
102
RTVSPost2010PropOp47
 70
     1
102
RTVSPost2010Prop48
 90
       50
102
RTVSPost2010PropOp48
 70
     1
102
RTVSPost2010Prop49
280
     0
102
RTVSPost2010PropOp49
 70
     1
102
RTVSPost2010Prop50
 90
       50
102
RTVSPost2010PropOp50
 70
     1
102
RTVSPost2010Prop51ColorIndex
 90
      256
102
RTVSPost2010Prop51ColorRGB
 90
-16777216
102
RTVSPost2010PropOp51
 70
     0
102
RTVSPost2010Prop52
140
1.0
102
RTVSPost2010PropOp52
 70
     0
102
RTVSPost2010Prop53
 90
        2
102
RTVSPost2010PropOp53
 70
     1
102
RTVSPost2010Prop54
  1
strokes_ogs.tif
102
RTVSPost2010PropOp54
 70
     1
102
RTVSPost2010Prop55
280
     0
102
RTVSPost2010PropOp55
 70
     1
102
RTVSPost2010Prop56
140
1.0
102
RTVSPost2010PropOp56
 70
     1
102
RTVSPost2010Prop57
140
1.0
102
RTVSPost2010PropOp57
 70
     1
102
RTVSPropertyOp0
 70
     0
102
RTVSPropertyOp1
 70
     0
102
RTVSPropertyOp2
 70
     0
102
RTVSPropertyOp3
 70
     0
102
RTVSPropertyOp4
 70
     0
102
RTVSPropertyOp5
 70
     0
102
RTVSPropertyOp6
 70
     0
102
RTVSPropertyOp7
 70
     0
102
RTVSPropertyOp8
 70
     0
102
RTVSPropertyOp9
 70
     0
102
RTVSPropertyOp10
 70
     0
102
RTVSPropertyOp11
 70
     0
102
RTVSPropertyOp12
 70
     0
102
RTVSPropertyOp13
 70
     0
102
RTVSPropertyOp14
 70
     2
102
RTVSPropertyOp15
 70
     0
102
RTVSPropertyOp16
 70
     0
102
RTVSPropertyOp17
 70
     0
102
RTVSPropertyOp18
 70
     0
102
RTVSPropertyOp19
 70
     0
102
RTVSPropertyOp20
 70
     0
102
RTVSPropertyOp21
 70
     0
102
RTVSPropertyOp22
 70
     0
102
RTVSPropertyOp23
 70
     0
102
RTVSPropertyOp24
 70
     0
102
RTVSPropertyOp25
 70
     0
102
RTVSPropertyOp26
 70
     0
102
RTVSPropertyOp27
 70
     0
102
RTVSPropertyOp28
 70
     1
102
RTVSPropertyOp29
 70
     1
102
RTVSPropertyOp30
 70
     1
102
RTVSPropertyOp31
 70
     1
102
RTVSPropertyOp32
 70
     1
102
RTVSPropertyOp33
 70
     1
102
RTVSPropertyOp34
 70
     1
102
RTVSPropertyOp35
 70
     1
102
RTVSPropertyOp36
 70
     1
102
RTVSPropertyOp37
 70
     1
102
RTVSPropertyOp38
 70
     1
102
RTVSPropertyOp39
 70
     1
102
RTVSPropertyOp40
 70
     1
102
RTVSPropertyOp41
 70
     1
102
RTVSPropertyOp42
 70
     1
102
RTVSPropertyOp43
 70
     1
102
RTVSPropertyOp44
 70
     1
102
RTVSPropertyOp45
 70
     1
102
RTVSPropertyOp46
 70
     1
102
RTVSPropertyOp47
 70
     1
102
RTVSPropertyOp48
 70
     1
102
RTVSPropertyOp49
 70
     1
102
RTVSPropertyOp50
 70
     1
102
RTVSPropertyOp51
 70
     0
102
RTVSPropertyOp52
 70
     0
102
RTVSPropertyOp53
 70
     1
102
RTVSPropertyOp54
 70
     1
102
RTVSPropertyOp55
 70
     1
102
RTVSPropertyOp56
 70
     1
102
RTVSPropertyOp57
 70
     1
102
RTVSPropertyOp58
 70
     1
102
RTVSPropertyOp59
 70
     1
102
RTVSPropertyOp60
 70
     1
102
RTVSPropertyOp61
 70
     1
102
RTVSPropertyOp62
 70
     1
  0
XRECORD
  5
299
102
{ACAD_REACTORS
330
298
102
}
330
298
100
AcDbXrecord
280
     1
102
RTVSPost2010Prop28
280
     0
102
RTVSPost2010PropOp28
 70
     1
102
RTVSPost2010Prop29
280
     1
102
RTVSPost2010PropOp29
 70
     1
102
RTVSPost2010Prop30
280
     1
102
RTVSPost2010PropOp30
 70
     1
102
RTVSPost2010Prop31
280
     0
102
RTVSPost2010PropOp31
 70
     1
102
RTVSPost2010Prop32
280
     0
102
RTVSPost2010PropOp32
 70
     1
102
RTVSPost2010Prop33
280
     0
102
RTVSPost2010PropOp33
 70
     1
102
RTVSPost2010Prop34
280
     0
102
RTVSPost2010PropOp34
 70
     1
102
RTVSPost2010Prop35
280
     0
102
RTVSPost2010PropOp35
 70
     1
102
RTVSPost2010Prop36
280
     0
102
RTVSPost2010PropOp36
 70
     1
102
RTVSPost2010Prop37
 90
       50
102
RTVSPost2010PropOp37
 70
     1
102
RTVSPost2010Prop38
140
0.0
102
RTVSPost2010PropOp38
 70
     1
102
RTVSPost2010Prop39
140
1.0
102
RTVSPost2010PropOp39
 70
     1
102
RTVSPost2010Prop40
 90
        0
102
RTVSPost2010PropOp40
 70
     1
102
RTVSPost2010Prop41ColorIndex
 90
       18
102
RTVSPost2010Prop41ColorRGB
 90
        0
102
RTVSPost2010PropOp41
 70
     1
102
RTVSPost2010Prop42
 90
       50
102
RTVSPost2010PropOp42
 70
     1
102
RTVSPost2010Prop43
 90
        3
102
RTVSPost2010PropOp43
 70
     1
102
RTVSPost2010Prop44ColorIndex
 90
        5
102
RTVSPost2010Prop44ColorRGB
 90
      255
102
RTVSPost2010PropOp44
 70
     1
102
RTVSPost2010Prop45
280
     0
102
RTVSPost2010PropOp45
 70
     1
102
RTVSPost2010Prop46
 90
       50
102
RTVSPost2010PropOp46
 70
     1
102
RTVSPost2010Prop47
 90
       50
102
RTVSPost2010PropOp47
 70
     1
102
RTVSPost2010Prop48
 90
       50
102
RTVSPost2010PropOp48
 70
     1
102
RTVSPost2010Prop49
280
     0
102
RTVSPost2010PropOp49
 70
     1
102
RTVSPost2010Prop50
 90
       50
102
RTVSPost2010PropOp50
 70
     1
102
RTVSPost2010Prop51ColorIndex
 90
      256
102
RTVSPost2010Prop51ColorRGB
 90
-16777216
102
RTVSPost2010PropOp51
 70
     0
102
RTVSPost2010Prop52
140
1.0
102
RTVSPost2010PropOp52
 70
     0
102
RTVSPost2010Prop53
 90
        2
102
RTVSPost2010PropOp53
 70
     1
102
RTVSPost2010Prop54
  1
strokes_ogs.tif
102
RTVSPost2010PropOp54
 70
     1
102
RTVSPost2010Prop55
280
     0
102
RTVSPost2010PropOp55
 70
     1
102
RTVSPost2010Prop56
140
1.0
102
RTVSPost2010PropOp56
 70
     1
102
RTVSPost2010Prop57
140
1.0
102
RTVSPost2010PropOp57
 70
     1
102
RTVSPropertyOp0
 70
     1
102
RTVSPropertyOp1
 70
     1
102
RTVSPropertyOp2
 70
     1
102
RTVSPropertyOp3
 70
     1
102
RTVSPropertyOp4
 70
     1
102
RTVSPropertyOp5
 70
     1
102
RTVSPropertyOp6
 70
     1
102
RTVSPropertyOp7
 70
     1
102
RTVSPropertyOp8
 70
     1
102
RTVSPropertyOp9
 70
     1
102
RTVSPropertyOp10
 70
     1
102
RTVSPropertyOp11
 70
     1
102
RTVSPropertyOp12
 70
     1
102
RTVSPropertyOp13
 70
     1
102
RTVSPropertyOp14
 70
     1
102
RTVSPropertyOp15
 70
     1
102
RTVSPropertyOp16
 70
     1
102
RTVSPropertyOp17
 70
     1
102
RTVSPropertyOp18
 70
     1
102
RTVSPropertyOp19
 70
     1
102
RTVSPropertyOp20
 70
     1
102
RTVSPropertyOp21
 70
     1
102
RTVSPropertyOp22
 70
     1
102
RTVSPropertyOp23
 70
     1
102
RTVSPropertyOp24
 70
     1
102
RTVSPropertyOp25
 70
     1
102
RTVSPropertyOp26
 70
     1
102
RTVSPropertyOp27
 70
     1
102
RTVSPropertyOp28
 70
     1
102
RTVSPropertyOp29
 70
     1
102
RTVSPropertyOp30
 70
     1
102
RTVSPropertyOp31
 70
     1
102
RTVSPropertyOp32
 70
     1
102
RTVSPropertyOp33
 70
     1
102
RTVSPropertyOp34
 70
     1
102
RTVSPropertyOp35
 70
     1
102
RTVSPropertyOp36
 70
     1
102
RTVSPropertyOp37
 70
     1
102
RTVSPropertyOp38
 70
     1
102
RTVSPropertyOp39
 70
     1
102
RTVSPropertyOp40
 70
     1
102
RTVSPropertyOp41
 70
     1
102
RTVSPropertyOp42
 70
     1
102
RTVSPropertyOp43
 70
     1
102
RTVSPropertyOp44
 70
     1
102
RTVSPropertyOp45
 70
     1
102
RTVSPropertyOp46
 70
     1
102
RTVSPropertyOp47
 70
     1
102
RTVSPropertyOp48
 70
     1
102
RTVSPropertyOp49
 70
     1
102
RTVSPropertyOp50
 70
     1
102
RTVSPropertyOp51
 70
     0
102
RTVSPropertyOp52
 70
     0
102
RTVSPropertyOp53
 70
     1
102
RTVSPropertyOp54
 70
     1
102
RTVSPropertyOp55
 70
     1
102
RTVSPropertyOp56
 70
     1
102
RTVSPropertyOp57
 70
     1
102
RTVSPropertyOp58
 70
     1
102
RTVSPropertyOp59
 70
     1
102
RTVSPropertyOp60
 70
     1
102
RTVSPropertyOp61
 70
     1
102
RTVSPropertyOp62
 70
     1
  0
XRECORD
  5
2B5
102
{ACAD_REACTORS
330
2B4
102
}
330
2B4
100
AcDbXrecord
280
     1
102
RTVSPost2010Prop28
280
     0
102
RTVSPost2010PropOp28
 70
     1
102
RTVSPost2010Prop29
280
     1
102
RTVSPost2010PropOp29
 70
     1
102
RTVSPost2010Prop30
280
     1
102
RTVSPost2010PropOp30
 70
     1
102
RTVSPost2010Prop31
280
     0
102
RTVSPost2010PropOp31
 70
     1
102
RTVSPost2010Prop32
280
     0
102
RTVSPost2010PropOp32
 70
     1
102
RTVSPost2010Prop33
280
     0
102
RTVSPost2010PropOp33
 70
     1
102
RTVSPost2010Prop34
280
     0
102
RTVSPost2010PropOp34
 70
     1
102
RTVSPost2010Prop35
280
     0
102
RTVSPost2010PropOp35
 70
     1
102
RTVSPost2010Prop36
280
     0
102
RTVSPost2010PropOp36
 70
     1
102
RTVSPost2010Prop37
 90
       50
102
RTVSPost2010PropOp37
 70
     1
102
RTVSPost2010Prop38
140
0.0
102
RTVSPost2010PropOp38
 70
     1
102
RTVSPost2010Prop39
140
1.0
102
RTVSPost2010PropOp39
 70
     1
102
RTVSPost2010Prop40
 90
        0
102
RTVSPost2010PropOp40
 70
     1
102
RTVSPost2010Prop41ColorIndex
 90
       18
102
RTVSPost2010Prop41ColorRGB
 90
        0
102
RTVSPost2010PropOp41
 70
     1
102
RTVSPost2010Prop42
 90
       50
102
RTVSPost2010PropOp42
 70
     1
102
RTVSPost2010Prop43
 90
        3
102
RTVSPost2010PropOp43
 70
     1
102
RTVSPost2010Prop44ColorIndex
 90
        5
102
RTVSPost2010Prop44ColorRGB
 90
      255
102
RTVSPost2010PropOp44
 70
     1
102
RTVSPost2010Prop45
280
     0
102
RTVSPost2010PropOp45
 70
     1
102
RTVSPost2010Prop46
 90
       50
102
RTVSPost2010PropOp46
 70
     1
102
RTVSPost2010Prop47
 90
       50
102
RTVSPost2010PropOp47
 70
     1
102
RTVSPost2010Prop48
 90
       50
102
RTVSPost2010PropOp48
 70
     1
102
RTVSPost2010Prop49
280
     0
102
RTVSPost2010PropOp49
 70
     1
102
RTVSPost2010Prop50
 90
       50
102
RTVSPost2010PropOp50
 70
     1
102
RTVSPost2010Prop51ColorIndex
 90
      256
102
RTVSPost2010Prop51ColorRGB
 90
-16777216
102
RTVSPost2010PropOp51
 70
     0
102
RTVSPost2010Prop52
140
1.0
102
RTVSPost2010PropOp52
 70
     0
102
RTVSPost2010Prop53
 90
        2
102
RTVSPost2010PropOp53
 70
     1
102
RTVSPost2010Prop54
  1
strokes_ogs.tif
102
RTVSPost2010PropOp54
 70
     1
102
RTVSPost2010Prop55
280
     0
102
RTVSPost2010PropOp55
 70
     1
102
RTVSPost2010Prop56
140
1.0
102
RTVSPost2010PropOp56
 70
     1
102
RTVSPost2010Prop57
140
1.0
102
RTVSPost2010PropOp57
 70
     1
102
RTVSPropertyOp0
 70
     1
102
RTVSPropertyOp1
 70
     1
102
RTVSPropertyOp2
 70
     1
102
RTVSPropertyOp3
 70
     1
102
RTVSPropertyOp4
 70
     1
102
RTVSPropertyOp5
 70
     1
102
RTVSPropertyOp6
 70
     1
102
RTVSPropertyOp7
 70
     1
102
RTVSPropertyOp8
 70
     1
102
RTVSPropertyOp9
 70
     1
102
RTVSPropertyOp10
 70
     1
102
RTVSPropertyOp11
 70
     1
102
RTVSPropertyOp12
 70
     1
102
RTVSPropertyOp13
 70
     1
102
RTVSPropertyOp14
 70
     1
102
RTVSPropertyOp15
 70
     1
102
RTVSPropertyOp16
 70
     1
102
RTVSPropertyOp17
 70
     1
102
RTVSPropertyOp18
 70
     1
102
RTVSPropertyOp19
 70
     1
102
RTVSPropertyOp20
 70
     1
102
RTVSPropertyOp21
 70
     1
102
RTVSPropertyOp22
 70
     1
102
RTVSPropertyOp23
 70
     1
102
RTVSPropertyOp24
 70
     1
102
RTVSPropertyOp25
 70
     1
102
RTVSPropertyOp26
 70
     1
102
RTVSPropertyOp27
 70
     1
102
RTVSPropertyOp28
 70
     1
102
RTVSPropertyOp29
 70
     1
102
RTVSPropertyOp30
 70
     1
102
RTVSPropertyOp31
 70
     1
102
RTVSPropertyOp32
 70
     1
102
RTVSPropertyOp33
 70
     1
102
RTVSPropertyOp34
 70
     1
102
RTVSPropertyOp35
 70
     1
102
RTVSPropertyOp36
 70
     1
102
RTVSPropertyOp37
 70
     1
102
RTVSPropertyOp38
 70
     1
102
RTVSPropertyOp39
 70
     1
102
RTVSPropertyOp40
 70
     1
102
RTVSPropertyOp41
 70
     1
102
RTVSPropertyOp42
 70
     1
102
RTVSPropertyOp43
 70
     1
102
RTVSPropertyOp44
 70
     1
102
RTVSPropertyOp45
 70
     1
102
RTVSPropertyOp46
 70
     1
102
RTVSPropertyOp47
 70
     1
102
RTVSPropertyOp48
 70
     1
102
RTVSPropertyOp49
 70
     1
102
RTVSPropertyOp50
 70
     1
102
RTVSPropertyOp51
 70
     0
102
RTVSPropertyOp52
 70
     0
102
RTVSPropertyOp53
 70
     1
102
RTVSPropertyOp54
 70
     1
102
RTVSPropertyOp55
 70
     1
102
RTVSPropertyOp56
 70
     1
102
RTVSPropertyOp57
 70
     1
102
RTVSPropertyOp58
 70
     1
102
RTVSPropertyOp59
 70
     1
102
RTVSPropertyOp60
 70
     1
102
RTVSPropertyOp61
 70
     1
102
RTVSPropertyOp62
 70
     1
  0
XRECORD
  5
2B3
102
{ACAD_REACTORS
330
2B2
102
}
330
2B2
100
AcDbXrecord
280
     1
102
RTVSPost2010Prop28
280
     0
102
RTVSPost2010PropOp28
 70
     1
102
RTVSPost2010Prop29
280
     1
102
RTVSPost2010PropOp29
 70
     1
102
RTVSPost2010Prop30
280
     1
102
RTVSPost2010PropOp30
 70
     1
102
RTVSPost2010Prop31
280
     0
102
RTVSPost2010PropOp31
 70
     1
102
RTVSPost2010Prop32
280
     0
102
RTVSPost2010PropOp32
 70
     1
102
RTVSPost2010Prop33
280
     0
102
RTVSPost2010PropOp33
 70
     1
102
RTVSPost2010Prop34
280
     0
102
RTVSPost2010PropOp34
 70
     1
102
RTVSPost2010Prop35
280
     0
102
RTVSPost2010PropOp35
 70
     1
102
RTVSPost2010Prop36
280
     0
102
RTVSPost2010PropOp36
 70
     1
102
RTVSPost2010Prop37
 90
       50
102
RTVSPost2010PropOp37
 70
     1
102
RTVSPost2010Prop38
140
0.0
102
RTVSPost2010PropOp38
 70
     1
102
RTVSPost2010Prop39
140
1.0
102
RTVSPost2010PropOp39
 70
     1
102
RTVSPost2010Prop40
 90
        0
102
RTVSPost2010PropOp40
 70
     1
102
RTVSPost2010Prop41ColorIndex
 90
       18
102
RTVSPost2010Prop41ColorRGB
 90
        0
102
RTVSPost2010PropOp41
 70
     1
102
RTVSPost2010Prop42
 90
       50
102
RTVSPost2010PropOp42
 70
     1
102
RTVSPost2010Prop43
 90
        3
102
RTVSPost2010PropOp43
 70
     1
102
RTVSPost2010Prop44ColorIndex
 90
        5
102
RTVSPost2010Prop44ColorRGB
 90
      255
102
RTVSPost2010PropOp44
 70
     1
102
RTVSPost2010Prop45
280
     0
102
RTVSPost2010PropOp45
 70
     1
102
RTVSPost2010Prop46
 90
       50
102
RTVSPost2010PropOp46
 70
     1
102
RTVSPost2010Prop47
 90
       50
102
RTVSPost2010PropOp47
 70
     1
102
RTVSPost2010Prop48
 90
       50
102
RTVSPost2010PropOp48
 70
     1
102
RTVSPost2010Prop49
280
     0
102
RTVSPost2010PropOp49
 70
     1
102
RTVSPost2010Prop50
 90
       50
102
RTVSPost2010PropOp50
 70
     1
102
RTVSPost2010Prop51ColorIndex
 90
      256
102
RTVSPost2010Prop51ColorRGB
 90
-16777216
102
RTVSPost2010PropOp51
 70
     0
102
RTVSPost2010Prop52
140
1.0
102
RTVSPost2010PropOp52
 70
     0
102
RTVSPost2010Prop53
 90
        2
102
RTVSPost2010PropOp53
 70
     1
102
RTVSPost2010Prop54
  1
strokes_ogs.tif
102
RTVSPost2010PropOp54
 70
     1
102
RTVSPost2010Prop55
280
     0
102
RTVSPost2010PropOp55
 70
     1
102
RTVSPost2010Prop56
140
1.0
102
RTVSPost2010PropOp56
 70
     1
102
RTVSPost2010Prop57
140
1.0
102
RTVSPost2010PropOp57
 70
     1
102
RTVSPropertyOp0
 70
     1
102
RTVSPropertyOp1
 70
     1
102
RTVSPropertyOp2
 70
     1
102
RTVSPropertyOp3
 70
     1
102
RTVSPropertyOp4
 70
     1
102
RTVSPropertyOp5
 70
     1
102
RTVSPropertyOp6
 70
     1
102
RTVSPropertyOp7
 70
     1
102
RTVSPropertyOp8
 70
     1
102
RTVSPropertyOp9
 70
     1
102
RTVSPropertyOp10
 70
     1
102
RTVSPropertyOp11
 70
     1
102
RTVSPropertyOp12
 70
     1
102
RTVSPropertyOp13
 70
     1
102
RTVSPropertyOp14
 70
     1
102
RTVSPropertyOp15
 70
     1
102
RTVSPropertyOp16
 70
     1
102
RTVSPropertyOp17
 70
     1
102
RTVSPropertyOp18
 70
     1
102
RTVSPropertyOp19
 70
     1
102
RTVSPropertyOp20
 70
     1
102
RTVSPropertyOp21
 70
     1
102
RTVSPropertyOp22
 70
     1
102
RTVSPropertyOp23
 70
     1
102
RTVSPropertyOp24
 70
     1
102
RTVSPropertyOp25
 70
     1
102
RTVSPropertyOp26
 70
     1
102
RTVSPropertyOp27
 70
     1
102
RTVSPropertyOp28
 70
     1
102
RTVSPropertyOp29
 70
     1
102
RTVSPropertyOp30
 70
     1
102
RTVSPropertyOp31
 70
     1
102
RTVSPropertyOp32
 70
     1
102
RTVSPropertyOp33
 70
     1
102
RTVSPropertyOp34
 70
     1
102
RTVSPropertyOp35
 70
     1
102
RTVSPropertyOp36
 70
     1
102
RTVSPropertyOp37
 70
     1
102
RTVSPropertyOp38
 70
     1
102
RTVSPropertyOp39
 70
     1
102
RTVSPropertyOp40
 70
     1
102
RTVSPropertyOp41
 70
     1
102
RTVSPropertyOp42
 70
     1
102
RTVSPropertyOp43
 70
     1
102
RTVSPropertyOp44
 70
     1
102
RTVSPropertyOp45
 70
     1
102
RTVSPropertyOp46
 70
     1
102
RTVSPropertyOp47
 70
     1
102
RTVSPropertyOp48
 70
     1
102
RTVSPropertyOp49
 70
     1
102
RTVSPropertyOp50
 70
     1
102
RTVSPropertyOp51
 70
     0
102
RTVSPropertyOp52
 70
     0
102
RTVSPropertyOp53
 70
     1
102
RTVSPropertyOp54
 70
     1
102
RTVSPropertyOp55
 70
     1
102
RTVSPropertyOp56
 70
     1
102
RTVSPropertyOp57
 70
     1
102
RTVSPropertyOp58
 70
     1
102
RTVSPropertyOp59
 70
     1
102
RTVSPropertyOp60
 70
     1
102
RTVSPropertyOp61
 70
     1
102
RTVSPropertyOp62
 70
     1
  0
XRECORD
  5
2AD
102
{ACAD_REACTORS
330
2AC
102
}
330
2AC
100
AcDbXrecord
280
     1
102
RTVSPost2010Prop28
280
     0
102
RTVSPost2010PropOp28
 70
     1
102
RTVSPost2010Prop29
280
     1
102
RTVSPost2010PropOp29
 70
     1
102
RTVSPost2010Prop30
280
     1
102
RTVSPost2010PropOp30
 70
     1
102
RTVSPost2010Prop31
280
     0
102
RTVSPost2010PropOp31
 70
     1
102
RTVSPost2010Prop32
280
     0
102
RTVSPost2010PropOp32
 70
     1
102
RTVSPost2010Prop33
280
     0
102
RTVSPost2010PropOp33
 70
     1
102
RTVSPost2010Prop34
280
     0
102
RTVSPost2010PropOp34
 70
     1
102
RTVSPost2010Prop35
280
     0
102
RTVSPost2010PropOp35
 70
     1
102
RTVSPost2010Prop36
280
     0
102
RTVSPost2010PropOp36
 70
     1
102
RTVSPost2010Prop37
 90
       50
102
RTVSPost2010PropOp37
 70
     1
102
RTVSPost2010Prop38
140
0.0
102
RTVSPost2010PropOp38
 70
     1
102
RTVSPost2010Prop39
140
1.0
102
RTVSPost2010PropOp39
 70
     1
102
RTVSPost2010Prop40
 90
        0
102
RTVSPost2010PropOp40
 70
     1
102
RTVSPost2010Prop41ColorIndex
 90
       18
102
RTVSPost2010Prop41ColorRGB
 90
        0
102
RTVSPost2010PropOp41
 70
     1
102
RTVSPost2010Prop42
 90
       50
102
RTVSPost2010PropOp42
 70
     1
102
RTVSPost2010Prop43
 90
        3
102
RTVSPost2010PropOp43
 70
     1
102
RTVSPost2010Prop44ColorIndex
 90
        5
102
RTVSPost2010Prop44ColorRGB
 90
      255
102
RTVSPost2010PropOp44
 70
     1
102
RTVSPost2010Prop45
280
     0
102
RTVSPost2010PropOp45
 70
     1
102
RTVSPost2010Prop46
 90
       50
102
RTVSPost2010PropOp46
 70
     1
102
RTVSPost2010Prop47
 90
       50
102
RTVSPost2010PropOp47
 70
     1
102
RTVSPost2010Prop48
 90
       50
102
RTVSPost2010PropOp48
 70
     1
102
RTVSPost2010Prop49
280
     0
102
RTVSPost2010PropOp49
 70
     1
102
RTVSPost2010Prop50
 90
       50
102
RTVSPost2010PropOp50
 70
     1
102
RTVSPost2010Prop51ColorIndex
 90
      256
102
RTVSPost2010Prop51ColorRGB
 90
-16777216
102
RTVSPost2010PropOp51
 70
     0
102
RTVSPost2010Prop52
140
1.0
102
RTVSPost2010PropOp52
 70
     0
102
RTVSPost2010Prop53
 90
        2
102
RTVSPost2010PropOp53
 70
     1
102
RTVSPost2010Prop54
  1
strokes_ogs.tif
102
RTVSPost2010PropOp54
 70
     1
102
RTVSPost2010Prop55
280
     0
102
RTVSPost2010PropOp55
 70
     1
102
RTVSPost2010Prop56
140
1.0
102
RTVSPost2010PropOp56
 70
     1
102
RTVSPost2010Prop57
140
1.0
102
RTVSPost2010PropOp57
 70
     1
102
RTVSPropertyOp0
 70
     1
102
RTVSPropertyOp1
 70
     1
102
RTVSPropertyOp2
 70
     1
102
RTVSPropertyOp3
 70
     1
102
RTVSPropertyOp4
 70
     1
102
RTVSPropertyOp5
 70
     1
102
RTVSPropertyOp6
 70
     1
102
RTVSPropertyOp7
 70
     1
102
RTVSPropertyOp8
 70
     1
102
RTVSPropertyOp9
 70
     1
102
RTVSPropertyOp10
 70
     1
102
RTVSPropertyOp11
 70
     1
102
RTVSPropertyOp12
 70
     1
102
RTVSPropertyOp13
 70
     1
102
RTVSPropertyOp14
 70
     1
102
RTVSPropertyOp15
 70
     1
102
RTVSPropertyOp16
 70
     1
102
RTVSPropertyOp17
 70
     1
102
RTVSPropertyOp18
 70
     1
102
RTVSPropertyOp19
 70
     1
102
RTVSPropertyOp20
 70
     1
102
RTVSPropertyOp21
 70
     1
102
RTVSPropertyOp22
 70
     1
102
RTVSPropertyOp23
 70
     1
102
RTVSPropertyOp24
 70
     1
102
RTVSPropertyOp25
 70
     1
102
RTVSPropertyOp26
 70
     1
102
RTVSPropertyOp27
 70
     1
102
RTVSPropertyOp28
 70
     1
102
RTVSPropertyOp29
 70
     1
102
RTVSPropertyOp30
 70
     1
102
RTVSPropertyOp31
 70
     1
102
RTVSPropertyOp32
 70
     1
102
RTVSPropertyOp33
 70
     1
102
RTVSPropertyOp34
 70
     1
102
RTVSPropertyOp35
 70
     1
102
RTVSPropertyOp36
 70
     1
102
RTVSPropertyOp37
 70
     1
102
RTVSPropertyOp38
 70
     1
102
RTVSPropertyOp39
 70
     1
102
RTVSPropertyOp40
 70
     1
102
RTVSPropertyOp41
 70
     1
102
RTVSPropertyOp42
 70
     1
102
RTVSPropertyOp43
 70
     1
102
RTVSPropertyOp44
 70
     1
102
RTVSPropertyOp45
 70
     1
102
RTVSPropertyOp46
 70
     1
102
RTVSPropertyOp47
 70
     1
102
RTVSPropertyOp48
 70
     1
102
RTVSPropertyOp49
 70
     1
102
RTVSPropertyOp50
 70
     1
102
RTVSPropertyOp51
 70
     0
102
RTVSPropertyOp52
 70
     0
102
RTVSPropertyOp53
 70
     1
102
RTVSPropertyOp54
 70
     1
102
RTVSPropertyOp55
 70
     1
102
RTVSPropertyOp56
 70
     1
102
RTVSPropertyOp57
 70
     1
102
RTVSPropertyOp58
 70
     1
102
RTVSPropertyOp59
 70
     1
102
RTVSPropertyOp60
 70
     1
102
RTVSPropertyOp61
 70
     1
102
RTVSPropertyOp62
 70
     1
  0
XRECORD
  5
2AF
102
{ACAD_REACTORS
330
2AE
102
}
330
2AE
100
AcDbXrecord
280
     1
102
RTVSPost2010Prop28
280
     0
102
RTVSPost2010PropOp28
 70
     1
102
RTVSPost2010Prop29
280
     1
102
RTVSPost2010PropOp29
 70
     1
102
RTVSPost2010Prop30
280
     1
102
RTVSPost2010PropOp30
 70
     1
102
RTVSPost2010Prop31
280
     0
102
RTVSPost2010PropOp31
 70
     1
102
RTVSPost2010Prop32
280
     0
102
RTVSPost2010PropOp32
 70
     1
102
RTVSPost2010Prop33
280
     0
102
RTVSPost2010PropOp33
 70
     1
102
RTVSPost2010Prop34
280
     0
102
RTVSPost2010PropOp34
 70
     1
102
RTVSPost2010Prop35
280
     0
102
RTVSPost2010PropOp35
 70
     1
102
RTVSPost2010Prop36
280
     0
102
RTVSPost2010PropOp36
 70
     1
102
RTVSPost2010Prop37
 90
       50
102
RTVSPost2010PropOp37
 70
     1
102
RTVSPost2010Prop38
140
0.0
102
RTVSPost2010PropOp38
 70
     1
102
RTVSPost2010Prop39
140
1.0
102
RTVSPost2010PropOp39
 70
     1
102
RTVSPost2010Prop40
 90
        0
102
RTVSPost2010PropOp40
 70
     1
102
RTVSPost2010Prop41ColorIndex
 90
       18
102
RTVSPost2010Prop41ColorRGB
 90
        0
102
RTVSPost2010PropOp41
 70
     1
102
RTVSPost2010Prop42
 90
       50
102
RTVSPost2010PropOp42
 70
     1
102
RTVSPost2010Prop43
 90
        3
102
RTVSPost2010PropOp43
 70
     1
102
RTVSPost2010Prop44ColorIndex
 90
        5
102
RTVSPost2010Prop44ColorRGB
 90
      255
102
RTVSPost2010PropOp44
 70
     1
102
RTVSPost2010Prop45
280
     0
102
RTVSPost2010PropOp45
 70
     1
102
RTVSPost2010Prop46
 90
       50
102
RTVSPost2010PropOp46
 70
     1
102
RTVSPost2010Prop47
 90
       50
102
RTVSPost2010PropOp47
 70
     1
102
RTVSPost2010Prop48
 90
       50
102
RTVSPost2010PropOp48
 70
     1
102
RTVSPost2010Prop49
280
     0
102
RTVSPost2010PropOp49
 70
     1
102
RTVSPost2010Prop50
 90
       50
102
RTVSPost2010PropOp50
 70
     1
102
RTVSPost2010Prop51ColorIndex
 90
      256
102
RTVSPost2010Prop51ColorRGB
 90
-16777216
102
RTVSPost2010PropOp51
 70
     0
102
RTVSPost2010Prop52
140
1.0
102
RTVSPost2010PropOp52
 70
     0
102
RTVSPost2010Prop53
 90
        2
102
RTVSPost2010PropOp53
 70
     1
102
RTVSPost2010Prop54
  1
strokes_ogs.tif
102
RTVSPost2010PropOp54
 70
     1
102
RTVSPost2010Prop55
280
     0
102
RTVSPost2010PropOp55
 70
     1
102
RTVSPost2010Prop56
140
1.0
102
RTVSPost2010PropOp56
 70
     1
102
RTVSPost2010Prop57
140
1.0
102
RTVSPost2010PropOp57
 70
     1
102
RTVSPropertyOp0
 70
     1
102
RTVSPropertyOp1
 70
     1
102
RTVSPropertyOp2
 70
     1
102
RTVSPropertyOp3
 70
     1
102
RTVSPropertyOp4
 70
     1
102
RTVSPropertyOp5
 70
     1
102
RTVSPropertyOp6
 70
     1
102
RTVSPropertyOp7
 70
     1
102
RTVSPropertyOp8
 70
     1
102
RTVSPropertyOp9
 70
     1
102
RTVSPropertyOp10
 70
     1
102
RTVSPropertyOp11
 70
     1
102
RTVSPropertyOp12
 70
     1
102
RTVSPropertyOp13
 70
     1
102
RTVSPropertyOp14
 70
     1
102
RTVSPropertyOp15
 70
     1
102
RTVSPropertyOp16
 70
     1
102
RTVSPropertyOp17
 70
     1
102
RTVSPropertyOp18
 70
     1
102
RTVSPropertyOp19
 70
     1
102
RTVSPropertyOp20
 70
     1
102
RTVSPropertyOp21
 70
     1
102
RTVSPropertyOp22
 70
     1
102
RTVSPropertyOp23
 70
     1
102
RTVSPropertyOp24
 70
     1
102
RTVSPropertyOp25
 70
     1
102
RTVSPropertyOp26
 70
     1
102
RTVSPropertyOp27
 70
     1
102
RTVSPropertyOp28
 70
     1
102
RTVSPropertyOp29
 70
     1
102
RTVSPropertyOp30
 70
     1
102
RTVSPropertyOp31
 70
     1
102
RTVSPropertyOp32
 70
     1
102
RTVSPropertyOp33
 70
     1
102
RTVSPropertyOp34
 70
     1
102
RTVSPropertyOp35
 70
     1
102
RTVSPropertyOp36
 70
     1
102
RTVSPropertyOp37
 70
     1
102
RTVSPropertyOp38
 70
     1
102
RTVSPropertyOp39
 70
     1
102
RTVSPropertyOp40
 70
     1
102
RTVSPropertyOp41
 70
     1
102
RTVSPropertyOp42
 70
     1
102
RTVSPropertyOp43
 70
     1
102
RTVSPropertyOp44
 70
     1
102
RTVSPropertyOp45
 70
     1
102
RTVSPropertyOp46
 70
     1
102
RTVSPropertyOp47
 70
     1
102
RTVSPropertyOp48
 70
     1
102
RTVSPropertyOp49
 70
     1
102
RTVSPropertyOp50
 70
     1
102
RTVSPropertyOp51
 70
     0
102
RTVSPropertyOp52
 70
     0
102
RTVSPropertyOp53
 70
     1
102
RTVSPropertyOp54
 70
     1
102
RTVSPropertyOp55
 70
     1
102
RTVSPropertyOp56
 70
     1
102
RTVSPropertyOp57
 70
     1
102
RTVSPropertyOp58
 70
     1
102
RTVSPropertyOp59
 70
     1
102
RTVSPropertyOp60
 70
     1
102
RTVSPropertyOp61
 70
     1
102
RTVSPropertyOp62
 70
     1
  0
XRECORD
  5
29F
102
{ACAD_REACTORS
330
29E
102
}
330
29E
100
AcDbXrecord
280
     1
102
RTVSPost2010Prop28
280
     0
102
RTVSPost2010PropOp28
 70
     1
102
RTVSPost2010Prop29
280
     1
102
RTVSPost2010PropOp29
 70
     1
102
RTVSPost2010Prop30
280
     1
102
RTVSPost2010PropOp30
 70
     1
102
RTVSPost2010Prop31
280
     0
102
RTVSPost2010PropOp31
 70
     1
102
RTVSPost2010Prop32
280
     0
102
RTVSPost2010PropOp32
 70
     1
102
RTVSPost2010Prop33
280
     0
102
RTVSPost2010PropOp33
 70
     1
102
RTVSPost2010Prop34
280
     0
102
RTVSPost2010PropOp34
 70
     1
102
RTVSPost2010Prop35
280
     0
102
RTVSPost2010PropOp35
 70
     1
102
RTVSPost2010Prop36
280
     0
102
RTVSPost2010PropOp36
 70
     1
102
RTVSPost2010Prop37
 90
       50
102
RTVSPost2010PropOp37
 70
     1
102
RTVSPost2010Prop38
140
0.0
102
RTVSPost2010PropOp38
 70
     1
102
RTVSPost2010Prop39
140
1.0
102
RTVSPost2010PropOp39
 70
     1
102
RTVSPost2010Prop40
 90
        0
102
RTVSPost2010PropOp40
 70
     1
102
RTVSPost2010Prop41ColorIndex
 90
       18
102
RTVSPost2010Prop41ColorRGB
 90
        0
102
RTVSPost2010PropOp41
 70
     1
102
RTVSPost2010Prop42
 90
       50
102
RTVSPost2010PropOp42
 70
     1
102
RTVSPost2010Prop43
 90
        3
102
RTVSPost2010PropOp43
 70
     1
102
RTVSPost2010Prop44ColorIndex
 90
        5
102
RTVSPost2010Prop44ColorRGB
 90
      255
102
RTVSPost2010PropOp44
 70
     1
102
RTVSPost2010Prop45
280
     0
102
RTVSPost2010PropOp45
 70
     1
102
RTVSPost2010Prop46
 90
       50
102
RTVSPost2010PropOp46
 70
     1
102
RTVSPost2010Prop47
 90
       50
102
RTVSPost2010PropOp47
 70
     1
102
RTVSPost2010Prop48
 90
       50
102
RTVSPost2010PropOp48
 70
     1
102
RTVSPost2010Prop49
280
     0
102
RTVSPost2010PropOp49
 70
     1
102
RTVSPost2010Prop50
 90
       50
102
RTVSPost2010PropOp50
 70
     1
102
RTVSPost2010Prop51ColorIndex
 90
      256
102
RTVSPost2010Prop51ColorRGB
 90
-16777216
102
RTVSPost2010PropOp51
 70
     0
102
RTVSPost2010Prop52
140
1.0
102
RTVSPost2010PropOp52
 70
     0
102
RTVSPost2010Prop53
 90
        2
102
RTVSPost2010PropOp53
 70
     1
102
RTVSPost2010Prop54
  1
strokes_ogs.tif
102
RTVSPost2010PropOp54
 70
     1
102
RTVSPost2010Prop55
280
     0
102
RTVSPost2010PropOp55
 70
     1
102
RTVSPost2010Prop56
140
1.0
102
RTVSPost2010PropOp56
 70
     1
102
RTVSPost2010Prop57
140
1.0
102
RTVSPost2010PropOp57
 70
     1
102
RTVSPropertyOp0
 70
     1
102
RTVSPropertyOp1
 70
     1
102
RTVSPropertyOp2
 70
     1
102
RTVSPropertyOp3
 70
     1
102
RTVSPropertyOp4
 70
     1
102
RTVSPropertyOp5
 70
     1
102
RTVSPropertyOp6
 70
     1
102
RTVSPropertyOp7
 70
     1
102
RTVSPropertyOp8
 70
     1
102
RTVSPropertyOp9
 70
     1
102
RTVSPropertyOp10
 70
     1
102
RTVSPropertyOp11
 70
     1
102
RTVSPropertyOp12
 70
     1
102
RTVSPropertyOp13
 70
     1
102
RTVSPropertyOp14
 70
     1
102
RTVSPropertyOp15
 70
     1
102
RTVSPropertyOp16
 70
     1
102
RTVSPropertyOp17
 70
     1
102
RTVSPropertyOp18
 70
     1
102
RTVSPropertyOp19
 70
     1
102
RTVSPropertyOp20
 70
     1
102
RTVSPropertyOp21
 70
     1
102
RTVSPropertyOp22
 70
     1
102
RTVSPropertyOp23
 70
     1
102
RTVSPropertyOp24
 70
     1
102
RTVSPropertyOp25
 70
     1
102
RTVSPropertyOp26
 70
     1
102
RTVSPropertyOp27
 70
     1
102
RTVSPropertyOp28
 70
     1
102
RTVSPropertyOp29
 70
     1
102
RTVSPropertyOp30
 70
     1
102
RTVSPropertyOp31
 70
     1
102
RTVSPropertyOp32
 70
     1
102
RTVSPropertyOp33
 70
     1
102
RTVSPropertyOp34
 70
     1
102
RTVSPropertyOp35
 70
     1
102
RTVSPropertyOp36
 70
     1
102
RTVSPropertyOp37
 70
     1
102
RTVSPropertyOp38
 70
     1
102
RTVSPropertyOp39
 70
     1
102
RTVSPropertyOp40
 70
     1
102
RTVSPropertyOp41
 70
     1
102
RTVSPropertyOp42
 70
     1
102
RTVSPropertyOp43
 70
     1
102
RTVSPropertyOp44
 70
     1
102
RTVSPropertyOp45
 70
     1
102
RTVSPropertyOp46
 70
     1
102
RTVSPropertyOp47
 70
     1
102
RTVSPropertyOp48
 70
     1
102
RTVSPropertyOp49
 70
     1
102
RTVSPropertyOp50
 70
     1
102
RTVSPropertyOp51
 70
     0
102
RTVSPropertyOp52
 70
     0
102
RTVSPropertyOp53
 70
     1
102
RTVSPropertyOp54
 70
     1
102
RTVSPropertyOp55
 70
     1
102
RTVSPropertyOp56
 70
     1
102
RTVSPropertyOp57
 70
     1
102
RTVSPropertyOp58
 70
     1
102
RTVSPropertyOp59
 70
     1
102
RTVSPropertyOp60
 70
     1
102
RTVSPropertyOp61
 70
     1
102
RTVSPropertyOp62
 70
     1
  0
XRECORD
  5
293
102
{ACAD_REACTORS
330
292
102
}
330
292
100
AcDbXrecord
280
     1
102
RTVSPost2010Prop28
280
     0
102
RTVSPost2010PropOp28
 70
     1
102
RTVSPost2010Prop29
280
     1
102
RTVSPost2010PropOp29
 70
     1
102
RTVSPost2010Prop30
280
     1
102
RTVSPost2010PropOp30
 70
     1
102
RTVSPost2010Prop31
280
     0
102
RTVSPost2010PropOp31
 70
     1
102
RTVSPost2010Prop32
280
     0
102
RTVSPost2010PropOp32
 70
     1
102
RTVSPost2010Prop33
280
     0
102
RTVSPost2010PropOp33
 70
     1
102
RTVSPost2010Prop34
280
     0
102
RTVSPost2010PropOp34
 70
     1
102
RTVSPost2010Prop35
280
     0
102
RTVSPost2010PropOp35
 70
     1
102
RTVSPost2010Prop36
280
     0
102
RTVSPost2010PropOp36
 70
     1
102
RTVSPost2010Prop37
 90
       50
102
RTVSPost2010PropOp37
 70
     1
102
RTVSPost2010Prop38
140
0.0
102
RTVSPost2010PropOp38
 70
     1
102
RTVSPost2010Prop39
140
1.0
102
RTVSPost2010PropOp39
 70
     1
102
RTVSPost2010Prop40
 90
        0
102
RTVSPost2010PropOp40
 70
     1
102
RTVSPost2010Prop41ColorIndex
 90
       18
102
RTVSPost2010Prop41ColorRGB
 90
        0
102
RTVSPost2010PropOp41
 70
     1
102
RTVSPost2010Prop42
 90
       50
102
RTVSPost2010PropOp42
 70
     1
102
RTVSPost2010Prop43
 90
        3
102
RTVSPost2010PropOp43
 70
     1
102
RTVSPost2010Prop44ColorIndex
 90
        5
102
RTVSPost2010Prop44ColorRGB
 90
      255
102
RTVSPost2010PropOp44
 70
     1
102
RTVSPost2010Prop45
280
     0
102
RTVSPost2010PropOp45
 70
     1
102
RTVSPost2010Prop46
 90
       50
102
RTVSPost2010PropOp46
 70
     1
102
RTVSPost2010Prop47
 90
       50
102
RTVSPost2010PropOp47
 70
     1
102
RTVSPost2010Prop48
 90
       50
102
RTVSPost2010PropOp48
 70
     1
102
RTVSPost2010Prop49
280
     0
102
RTVSPost2010PropOp49
 70
     1
102
RTVSPost2010Prop50
 90
       50
102
RTVSPost2010PropOp50
 70
     1
102
RTVSPost2010Prop51ColorIndex
 90
      256
102
RTVSPost2010Prop51ColorRGB
 90
-16777216
102
RTVSPost2010PropOp51
 70
     0
102
RTVSPost2010Prop52
140
1.0
102
RTVSPost2010PropOp52
 70
     0
102
RTVSPost2010Prop53
 90
        2
102
RTVSPost2010PropOp53
 70
     1
102
RTVSPost2010Prop54
  1
strokes_ogs.tif
102
RTVSPost2010PropOp54
 70
     1
102
RTVSPost2010Prop55
280
     0
102
RTVSPost2010PropOp55
 70
     1
102
RTVSPost2010Prop56
140
1.0
102
RTVSPost2010PropOp56
 70
     1
102
RTVSPost2010Prop57
140
1.0
102
RTVSPost2010PropOp57
 70
     1
102
RTVSPropertyOp0
 70
     1
102
RTVSPropertyOp1
 70
     1
102
RTVSPropertyOp2
 70
     1
102
RTVSPropertyOp3
 70
     1
102
RTVSPropertyOp4
 70
     1
102
RTVSPropertyOp5
 70
     1
102
RTVSPropertyOp6
 70
     1
102
RTVSPropertyOp7
 70
     1
102
RTVSPropertyOp8
 70
     1
102
RTVSPropertyOp9
 70
     1
102
RTVSPropertyOp10
 70
     1
102
RTVSPropertyOp11
 70
     1
102
RTVSPropertyOp12
 70
     1
102
RTVSPropertyOp13
 70
     1
102
RTVSPropertyOp14
 70
     1
102
RTVSPropertyOp15
 70
     1
102
RTVSPropertyOp16
 70
     1
102
RTVSPropertyOp17
 70
     1
102
RTVSPropertyOp18
 70
     1
102
RTVSPropertyOp19
 70
     1
102
RTVSPropertyOp20
 70
     1
102
RTVSPropertyOp21
 70
     1
102
RTVSPropertyOp22
 70
     1
102
RTVSPropertyOp23
 70
     1
102
RTVSPropertyOp24
 70
     1
102
RTVSPropertyOp25
 70
     1
102
RTVSPropertyOp26
 70
     1
102
RTVSPropertyOp27
 70
     1
102
RTVSPropertyOp28
 70
     1
102
RTVSPropertyOp29
 70
     1
102
RTVSPropertyOp30
 70
     1
102
RTVSPropertyOp31
 70
     1
102
RTVSPropertyOp32
 70
     1
102
RTVSPropertyOp33
 70
     1
102
RTVSPropertyOp34
 70
     1
102
RTVSPropertyOp35
 70
     1
102
RTVSPropertyOp36
 70
     1
102
RTVSPropertyOp37
 70
     1
102
RTVSPropertyOp38
 70
     1
102
RTVSPropertyOp39
 70
     1
102
RTVSPropertyOp40
 70
     1
102
RTVSPropertyOp41
 70
     1
102
RTVSPropertyOp42
 70
     1
102
RTVSPropertyOp43
 70
     1
102
RTVSPropertyOp44
 70
     1
102
RTVSPropertyOp45
 70
     1
102
RTVSPropertyOp46
 70
     1
102
RTVSPropertyOp47
 70
     1
102
RTVSPropertyOp48
 70
     1
102
RTVSPropertyOp49
 70
     1
102
RTVSPropertyOp50
 70
     1
102
RTVSPropertyOp51
 70
     0
102
RTVSPropertyOp52
 70
     0
102
RTVSPropertyOp53
 70
     1
102
RTVSPropertyOp54
 70
     1
102
RTVSPropertyOp55
 70
     1
102
RTVSPropertyOp56
 70
     1
102
RTVSPropertyOp57
 70
     1
102
RTVSPropertyOp58
 70
     1
102
RTVSPropertyOp59
 70
     1
102
RTVSPropertyOp60
 70
     1
102
RTVSPropertyOp61
 70
     1
102
RTVSPropertyOp62
 70
     1
  0
XRECORD
  5
2B1
102
{ACAD_REACTORS
330
2B0
102
}
330
2B0
100
AcDbXrecord
280
     1
102
RTVSPost2010Prop28
280
     0
102
RTVSPost2010PropOp28
 70
     1
102
RTVSPost2010Prop29
280
     1
102
RTVSPost2010PropOp29
 70
     1
102
RTVSPost2010Prop30
280
     1
102
RTVSPost2010PropOp30
 70
     1
102
RTVSPost2010Prop31
280
     0
102
RTVSPost2010PropOp31
 70
     1
102
RTVSPost2010Prop32
280
     0
102
RTVSPost2010PropOp32
 70
     1
102
RTVSPost2010Prop33
280
     0
102
RTVSPost2010PropOp33
 70
     1
102
RTVSPost2010Prop34
280
     0
102
RTVSPost2010PropOp34
 70
     1
102
RTVSPost2010Prop35
280
     0
102
RTVSPost2010PropOp35
 70
     1
102
RTVSPost2010Prop36
280
     0
102
RTVSPost2010PropOp36
 70
     1
102
RTVSPost2010Prop37
 90
       50
102
RTVSPost2010PropOp37
 70
     1
102
RTVSPost2010Prop38
140
0.0
102
RTVSPost2010PropOp38
 70
     1
102
RTVSPost2010Prop39
140
1.0
102
RTVSPost2010PropOp39
 70
     1
102
RTVSPost2010Prop40
 90
        0
102
RTVSPost2010PropOp40
 70
     1
102
RTVSPost2010Prop41ColorIndex
 90
       18
102
RTVSPost2010Prop41ColorRGB
 90
        0
102
RTVSPost2010PropOp41
 70
     1
102
RTVSPost2010Prop42
 90
       50
102
RTVSPost2010PropOp42
 70
     1
102
RTVSPost2010Prop43
 90
        3
102
RTVSPost2010PropOp43
 70
     1
102
RTVSPost2010Prop44ColorIndex
 90
        5
102
RTVSPost2010Prop44ColorRGB
 90
      255
102
RTVSPost2010PropOp44
 70
     1
102
RTVSPost2010Prop45
280
     0
102
RTVSPost2010PropOp45
 70
     1
102
RTVSPost2010Prop46
 90
       50
102
RTVSPost2010PropOp46
 70
     1
102
RTVSPost2010Prop47
 90
       50
102
RTVSPost2010PropOp47
 70
     1
102
RTVSPost2010Prop48
 90
       50
102
RTVSPost2010PropOp48
 70
     1
102
RTVSPost2010Prop49
280
     0
102
RTVSPost2010PropOp49
 70
     1
102
RTVSPost2010Prop50
 90
       50
102
RTVSPost2010PropOp50
 70
     1
102
RTVSPost2010Prop51ColorIndex
 90
      256
102
RTVSPost2010Prop51ColorRGB
 90
-16777216
102
RTVSPost2010PropOp51
 70
     0
102
RTVSPost2010Prop52
140
1.0
102
RTVSPost2010PropOp52
 70
     0
102
RTVSPost2010Prop53
 90
        2
102
RTVSPost2010PropOp53
 70
     1
102
RTVSPost2010Prop54
  1
strokes_ogs.tif
102
RTVSPost2010PropOp54
 70
     1
102
RTVSPost2010Prop55
280
     0
102
RTVSPost2010PropOp55
 70
     1
102
RTVSPost2010Prop56
140
1.0
102
RTVSPost2010PropOp56
 70
     1
102
RTVSPost2010Prop57
140
1.0
102
RTVSPost2010PropOp57
 70
     1
102
RTVSPropertyOp0
 70
     1
102
RTVSPropertyOp1
 70
     1
102
RTVSPropertyOp2
 70
     1
102
RTVSPropertyOp3
 70
     1
102
RTVSPropertyOp4
 70
     1
102
RTVSPropertyOp5
 70
     1
102
RTVSPropertyOp6
 70
     1
102
RTVSPropertyOp7
 70
     1
102
RTVSPropertyOp8
 70
     1
102
RTVSPropertyOp9
 70
     1
102
RTVSPropertyOp10
 70
     1
102
RTVSPropertyOp11
 70
     1
102
RTVSPropertyOp12
 70
     1
102
RTVSPropertyOp13
 70
     1
102
RTVSPropertyOp14
 70
     1
102
RTVSPropertyOp15
 70
     1
102
RTVSPropertyOp16
 70
     1
102
RTVSPropertyOp17
 70
     1
102
RTVSPropertyOp18
 70
     1
102
RTVSPropertyOp19
 70
     1
102
RTVSPropertyOp20
 70
     1
102
RTVSPropertyOp21
 70
     1
102
RTVSPropertyOp22
 70
     1
102
RTVSPropertyOp23
 70
     1
102
RTVSPropertyOp24
 70
     1
102
RTVSPropertyOp25
 70
     1
102
RTVSPropertyOp26
 70
     1
102
RTVSPropertyOp27
 70
     1
102
RTVSPropertyOp28
 70
     1
102
RTVSPropertyOp29
 70
     1
102
RTVSPropertyOp30
 70
     1
102
RTVSPropertyOp31
 70
     1
102
RTVSPropertyOp32
 70
     1
102
RTVSPropertyOp33
 70
     1
102
RTVSPropertyOp34
 70
     1
102
RTVSPropertyOp35
 70
     1
102
RTVSPropertyOp36
 70
     1
102
RTVSPropertyOp37
 70
     1
102
RTVSPropertyOp38
 70
     1
102
RTVSPropertyOp39
 70
     1
102
RTVSPropertyOp40
 70
     1
102
RTVSPropertyOp41
 70
     1
102
RTVSPropertyOp42
 70
     1
102
RTVSPropertyOp43
 70
     1
102
RTVSPropertyOp44
 70
     1
102
RTVSPropertyOp45
 70
     1
102
RTVSPropertyOp46
 70
     1
102
RTVSPropertyOp47
 70
     1
102
RTVSPropertyOp48
 70
     1
102
RTVSPropertyOp49
 70
     1
102
RTVSPropertyOp50
 70
     1
102
RTVSPropertyOp51
 70
     0
102
RTVSPropertyOp52
 70
     0
102
RTVSPropertyOp53
 70
     1
102
RTVSPropertyOp54
 70
     1
102
RTVSPropertyOp55
 70
     1
102
RTVSPropertyOp56
 70
     1
102
RTVSPropertyOp57
 70
     1
102
RTVSPropertyOp58
 70
     1
102
RTVSPropertyOp59
 70
     1
102
RTVSPropertyOp60
 70
     1
102
RTVSPropertyOp61
 70
     1
102
RTVSPropertyOp62
 70
     1
  0
ENDSEC
  0
EOF